datetime,open,high,low,close,volume
2026-02-02T07:00:00+00:00,61.652,62.239,61.639,62.003,2843
2026-02-02T07:30:00+00:00,62.003,62.017,61.687,61.893,2625
2026-02-02T08:00:00+00:00,61.893,62.188,61.677,62.157000000000004,4573
2026-02-02T08:30:00+00:00,62.157000000000004,62.353,61.637,61.647,4052
2026-02-02T09:00:00+00:00,61.647,61.814,61.383,61.764,4019
2026-02-02T09:30:00+00:00,61.764,62.117,61.703,62.083,3425
2026-02-02T10:00:00+00:00,62.083,62.258,61.933,62.043,3419
2026-02-02T10:30:00+00:00,62.043,62.148,61.737,61.888,2191
2026-02-02T11:00:00+00:00,61.888,61.969,61.698,61.844,1766
2026-02-02T11:30:00+00:00,61.844,62.004,61.597,61.847,1801
2026-02-02T12:00:00+00:00,61.847,62.229,61.843,62.139,2070
2026-02-02T12:30:00+00:00,62.139,62.277,61.967,62.114,2306
2026-02-02T13:00:00+00:00,62.114,62.114,61.557,61.778,5400
2026-02-02T13:30:00+00:00,61.778,62.107,61.708,62.087,3799
2026-02-02T14:00:00+00:00,62.087,62.542,62.027,62.404,5107
2026-02-02T14:30:00+00:00,62.404,62.414,61.967,62.048,6000
2026-02-02T15:00:00+00:00,62.048,62.549,61.927,61.998,7491
2026-02-02T15:30:00+00:00,61.998,62.373,61.773,61.933,5534
2026-02-02T16:00:00+00:00,61.933,62.149,61.738,62.042,5525
2026-02-02T16:30:00+00:00,62.042,62.189,61.738,61.949,4399
2026-02-02T17:00:00+00:00,61.949,61.958,61.642,61.769,2822
2026-02-02T17:30:00+00:00,61.769,61.938,61.697,61.747,2158
2026-02-02T18:00:00+00:00,61.747,62.067,61.718,61.874,1885
2026-02-02T18:30:00+00:00,61.874,61.929,61.527,61.719,2065
2026-02-02T19:00:00+00:00,61.719,62.199,61.557,62.169,3057
2026-02-02T19:30:00+00:00,62.169,62.179,61.897,62.033,1396
2026-02-02T20:00:00+00:00,62.033,62.193,62.017,62.149,953
2026-02-02T20:30:00+00:00,62.149,62.274,62.132,62.239,649
2026-02-02T21:00:00+00:00,62.239,62.294,62.158,62.229,447
2026-02-02T21:30:00+00:00,62.229,62.353,62.162,62.318,507
2026-02-02T23:00:00+00:00,62.318,62.318,61.989,61.998,301
2026-02-02T23:30:00+00:00,61.998,62.064,61.779,61.919,343
2026-02-03T00:00:00+00:00,61.919,62.022,61.867,61.954,202
2026-02-03T00:30:00+00:00,61.954,62.014,61.927,61.973,180
2026-02-03T01:00:00+00:00,61.973,62.439,61.973,62.389,1943
2026-02-03T01:30:00+00:00,62.389,62.449,62.237,62.329,1039
2026-02-03T02:00:00+00:00,62.329,62.363,61.687,61.709,1232
2026-02-03T02:30:00+00:00,61.709,61.769,61.547,61.729,2207
2026-02-03T03:00:00+00:00,61.729,61.829,61.589,61.788,953
2026-02-03T03:30:00+00:00,61.788,61.979,61.788,61.919,543
2026-02-03T04:00:00+00:00,61.919,62.007,61.849,61.857,315
2026-02-03T04:30:00+00:00,61.857,61.978,61.808,61.899,405
2026-02-03T05:00:00+00:00,61.899,61.959,61.787,61.874,361
2026-02-03T05:30:00+00:00,61.874,61.944,61.788,61.857,993
2026-02-03T06:00:00+00:00,61.857,61.909,61.737,61.873,795
2026-02-03T06:30:00+00:00,61.873,61.909,61.737,61.814,1000
2026-02-03T07:00:00+00:00,61.814,61.958,61.703,61.834,1191
2026-02-03T07:30:00+00:00,61.834,62.039,61.827,61.897,1694
2026-02-03T08:00:00+00:00,61.897,62.079,61.832,62.008,2539
2026-02-03T08:30:00+00:00,62.008,62.143,61.334,61.609,3244
2026-02-03T09:00:00+00:00,61.609,61.624,61.097,61.267,3426
2026-02-03T09:30:00+00:00,61.267,61.858,61.252,61.719,2365
2026-02-03T10:00:00+00:00,61.719,62.244,61.717,62.217,2140
2026-02-03T10:30:00+00:00,62.217,62.329,62.142,62.208,1661
2026-02-03T11:00:00+00:00,62.208,62.239,62.078,62.209,1599
2026-02-03T11:30:00+00:00,62.209,62.387,62.107,62.323,1846
2026-02-03T12:00:00+00:00,62.323,62.509,62.188,62.357,1703
2026-02-03T12:30:00+00:00,62.357,62.569,62.308,62.539,1427
2026-02-03T13:00:00+00:00,62.539,62.579,62.339,62.523,2635
2026-02-03T13:30:00+00:00,62.523,62.699,62.432,62.583,1928
2026-02-03T14:00:00+00:00,62.583,62.848,62.368,62.703,4031
2026-02-03T14:30:00+00:00,62.703,63.104,62.537,62.719,4838
2026-02-03T15:00:00+00:00,62.719,62.843,62.524,62.753,4318
2026-02-03T15:30:00+00:00,62.753,62.948,62.717,62.723,3561
2026-02-03T16:00:00+00:00,62.723,62.979,62.604,62.873,4069
2026-02-03T16:30:00+00:00,62.873,62.988,62.507,62.654,4386
2026-02-03T17:00:00+00:00,62.654,63.728,62.507,63.107,13803
2026-02-03T17:30:00+00:00,63.107,63.383,62.882,63.128,4370
2026-02-03T18:00:00+00:00,63.128,63.189,62.589,62.869,5192
2026-02-03T18:30:00+00:00,62.869,63.339,62.847,63.069,2429
2026-02-03T19:00:00+00:00,63.069,63.323,62.678,63.134,4430
2026-02-03T19:30:00+00:00,63.134,63.548,63.087,63.458,2150
2026-02-03T20:00:00+00:00,63.458,63.904,63.443,63.818,1653
2026-02-03T20:30:00+00:00,63.818,64.18900000000001,63.793,64.063,1867
2026-02-03T21:00:00+00:00,64.063,64.129,63.907000000000004,63.913,822
2026-02-03T21:30:00+00:00,63.913,64.072,63.553,63.888,2278
2026-02-03T23:00:00+00:00,63.888,63.888,63.697,63.758,295
2026-02-03T23:30:00+00:00,63.758,63.769,63.612,63.733,272
2026-02-04T00:00:00+00:00,63.733,63.878,63.708,63.818,274
2026-02-04T00:30:00+00:00,63.818,63.879,63.742,63.742,215
2026-02-04T01:00:00+00:00,63.742,64.128,63.447,64.092,2561
2026-02-04T01:30:00+00:00,64.092,64.144,63.957,64.028,1377
2026-02-04T02:00:00+00:00,64.028,64.114,63.932,63.987,1024
2026-02-04T02:30:00+00:00,63.987,64.019,63.524,63.642,2105
2026-02-04T03:00:00+00:00,63.642,63.779,63.557,63.703,1468
2026-02-04T03:30:00+00:00,63.703,63.869,63.683,63.824,509
2026-02-04T04:00:00+00:00,63.824,63.839,63.753,63.797,311
2026-02-04T04:30:00+00:00,63.797,63.888,63.787,63.824,259
2026-02-04T05:00:00+00:00,63.824,63.839,63.743,63.797,321
2026-02-04T05:30:00+00:00,63.797,63.839,63.722,63.739,890
2026-02-04T06:00:00+00:00,63.739,63.802,63.647,63.668,758
2026-02-04T06:30:00+00:00,63.668,63.814,63.617,63.717,792
2026-02-04T07:00:00+00:00,63.717,63.789,63.249,63.427,1335
2026-02-04T07:30:00+00:00,63.427,63.509,63.287,63.337,1332
2026-02-04T08:00:00+00:00,63.337,63.674,63.308,63.519,2152
2026-02-04T08:30:00+00:00,63.519,63.528,62.937,63.149,2127
2026-02-04T09:00:00+00:00,63.149,63.274,63.068,63.187,1843
2026-02-04T09:30:00+00:00,63.187,63.769,63.187,63.722,2158
2026-02-04T10:00:00+00:00,63.722,63.749,63.537,63.669,1487
2026-02-04T10:30:00+00:00,63.669,63.778,63.422,63.517,1415
2026-02-04T11:00:00+00:00,63.517,63.517,63.248,63.344,1367
2026-02-04T11:30:00+00:00,63.344,63.509,63.252,63.282000000000004,1238
2026-02-04T12:00:00+00:00,63.282000000000004,63.518,63.208,63.323,1420
2026-02-04T12:30:00+00:00,63.323,63.593,63.262,63.389,1206
2026-02-04T13:00:00+00:00,63.389,63.477,63.212,63.332,2182
2026-02-04T13:30:00+00:00,63.332,63.342,62.849,62.879,2721
2026-02-04T14:00:00+00:00,62.879,63.279,62.848,63.259,3475
2026-02-04T14:30:00+00:00,63.259,63.484,63.177,63.257,5144
2026-02-04T15:00:00+00:00,63.257,63.613,63.114,63.444,4302
2026-02-04T15:30:00+00:00,63.444,63.552,63.013,63.288,6577
2026-02-04T16:00:00+00:00,63.288,63.349,62.959,63.127,4796
2026-02-04T16:30:00+00:00,63.127,63.554,63.127,63.523,3361
2026-02-04T17:00:00+00:00,63.523,64.719,63.469,64.678,7886
2026-02-04T17:30:00+00:00,64.678,65.509,64.263,65.113,16022
2026-02-04T18:00:00+00:00,65.113,65.278,64.828,65.252,4716
2026-02-04T18:30:00+00:00,65.252,65.374,64.622,65.038,6643
2026-02-04T19:00:00+00:00,65.038,65.447,64.922,65.119,6899
2026-02-04T19:30:00+00:00,65.119,65.223,63.632,64.212,9856
2026-02-04T20:00:00+00:00,64.212,64.479,64.148,64.322,2066
2026-02-04T20:30:00+00:00,64.322,64.608,64.257,64.299,1368
2026-02-04T21:00:00+00:00,64.299,64.428,64.252,64.353,807
2026-02-04T21:30:00+00:00,64.353,64.529,64.347,64.452,671
2026-02-04T23:00:00+00:00,64.452,64.452,63.987,64.379,616
2026-02-04T23:30:00+00:00,64.379,64.448,64.343,64.402,226
2026-02-05T00:00:00+00:00,64.402,64.607,64.327,64.474,316
2026-02-05T00:30:00+00:00,64.474,64.539,64.354,64.364,274
2026-02-05T01:00:00+00:00,64.364,64.497,64.087,64.289,3001
2026-02-05T01:30:00+00:00,64.289,64.354,64.063,64.074,1367
2026-02-05T02:00:00+00:00,64.074,64.107,63.628,63.957,2575
2026-02-05T02:30:00+00:00,63.957,64.029,63.577,63.673,3395
2026-02-05T03:00:00+00:00,63.673,63.979,63.469,63.827,2823
2026-02-05T03:30:00+00:00,63.827,63.867,63.687,63.819,1087
2026-02-05T04:00:00+00:00,63.819,63.878,63.657000000000004,63.749,780
2026-02-05T04:30:00+00:00,63.749,63.797,63.717,63.763,326
2026-02-05T05:00:00+00:00,63.763,63.777,63.577,63.738,620
2026-02-05T05:30:00+00:00,63.738,63.864,63.617,63.694,1523
2026-02-05T06:00:00+00:00,63.694,63.803,63.672,63.803,947
2026-02-05T06:30:00+00:00,63.803,63.947,63.738,63.842,1200
2026-02-05T07:00:00+00:00,63.842,64.033,63.787,63.984,1212
2026-02-05T07:30:00+00:00,63.984,64.103,63.802,64.008,1305
2026-02-05T08:00:00+00:00,64.008,64.132,63.948,63.977,2369
2026-02-05T08:30:00+00:00,63.977,64.228,63.934,64.108,2060
2026-02-05T09:00:00+00:00,64.108,64.384,63.942,64.379,2331
2026-02-05T09:30:00+00:00,64.379,64.398,64.097,64.172,2161
2026-02-05T10:00:00+00:00,64.172,64.31400000000001,64.097,64.219,1904
2026-02-05T10:30:00+00:00,64.219,64.403,64.097,64.127,1584
2026-02-05T11:00:00+00:00,64.127,64.538,64.047,64.449,1826
2026-02-05T11:30:00+00:00,64.449,64.539,64.127,64.537,1788
2026-02-05T12:00:00+00:00,64.537,64.659,64.012,64.117,2181
2026-02-05T12:30:00+00:00,64.117,64.118,63.567,63.798,3273
2026-02-05T13:00:00+00:00,63.798,63.989,63.423,63.697,4271
2026-02-05T13:30:00+00:00,63.697,63.798,63.218,63.332,3595
2026-02-05T14:00:00+00:00,63.332,63.568,63.007,63.487,6410
2026-02-05T14:30:00+00:00,63.487,63.664,63.219,63.537,7336
2026-02-05T15:00:00+00:00,63.537,63.577,62.917,62.988,5626
2026-02-05T15:30:00+00:00,62.988,63.059,62.639,63.008,6692
2026-02-05T16:00:00+00:00,63.008,63.258,62.737,63.157000000000004,5278
2026-02-05T16:30:00+00:00,63.157000000000004,63.579,63.132,63.562,5021
2026-02-05T17:00:00+00:00,63.562,63.659,63.358,63.567,2802
2026-02-05T17:30:00+00:00,63.567,63.854,63.508,63.577,2618
2026-02-05T18:00:00+00:00,63.577,63.679,63.328,63.378,1989
2026-02-05T18:30:00+00:00,63.378,63.489,63.287,63.363,1514
2026-02-05T19:00:00+00:00,63.363,63.464,63.202,63.249,2487
2026-02-05T19:30:00+00:00,63.249,63.269,62.909,63.167,1998
2026-02-05T20:00:00+00:00,63.167,63.439,63.139,63.347,1045
2026-02-05T20:30:00+00:00,63.347,63.419,63.147,63.264,934
2026-02-05T21:00:00+00:00,63.264,63.299,63.022,63.063,582
2026-02-05T21:30:00+00:00,63.063,63.224,62.997,63.107,525
2026-02-05T23:00:00+00:00,63.107,63.107,62.947,63.012,273
2026-02-05T23:30:00+00:00,63.012,63.049,62.683,62.802,339
2026-02-06T00:00:00+00:00,62.802,62.829,62.303,62.614,761
2026-02-06T00:30:00+00:00,62.614,62.978,62.614,62.893,459
2026-02-06T01:00:00+00:00,62.893,62.984,62.592,62.638,2433
2026-02-06T01:30:00+00:00,62.638,63.102,62.602,63.027,1609
2026-02-06T02:00:00+00:00,63.027,63.404,62.987,63.383,1775
2026-02-06T02:30:00+00:00,63.383,63.839,63.307,63.337,3187
2026-02-06T03:00:00+00:00,63.337,63.527,63.302,63.498,1469
2026-02-06T03:30:00+00:00,63.498,63.604,63.404,63.594,554
2026-02-06T04:00:00+00:00,63.594,63.709,63.583,63.703,470
2026-02-06T04:30:00+00:00,63.703,63.703,63.569,63.628,365
2026-02-06T05:00:00+00:00,63.628,63.789,63.587,63.758,533
2026-02-06T05:30:00+00:00,63.758,64.248,63.698,64.069,3118
2026-02-06T06:00:00+00:00,64.069,64.338,63.978,64.104,1961
2026-02-06T06:30:00+00:00,64.104,64.139,63.957,64.059,1425
2026-02-06T07:00:00+00:00,64.059,64.224,64.022,64.134,1258
2026-02-06T07:30:00+00:00,64.134,64.258,64.007,64.167,1618
2026-02-06T08:00:00+00:00,64.167,64.174,63.927,63.962,2865
2026-02-06T08:30:00+00:00,63.962,64.179,63.632,64.069,4000
2026-02-06T09:00:00+00:00,64.069,64.573,63.938,64.418,5435
2026-02-06T09:30:00+00:00,64.418,64.524,63.908,64.172,4351
2026-02-06T10:00:00+00:00,64.172,64.178,63.599,63.687,2719
2026-02-06T10:30:00+00:00,63.687,63.759,63.248,63.377,2344
2026-02-06T11:00:00+00:00,63.377,63.479,63.159,63.218,2421
2026-02-06T11:30:00+00:00,63.218,63.624,62.797,63.209,4296
2026-02-06T12:00:00+00:00,63.209,63.209,62.642,62.994,3112
2026-02-06T12:30:00+00:00,62.994,63.167,62.974,62.998,2155
2026-02-06T13:00:00+00:00,62.998,63.253,62.828,63.097,3245
2026-02-06T13:30:00+00:00,63.097,63.609,62.187,62.362,9742
2026-02-06T14:00:00+00:00,62.362,62.932,62.242,62.897,6200
2026-02-06T14:30:00+00:00,62.897,63.629,62.837,63.517,6129
2026-02-06T15:00:00+00:00,63.517,63.917,63.507,63.878,5520
2026-02-06T15:30:00+00:00,63.878,64.157,63.448,64.008,6055
2026-02-06T16:00:00+00:00,64.008,64.167,63.787,64.109,3201
2026-02-06T16:30:00+00:00,64.109,64.227,63.947,64.137,3164
2026-02-06T17:00:00+00:00,64.137,64.359,64.077,64.294,2040
2026-02-06T17:30:00+00:00,64.294,64.368,64.132,64.268,1792
2026-02-06T18:00:00+00:00,64.268,64.353,63.819,64.148,2734
2026-02-06T18:30:00+00:00,64.148,64.173,63.922,63.964,2033
2026-02-06T19:00:00+00:00,63.964,63.968,63.437,63.558,3146
2026-02-06T19:30:00+00:00,63.558,63.558,63.368,63.388,1356
2026-02-06T20:00:00+00:00,63.388,63.437,63.254,63.388,989
2026-02-06T20:30:00+00:00,63.388,63.479,63.247,63.458,895
2026-02-06T21:00:00+00:00,63.458,63.539,63.322,63.474,892
2026-02-06T21:30:00+00:00,63.474,63.519,63.407000000000004,63.519,153
2026-02-08T23:00:00+00:00,63.519,63.519,62.608,62.974,1478
2026-02-08T23:30:00+00:00,62.974,63.122,62.937,62.937,516
2026-02-09T00:00:00+00:00,62.937,63.009,62.857,62.968,416
2026-02-09T00:30:00+00:00,62.968,63.159,62.932,63.098,440
2026-02-09T01:00:00+00:00,63.098,63.242,63.032000000000004,63.163,1276
2026-02-09T01:30:00+00:00,63.163,63.264,63.072,63.203,750
2026-02-09T02:00:00+00:00,63.203,63.279,63.018,63.062,626
2026-02-09T02:30:00+00:00,63.062,63.083,62.828,62.942,927
2026-02-09T03:00:00+00:00,62.942,63.049,62.928,62.967,608
2026-02-09T03:30:00+00:00,62.967,63.029,62.878,62.973,500
2026-02-09T04:00:00+00:00,62.973,63.004,62.907000000000004,62.918,265
2026-02-09T04:30:00+00:00,62.918,62.963,62.862,62.927,305
2026-02-09T05:00:00+00:00,62.927,62.959,62.897,62.927,267
2026-02-09T05:30:00+00:00,62.927,62.989,62.748,62.867,770
2026-02-09T06:00:00+00:00,62.867,62.923,62.788,62.877,857
2026-02-09T06:30:00+00:00,62.877,62.958,62.822,62.859,806
2026-02-09T07:00:00+00:00,62.859,62.869,62.742,62.798,937
2026-02-09T07:30:00+00:00,62.798,62.823,62.662,62.714,860
2026-02-09T08:00:00+00:00,62.714,63.108,62.714,62.993,2435
2026-02-09T08:30:00+00:00,62.993,63.093,62.808,62.883,1591
2026-02-09T09:00:00+00:00,62.883,63.199,62.852,63.107,1636
2026-02-09T09:30:00+00:00,63.107,63.112,62.737,62.884,1595
2026-02-09T10:00:00+00:00,62.884,63.649,62.839,63.639,2189
2026-02-09T10:30:00+00:00,63.639,63.869,63.457,63.847,2069
2026-02-09T11:00:00+00:00,63.847,63.847,63.677,63.824,1450
2026-02-09T11:30:00+00:00,63.824,63.859,63.487,63.812,1731
2026-02-09T12:00:00+00:00,63.812,63.903,63.689,63.689,1418
2026-02-09T12:30:00+00:00,63.689,63.773,63.662,63.718,1369
2026-02-09T13:00:00+00:00,63.718,63.734,63.447,63.497,2944
2026-02-09T13:30:00+00:00,63.497,63.509,63.178,63.213,2038
2026-02-09T14:00:00+00:00,63.213,63.408,63.047,63.354,2359
2026-02-09T14:30:00+00:00,63.354,64.304,63.293,64.059,7321
2026-02-09T15:00:00+00:00,64.059,64.149,63.927,64.078,3267
2026-02-09T15:30:00+00:00,64.078,64.219,64.037,64.149,2262
2026-02-09T16:00:00+00:00,64.149,64.479,64.053,64.464,2671
2026-02-09T16:30:00+00:00,64.464,64.858,64.402,64.844,2841
2026-02-09T17:00:00+00:00,64.844,64.868,64.528,64.758,1901
2026-02-09T17:30:00+00:00,64.758,64.828,64.697,64.758,1268
2026-02-09T18:00:00+00:00,64.758,64.759,64.463,64.507,1474
2026-02-09T18:30:00+00:00,64.507,64.529,64.377,64.478,1222
2026-02-09T19:00:00+00:00,64.478,64.488,64.298,64.319,1995
2026-02-09T19:30:00+00:00,64.319,64.349,64.183,64.239,716
2026-02-09T20:00:00+00:00,64.239,64.309,64.18900000000001,64.232,497
2026-02-09T20:30:00+00:00,64.232,64.319,64.208,64.272,455
2026-02-09T21:00:00+00:00,64.272,64.429,64.272,64.397,304
2026-02-09T21:30:00+00:00,64.397,64.448,64.369,64.404,336
2026-02-09T23:00:00+00:00,64.404,64.479,64.297,64.303,216
2026-02-09T23:30:00+00:00,64.303,64.399,64.292,64.393,284
2026-02-10T00:00:00+00:00,64.393,64.393,64.242,64.259,214
2026-02-10T00:30:00+00:00,64.259,64.329,64.254,64.299,176
2026-02-10T01:00:00+00:00,64.299,64.317,63.853,64.169,1550
2026-02-10T01:30:00+00:00,64.169,64.319,64.138,64.269,733
2026-02-10T02:00:00+00:00,64.269,64.339,64.177,64.283,531
2026-02-10T02:30:00+00:00,64.283,64.338,64.198,64.279,863
2026-02-10T03:00:00+00:00,64.279,64.299,64.069,64.084,639
2026-02-10T03:30:00+00:00,64.084,64.187,64.072,64.179,361
2026-02-10T04:00:00+00:00,64.179,64.234,64.162,64.18900000000001,309
2026-02-10T04:30:00+00:00,64.18900000000001,64.224,64.132,64.178,323
2026-02-10T05:00:00+00:00,64.178,64.244,64.097,64.103,393
2026-02-10T05:30:00+00:00,64.103,64.159,64.053,64.068,834
2026-02-10T06:00:00+00:00,64.068,64.358,64.057,64.239,937
2026-02-10T06:30:00+00:00,64.239,64.409,64.204,64.339,918
2026-02-10T07:00:00+00:00,64.339,64.419,64.177,64.232,1043
2026-02-10T07:30:00+00:00,64.232,64.364,64.227,64.299,1145
2026-02-10T08:00:00+00:00,64.299,64.299,64.067,64.172,2056
2026-02-10T08:30:00+00:00,64.172,64.604,64.147,64.589,1920
2026-02-10T09:00:00+00:00,64.589,64.668,64.498,64.538,1628
2026-02-10T09:30:00+00:00,64.538,64.548,64.097,64.128,2036
2026-02-10T10:00:00+00:00,64.128,64.308,63.998,64.244,1618
2026-02-10T10:30:00+00:00,64.244,64.449,64.187,64.31400000000001,1297
2026-02-10T11:00:00+00:00,64.31400000000001,64.553,64.272,64.43900000000001,1161
2026-02-10T11:30:00+00:00,64.43900000000001,64.648,64.413,64.572,940
2026-02-10T12:00:00+00:00,64.572,64.579,64.304,64.349,1292
2026-02-10T12:30:00+00:00,64.349,64.454,64.228,64.438,1196
2026-02-10T13:00:00+00:00,64.438,64.683,64.352,64.582,1997
2026-02-10T13:30:00+00:00,64.582,64.609,64.442,64.488,1719
2026-02-10T14:00:00+00:00,64.488,64.649,64.319,64.498,2615
2026-02-10T14:30:00+00:00,64.498,64.547,64.113,64.502,3294
2026-02-10T15:00:00+00:00,64.502,64.659,64.303,64.479,2812
2026-02-10T15:30:00+00:00,64.479,64.579,64.108,64.179,2647
2026-02-10T16:00:00+00:00,64.179,64.179,63.772,64.009,4004
2026-02-10T16:30:00+00:00,64.009,64.159,63.862,63.954,2616
2026-02-10T17:00:00+00:00,63.954,64.109,63.852,64.097,1680
2026-02-10T17:30:00+00:00,64.097,64.278,64.019,64.054,1788
2026-02-10T18:00:00+00:00,64.054,64.063,63.817,63.934,2869
2026-02-10T18:30:00+00:00,63.934,64.049,63.637,63.823,1752
2026-02-10T19:00:00+00:00,63.823,63.979,63.778,63.979,1921
2026-02-10T19:30:00+00:00,63.979,64.184,63.948,64.124,822
2026-02-10T20:00:00+00:00,64.124,64.178,63.997,64.079,663
2026-02-10T20:30:00+00:00,64.079,64.432,64.042,64.282,1929
2026-02-10T21:00:00+00:00,64.282,64.307,64.107,64.147,642
2026-02-10T21:30:00+00:00,64.147,64.249,64.137,64.18900000000001,557
2026-02-10T23:00:00+00:00,64.18900000000001,64.328,64.18900000000001,64.253,217
2026-02-10T23:30:00+00:00,64.253,64.309,64.248,64.299,156
2026-02-11T00:00:00+00:00,64.299,64.329,64.229,64.279,158
2026-02-11T00:30:00+00:00,64.279,64.289,64.213,64.227,133
2026-02-11T01:00:00+00:00,64.227,64.318,64.159,64.217,755
2026-02-11T01:30:00+00:00,64.217,64.369,64.217,64.339,433
2026-02-11T02:00:00+00:00,64.339,64.474,64.313,64.438,459
2026-02-11T02:30:00+00:00,64.438,64.609,64.438,64.524,832
2026-02-11T03:00:00+00:00,64.524,64.549,64.438,64.498,497
2026-02-11T03:30:00+00:00,64.498,64.514,64.448,64.498,197
2026-02-11T04:00:00+00:00,64.498,64.509,64.449,64.488,218
2026-02-11T04:30:00+00:00,64.488,64.499,64.392,64.408,216
2026-02-11T05:00:00+00:00,64.408,64.432,64.304,64.349,389
2026-02-11T05:30:00+00:00,64.349,64.378,64.277,64.333,617
2026-02-11T06:00:00+00:00,64.333,64.409,64.317,64.399,446
2026-02-11T06:30:00+00:00,64.399,64.43900000000001,64.357,64.428,423
2026-02-11T07:00:00+00:00,64.428,64.668,64.367,64.588,875
2026-02-11T07:30:00+00:00,64.588,64.609,64.478,64.509,563
2026-02-11T08:00:00+00:00,64.509,64.798,64.509,64.717,1469
2026-02-11T08:30:00+00:00,64.717,64.924,64.697,64.769,1582
2026-02-11T09:00:00+00:00,64.769,64.954,64.707,64.897,1161
2026-02-11T09:30:00+00:00,64.897,64.959,64.779,64.808,948
2026-02-11T10:00:00+00:00,64.808,64.918,64.707,64.869,1199
2026-02-11T10:30:00+00:00,64.869,64.888,64.722,64.882,828
2026-02-11T11:00:00+00:00,64.882,65.019,64.852,64.919,910
2026-02-11T11:30:00+00:00,64.919,65.393,64.907,65.369,1761
2026-02-11T12:00:00+00:00,65.369,65.409,65.302,65.333,1456
2026-02-11T12:30:00+00:00,65.333,65.469,64.912,65.399,2750
2026-02-11T13:00:00+00:00,65.399,65.547,65.307,65.438,2359
2026-02-11T13:30:00+00:00,65.438,65.479,65.237,65.454,3185
2026-02-11T14:00:00+00:00,65.454,65.769,65.409,65.679,3016
2026-02-11T14:30:00+00:00,65.679,65.81400000000001,65.537,65.549,3717
2026-02-11T15:00:00+00:00,65.549,65.567,64.927,65.014,4402
2026-02-11T15:30:00+00:00,65.014,65.098,64.767,64.958,5736
2026-02-11T16:00:00+00:00,64.958,65.149,64.809,65.124,4597
2026-02-11T16:30:00+00:00,65.124,65.277,65.007,65.059,2933
2026-02-11T17:00:00+00:00,65.059,65.139,64.767,64.957,3228
2026-02-11T17:30:00+00:00,64.957,64.994,64.747,64.849,2269
2026-02-11T18:00:00+00:00,64.849,65.034,64.837,64.998,1482
2026-02-11T18:30:00+00:00,64.998,65.119,64.437,64.662,3545
2026-02-11T19:00:00+00:00,64.662,65.083,64.467,64.583,4941
2026-02-11T19:30:00+00:00,64.583,64.954,64.482,64.852,1675
2026-02-11T20:00:00+00:00,64.852,64.974,64.817,64.937,561
2026-02-11T20:30:00+00:00,64.937,65.029,64.843,64.984,815
2026-02-11T21:00:00+00:00,64.984,65.029,64.908,64.967,318
2026-02-11T21:30:00+00:00,64.967,64.983,64.879,64.892,407
2026-02-11T23:00:00+00:00,64.892,64.899,64.779,64.884,198
2026-02-11T23:30:00+00:00,64.884,64.927,64.839,64.887,135
2026-02-12T00:00:00+00:00,64.887,64.987,64.883,64.969,206
2026-02-12T00:30:00+00:00,64.969,64.989,64.938,64.957,136
2026-02-12T01:00:00+00:00,64.957,65.018,64.774,64.999,1006
2026-02-12T01:30:00+00:00,64.999,65.014,64.817,64.877,548
2026-02-12T02:00:00+00:00,64.877,64.934,64.809,64.883,363
2026-02-12T02:30:00+00:00,64.883,64.924,64.802,64.892,472
2026-02-12T03:00:00+00:00,64.892,64.959,64.847,64.879,465
2026-02-12T03:30:00+00:00,64.879,64.998,64.879,64.979,298
2026-02-12T04:00:00+00:00,64.979,65.089,64.932,64.988,431
2026-02-12T04:30:00+00:00,64.988,65.049,64.93900000000001,64.957,190
2026-02-12T05:00:00+00:00,64.957,64.978,64.754,64.778,464
2026-02-12T05:30:00+00:00,64.778,64.899,64.687,64.899,925
2026-02-12T06:00:00+00:00,64.899,64.914,64.723,64.754,609
2026-02-12T06:30:00+00:00,64.754,64.818,64.629,64.798,890
2026-02-12T07:00:00+00:00,64.798,64.884,64.732,64.81400000000001,745
2026-02-12T07:30:00+00:00,64.81400000000001,64.888,64.717,64.829,730
2026-02-12T08:00:00+00:00,64.829,64.968,64.767,64.827,1726
2026-02-12T08:30:00+00:00,64.827,65.037,64.682,64.967,1938
2026-02-12T09:00:00+00:00,64.967,65.039,64.369,64.413,2190
2026-02-12T09:30:00+00:00,64.413,64.558,64.337,64.453,1939
2026-02-12T10:00:00+00:00,64.453,64.502,64.277,64.298,1669
2026-02-12T10:30:00+00:00,64.298,64.428,64.167,64.424,1380
2026-02-12T11:00:00+00:00,64.424,64.577,64.284,64.543,1534
2026-02-12T11:30:00+00:00,64.543,64.637,64.398,64.483,1272
2026-02-12T12:00:00+00:00,64.483,64.609,64.367,64.518,1527
2026-02-12T12:30:00+00:00,64.518,64.604,64.347,64.409,1245
2026-02-12T13:00:00+00:00,64.409,64.589,64.288,64.369,2189
2026-02-12T13:30:00+00:00,64.369,64.408,63.947,64.229,3176
2026-02-12T14:00:00+00:00,64.229,64.388,64.159,64.277,2349
2026-02-12T14:30:00+00:00,64.277,64.349,63.877,63.943,4238
2026-02-12T15:00:00+00:00,63.943,64.099,63.887,63.949,2916
2026-02-12T15:30:00+00:00,63.949,64.009,63.502,63.609,3936
2026-02-12T16:00:00+00:00,63.609,63.644,63.192,63.257,4777
2026-02-12T16:30:00+00:00,63.257,63.407000000000004,62.689,62.747,6330
2026-02-12T17:00:00+00:00,62.747,62.924,62.527,62.694,4887
2026-02-12T17:30:00+00:00,62.694,62.789,62.527,62.607,3001
2026-02-12T18:00:00+00:00,62.607,62.738,62.567,62.672,2129
2026-02-12T18:30:00+00:00,62.672,62.769,62.598,62.649,2095
2026-02-12T19:00:00+00:00,62.649,62.878,62.377,62.862,2888
2026-02-12T19:30:00+00:00,62.862,63.058,62.848,62.927,1189
2026-02-12T20:00:00+00:00,62.927,62.949,62.814,62.848,749
2026-02-12T20:30:00+00:00,62.848,62.919,62.802,62.908,680
2026-02-12T21:00:00+00:00,62.908,62.929,62.812,62.917,329
2026-02-12T21:30:00+00:00,62.917,62.974,62.838,62.899,387
2026-02-12T23:00:00+00:00,62.899,62.944,62.839,62.854,169
2026-02-12T23:30:00+00:00,62.854,62.854,62.787,62.827,187
2026-02-13T00:00:00+00:00,62.827,62.959,62.827,62.882,260
2026-02-13T00:30:00+00:00,62.882,62.889,62.799,62.858,203
2026-02-13T01:00:00+00:00,62.858,62.993,62.747,62.938,1712
2026-02-13T01:30:00+00:00,62.938,62.968,62.824,62.828,682
2026-02-13T02:00:00+00:00,62.828,62.869,62.792,62.839,462
2026-02-13T02:30:00+00:00,62.839,62.863,62.687,62.757,611
2026-02-13T03:00:00+00:00,62.757,62.809,62.684,62.714,455
2026-02-13T03:30:00+00:00,62.714,62.774,62.637,62.683,322
2026-02-13T04:00:00+00:00,62.683,62.789,62.683,62.737,279
2026-02-13T04:30:00+00:00,62.737,62.769,62.703,62.739,206
2026-02-13T05:00:00+00:00,62.739,62.759,62.614,62.649,312
2026-02-13T05:30:00+00:00,62.649,62.719,62.588,62.599,782
2026-02-13T06:00:00+00:00,62.599,62.759,62.587,62.729,676
2026-02-13T06:30:00+00:00,62.729,62.843,62.678,62.808,797
2026-02-13T07:00:00+00:00,62.808,62.814,62.654,62.718,723
2026-02-13T07:30:00+00:00,62.718,62.828,62.652,62.662,977
2026-02-13T08:00:00+00:00,62.662,62.909,62.647,62.759,1901
2026-02-13T08:30:00+00:00,62.759,63.029,62.517,62.897,2110
2026-02-13T09:00:00+00:00,62.897,62.954,62.737,62.857,1520
2026-02-13T09:30:00+00:00,62.857,63.153,62.822,63.087,1531
2026-02-13T10:00:00+00:00,63.087,63.109,62.892,63.024,1632
2026-02-13T10:30:00+00:00,63.024,63.247,62.943,63.138,1518
2026-02-13T11:00:00+00:00,63.138,63.138,62.863,62.997,1348
2026-02-13T11:30:00+00:00,62.997,62.999,62.132,62.367,5661
2026-02-13T12:00:00+00:00,62.367,62.459,62.282000000000004,62.374,2187
2026-02-13T12:30:00+00:00,62.374,62.618,62.307,62.577,1898
2026-02-13T13:00:00+00:00,62.577,62.898,62.543,62.789,1839
2026-02-13T13:30:00+00:00,62.789,63.039,62.789,62.942,2379
2026-02-13T14:00:00+00:00,62.942,62.954,62.577,62.703,2739
2026-02-13T14:30:00+00:00,62.703,62.822,62.314,62.667,5911
2026-02-13T15:00:00+00:00,62.667,62.872,62.537,62.762,4977
2026-02-13T15:30:00+00:00,62.762,62.959,62.662,62.694,2896
2026-02-13T16:00:00+00:00,62.694,62.838,62.539,62.802,3100
2026-02-13T16:30:00+00:00,62.802,62.947,62.427,62.639,3170
2026-02-13T17:00:00+00:00,62.639,62.849,62.622,62.809,2208
2026-02-13T17:30:00+00:00,62.809,63.198,62.797,63.094,1912
2026-02-13T18:00:00+00:00,63.094,63.159,62.972,63.027,1314
2026-02-13T18:30:00+00:00,63.027,63.178,62.968,63.002,1300
2026-02-13T19:00:00+00:00,63.002,63.019,62.839,62.839,2285
2026-02-13T19:30:00+00:00,62.839,62.959,62.678,62.689,1192
2026-02-13T20:00:00+00:00,62.689,62.769,62.568,62.604,1049
2026-02-13T20:30:00+00:00,62.604,62.749,62.372,62.727,1540
2026-02-13T21:00:00+00:00,62.727,62.869,62.717,62.818,408
2026-02-13T21:30:00+00:00,62.818,62.869,62.778,62.828,136
2026-02-15T23:00:00+00:00,62.828,63.024,62.748,62.928,710
2026-02-15T23:30:00+00:00,62.928,62.937,62.797,62.884,221
2026-02-16T00:00:00+00:00,62.884,62.929,62.849,62.869,189
2026-02-16T00:30:00+00:00,62.869,62.884,62.817,62.837,147
2026-02-16T01:00:00+00:00,62.837,62.919,62.822,62.843,260
2026-02-16T01:30:00+00:00,62.843,62.873,62.817,62.847,207
2026-02-16T02:00:00+00:00,62.847,62.849,62.747,62.808,308
2026-02-16T02:30:00+00:00,62.808,62.934,62.797,62.879,263
2026-02-16T03:00:00+00:00,62.879,62.958,62.852,62.909,411
2026-02-16T03:30:00+00:00,62.909,62.944,62.807,62.898,413
2026-02-16T04:00:00+00:00,62.898,62.948,62.858,62.879,579
2026-02-16T04:30:00+00:00,62.879,62.953,62.864,62.908,482
2026-02-16T05:00:00+00:00,62.908,62.958,62.873,62.879,223
2026-02-16T05:30:00+00:00,62.879,62.897,62.817,62.842,287
2026-02-16T06:00:00+00:00,62.842,62.964,62.817,62.888,287
2026-02-16T06:30:00+00:00,62.888,62.952,62.864,62.893,288
2026-02-16T07:00:00+00:00,62.893,62.928,62.769,62.869,560
2026-02-16T07:30:00+00:00,62.869,62.899,62.737,62.767,632
2026-02-16T08:00:00+00:00,62.767,62.803,62.682,62.772,1004
2026-02-16T08:30:00+00:00,62.772,62.794,62.473,62.538,899
2026-02-16T09:00:00+00:00,62.538,62.839,62.499,62.838,1083
2026-02-16T09:30:00+00:00,62.838,62.838,62.512,62.518,1012
2026-02-16T10:00:00+00:00,62.518,62.767,62.492,62.714,1239
2026-02-16T10:30:00+00:00,62.714,63.038,62.657000000000004,62.933,1696
2026-02-16T11:00:00+00:00,62.933,63.028,62.833,62.909,780
2026-02-16T11:30:00+00:00,62.909,63.013,62.868,62.883,615
2026-02-16T12:00:00+00:00,62.883,62.949,62.817,62.903,701
2026-02-16T12:30:00+00:00,62.903,63.089,62.837,63.019,1181
2026-02-16T13:00:00+00:00,63.019,63.069,62.938,63.049,657
2026-02-16T13:30:00+00:00,63.049,63.169,63.018,63.063,728
2026-02-16T14:00:00+00:00,63.063,63.399,62.972,63.353,1099
2026-02-16T14:30:00+00:00,63.353,63.539,63.327,63.437,1229
2026-02-16T15:00:00+00:00,63.437,63.447,63.277,63.313,926
2026-02-16T15:30:00+00:00,63.313,63.568,63.197,63.529,1286
2026-02-16T16:00:00+00:00,63.529,63.658,63.423,63.589,1503
2026-02-16T16:30:00+00:00,63.589,63.709,63.508,63.517,1301
2026-02-16T17:00:00+00:00,63.517,63.624,63.467,63.578,786
2026-02-16T17:30:00+00:00,63.578,63.799,63.487,63.788,1170
2026-02-16T18:00:00+00:00,63.788,63.843,63.727,63.809,803
2026-02-16T18:30:00+00:00,63.809,63.809,63.702,63.758,376
2026-02-16T19:00:00+00:00,63.758,63.778,63.677,63.718,590
2026-02-16T19:30:00+00:00,63.718,63.724,63.717,63.724,4
2026-02-16T23:00:00+00:00,63.724,63.724,63.632,63.687,148
2026-02-16T23:30:00+00:00,63.687,63.734,63.658,63.734,145
2026-02-17T00:00:00+00:00,63.734,63.754,63.678,63.699,182
2026-02-17T00:30:00+00:00,63.699,63.718,63.638,63.638,130
2026-02-17T01:00:00+00:00,63.638,63.734,63.607,63.709,550
2026-02-17T01:30:00+00:00,63.709,63.744,63.557,63.599,501
2026-02-17T02:00:00+00:00,63.599,63.669,63.569,63.647,401
2026-02-17T02:30:00+00:00,63.647,63.649,63.527,63.529,199
2026-02-17T03:00:00+00:00,63.529,63.559,63.509,63.527,278
2026-02-17T03:30:00+00:00,63.527,63.578,63.467,63.519,353
2026-02-17T04:00:00+00:00,63.519,63.553,63.458,63.467,190
2026-02-17T04:30:00+00:00,63.467,63.509,63.437,63.497,207
2026-02-17T05:00:00+00:00,63.497,63.504,63.368,63.428,319
2026-02-17T05:30:00+00:00,63.428,63.432,63.339,63.359,449
2026-02-17T06:00:00+00:00,63.359,63.399,63.323,63.338,343
2026-02-17T06:30:00+00:00,63.338,63.379,63.298,63.323,389
2026-02-17T07:00:00+00:00,63.323,63.343,63.137,63.183,606
2026-02-17T07:30:00+00:00,63.183,63.278,63.147,63.182,808
2026-02-17T08:00:00+00:00,63.182,63.258,63.052,63.119,1667
2026-02-17T08:30:00+00:00,63.119,63.209,62.962,63.077,1366
2026-02-17T09:00:00+00:00,63.077,63.309,62.977,63.209,1472
2026-02-17T09:30:00+00:00,63.209,63.294,63.008,63.273,1615
2026-02-17T10:00:00+00:00,63.273,63.512,63.179,63.392,2338
2026-02-17T10:30:00+00:00,63.392,63.648,63.382,63.623,1308
2026-02-17T11:00:00+00:00,63.623,64.023,63.587,63.807,3286
2026-02-17T11:30:00+00:00,63.807,64.119,63.652,63.838,2982
2026-02-17T12:00:00+00:00,63.838,63.929,63.737,63.848,2057
2026-02-17T12:30:00+00:00,63.848,63.859,63.527,63.587,2097
2026-02-17T13:00:00+00:00,63.587,63.633,63.207,63.432,3277
2026-02-17T13:30:00+00:00,63.432,63.549,62.308,62.432,10933
2026-02-17T14:00:00+00:00,62.432,62.984,62.347,62.742,6201
2026-02-17T14:30:00+00:00,62.742,62.959,62.414,62.474,6696
2026-02-17T15:00:00+00:00,62.474,62.849,62.047,62.069,5967
2026-02-17T15:30:00+00:00,62.069,62.199,61.857,62.023,4574
2026-02-17T16:00:00+00:00,62.023,62.358,61.977,62.248,4447
2026-02-17T16:30:00+00:00,62.248,62.477,62.067,62.348,3685
2026-02-17T17:00:00+00:00,62.348,62.353,61.907000000000004,62.143,3032
2026-02-17T17:30:00+00:00,62.143,62.249,62.028,62.199,2340
2026-02-17T18:00:00+00:00,62.199,62.407000000000004,62.159,62.393,1800
2026-02-17T18:30:00+00:00,62.393,62.509,62.319,62.387,1580
2026-02-17T19:00:00+00:00,62.387,62.489,62.262,62.318,2640
2026-02-17T19:30:00+00:00,62.318,62.367,62.147,62.243,998
2026-02-17T20:00:00+00:00,62.243,62.388,62.207,62.339,980
2026-02-17T20:30:00+00:00,62.339,62.339,62.217,62.237,715
2026-02-17T21:00:00+00:00,62.237,62.269,62.187,62.213,417
2026-02-17T21:30:00+00:00,62.213,62.338,62.169,62.277,503
2026-02-17T23:00:00+00:00,62.277,62.293,62.217,62.247,137
2026-02-17T23:30:00+00:00,62.247,62.259,62.208,62.239,108
2026-02-18T00:00:00+00:00,62.239,62.334,62.202,62.217,150
2026-02-18T00:30:00+00:00,62.217,62.237,62.189,62.209,104
2026-02-18T01:00:00+00:00,62.209,62.354,62.207,62.297,547
2026-02-18T01:30:00+00:00,62.297,62.332,62.247,62.314,262
2026-02-18T02:00:00+00:00,62.314,62.404,62.282000000000004,62.354,317
2026-02-18T02:30:00+00:00,62.354,62.418,62.338,62.348,240
2026-02-18T03:00:00+00:00,62.348,62.452,62.342,62.417,204
2026-02-18T03:30:00+00:00,62.417,62.509,62.417,62.477,245
2026-02-18T04:00:00+00:00,62.477,62.539,62.457,62.539,189
2026-02-18T04:30:00+00:00,62.539,62.567,62.497,62.559,195
2026-02-18T05:00:00+00:00,62.559,62.564,62.422,62.458,235
2026-02-18T05:30:00+00:00,62.458,62.514,62.404,62.404,226
2026-02-18T06:00:00+00:00,62.404,62.422,62.357,62.412,245
2026-02-18T06:30:00+00:00,62.412,62.574,62.339,62.413,506
2026-02-18T07:00:00+00:00,62.413,62.529,62.398,62.417,610
2026-02-18T07:30:00+00:00,62.417,62.514,62.372,62.477,810
2026-02-18T08:00:00+00:00,62.477,62.679,62.433,62.668,1476
2026-02-18T08:30:00+00:00,62.668,62.728,62.412,62.423,1170
2026-02-18T09:00:00+00:00,62.423,62.617,62.423,62.548,1084
2026-02-18T09:30:00+00:00,62.548,62.679,62.412,62.509,1502
2026-02-18T10:00:00+00:00,62.509,62.773,62.509,62.628,1665
2026-02-18T10:30:00+00:00,62.628,63.119,62.568,63.054,1938
2026-02-18T11:00:00+00:00,63.054,63.462,63.034,63.404,1699
2026-02-18T11:30:00+00:00,63.404,63.659,63.373,63.652,1761
2026-02-18T12:00:00+00:00,63.652,64.178,63.478,64.047,3242
2026-02-18T12:30:00+00:00,64.047,64.104,63.927,64.054,1751
2026-02-18T13:00:00+00:00,64.054,64.138,63.832,63.919,2414
2026-02-18T13:30:00+00:00,63.919,63.969,63.824,63.877,1809
2026-02-18T14:00:00+00:00,63.877,64.124,63.732,64.102,2652
2026-02-18T14:30:00+00:00,64.102,64.522,64.044,64.359,4233
2026-02-18T15:00:00+00:00,64.359,64.398,64.173,64.243,3054
2026-02-18T15:30:00+00:00,64.243,64.408,64.153,64.308,2041
2026-02-18T16:00:00+00:00,64.308,64.482,64.219,64.434,2546
2026-02-18T16:30:00+00:00,64.434,64.783,64.433,64.667,2657
2026-02-18T17:00:00+00:00,64.667,64.974,64.578,64.869,2272
2026-02-18T17:30:00+00:00,64.869,65.134,64.837,65.087,1512
2026-02-18T18:00:00+00:00,65.087,65.218,65.059,65.088,1722
2026-02-18T18:30:00+00:00,65.088,65.199,64.732,65.179,4597
2026-02-18T19:00:00+00:00,65.179,65.429,65.097,65.128,3272
2026-02-18T19:30:00+00:00,65.128,65.298,64.914,65.152,2489
2026-02-18T20:00:00+00:00,65.152,65.309,65.132,65.292,1560
2026-02-18T20:30:00+00:00,65.292,65.544,65.259,65.348,1299
2026-02-18T21:00:00+00:00,65.348,65.414,65.012,65.054,1311
2026-02-18T21:30:00+00:00,65.054,65.137,64.902,65.042,1451
2026-02-18T23:00:00+00:00,65.042,65.394,64.924,65.167,855
2026-02-18T23:30:00+00:00,65.167,65.199,65.062,65.099,306
2026-02-19T00:00:00+00:00,65.099,65.163,64.997,65.094,369
2026-02-19T00:30:00+00:00,65.094,65.169,65.078,65.127,251
2026-02-19T01:00:00+00:00,65.127,65.197,65.012,65.164,684
2026-02-19T01:30:00+00:00,65.164,65.259,65.112,65.253,341
2026-02-19T02:00:00+00:00,65.253,65.384,65.233,65.284,569
2026-02-19T02:30:00+00:00,65.284,65.409,65.227,65.388,464
2026-02-19T03:00:00+00:00,65.388,65.489,65.358,65.418,463
2026-02-19T03:30:00+00:00,65.418,65.509,65.407,65.464,526
2026-02-19T04:00:00+00:00,65.464,65.523,65.413,65.468,420
2026-02-19T04:30:00+00:00,65.468,65.494,65.258,65.317,460
2026-02-19T05:00:00+00:00,65.317,65.43900000000001,65.317,65.372,412
2026-02-19T05:30:00+00:00,65.372,65.379,65.307,65.344,397
2026-02-19T06:00:00+00:00,65.344,65.414,65.292,65.292,356
2026-02-19T06:30:00+00:00,65.292,65.384,65.272,65.338,412
2026-02-19T07:00:00+00:00,65.338,65.498,65.327,65.383,910
2026-02-19T07:30:00+00:00,65.383,65.924,65.372,65.894,1733
2026-02-19T08:00:00+00:00,65.894,65.938,65.742,65.854,1869
2026-02-19T08:30:00+00:00,65.854,66.362,65.804,66.313,2227
2026-02-19T09:00:00+00:00,66.313,66.378,65.802,65.843,2820
2026-02-19T09:30:00+00:00,65.843,66.059,65.748,65.852,2314
2026-02-19T10:00:00+00:00,65.852,66.128,65.713,65.823,2064
2026-02-19T10:30:00+00:00,65.823,66.154,65.788,66.084,1663
2026-02-19T11:00:00+00:00,66.084,66.104,65.932,66.079,1258
2026-02-19T11:30:00+00:00,66.079,66.404,66.079,66.153,1805
2026-02-19T12:00:00+00:00,66.153,66.273,66.077,66.143,1491
2026-02-19T12:30:00+00:00,66.143,66.268,66.087,66.182,1138
2026-02-19T13:00:00+00:00,66.182,66.487,66.129,66.458,1517
2026-02-19T13:30:00+00:00,66.458,66.704,66.192,66.574,3800
2026-02-19T14:00:00+00:00,66.574,66.622,66.153,66.194,2989
2026-02-19T14:30:00+00:00,66.194,66.668,66.054,66.474,4372
2026-02-19T15:00:00+00:00,66.474,66.514,65.544,66.483,10915
2026-02-19T15:30:00+00:00,66.483,66.618,66.322,66.56400000000001,3020
2026-02-19T16:00:00+00:00,66.56400000000001,66.674,66.387,66.43900000000001,3110
2026-02-19T16:30:00+00:00,66.43900000000001,66.744,66.422,66.692,2670
2026-02-19T17:00:00+00:00,66.692,66.874,66.572,66.627,3003
2026-02-19T17:30:00+00:00,66.627,66.708,66.477,66.647,1948
2026-02-19T18:00:00+00:00,66.647,66.659,66.249,66.427,2855
2026-02-19T18:30:00+00:00,66.427,66.618,66.353,66.547,1383
2026-02-19T19:00:00+00:00,66.547,66.579,66.363,66.449,2402
2026-02-19T19:30:00+00:00,66.449,66.647,66.408,66.638,1034
2026-02-19T20:00:00+00:00,66.638,66.683,66.567,66.633,639
2026-02-19T20:30:00+00:00,66.633,66.769,66.633,66.754,532
2026-02-19T21:00:00+00:00,66.754,66.894,65.952,66.432,3221
2026-02-19T21:30:00+00:00,66.432,66.778,66.382,66.737,1175
2026-02-19T23:00:00+00:00,66.737,66.737,66.412,66.553,429
2026-02-19T23:30:00+00:00,66.553,66.558,66.427,66.428,320
2026-02-20T00:00:00+00:00,66.428,66.519,66.292,66.349,392
2026-02-20T00:30:00+00:00,66.349,66.469,66.337,66.448,259
2026-02-20T01:00:00+00:00,66.448,66.747,66.344,66.549,1054
2026-02-20T01:30:00+00:00,66.549,66.619,66.507,66.559,511
2026-02-20T02:00:00+00:00,66.559,66.839,66.554,66.694,831
2026-02-20T02:30:00+00:00,66.694,66.719,66.492,66.569,669
2026-02-20T03:00:00+00:00,66.569,66.619,66.458,66.517,429
2026-02-20T03:30:00+00:00,66.517,66.699,66.497,66.624,413
2026-02-20T04:00:00+00:00,66.624,66.683,66.608,66.649,236
2026-02-20T04:30:00+00:00,66.649,66.709,66.627,66.708,327
2026-02-20T05:00:00+00:00,66.708,66.782,66.672,66.782,263
2026-02-20T05:30:00+00:00,66.782,66.899,66.772,66.828,498
2026-02-20T06:00:00+00:00,66.828,67.009,66.828,66.979,529
2026-02-20T06:30:00+00:00,66.979,67.018,66.68900000000001,66.708,923
2026-02-20T07:00:00+00:00,66.708,66.738,66.517,66.547,1018
2026-02-20T07:30:00+00:00,66.547,66.623,66.287,66.318,1320
2026-02-20T08:00:00+00:00,66.318,66.399,66.249,66.344,2165
2026-02-20T08:30:00+00:00,66.344,66.419,66.079,66.139,2123
2026-02-20T09:00:00+00:00,66.139,66.539,66.128,66.539,1987
2026-02-20T09:30:00+00:00,66.539,66.588,65.853,65.993,2482
2026-02-20T10:00:00+00:00,65.993,66.039,65.858,65.979,2670
2026-02-20T10:30:00+00:00,65.979,66.118,65.922,65.962,1821
2026-02-20T11:00:00+00:00,65.962,66.144,65.937,66.108,1557
2026-02-20T11:30:00+00:00,66.108,66.369,65.798,65.979,2525
2026-02-20T12:00:00+00:00,65.979,66.199,65.937,66.067,2261
2026-02-20T12:30:00+00:00,66.067,66.208,65.942,66.147,1714
2026-02-20T13:00:00+00:00,66.147,66.219,66.007,66.112,1726
2026-02-20T13:30:00+00:00,66.112,66.268,66.058,66.243,1981
2026-02-20T14:00:00+00:00,66.243,66.324,65.987,66.118,1968
2026-02-20T14:30:00+00:00,66.118,66.488,65.869,66.254,6102
2026-02-20T15:00:00+00:00,66.254,66.639,66.098,66.173,8582
2026-02-20T15:30:00+00:00,66.173,66.198,65.838,65.948,4518
2026-02-20T16:00:00+00:00,65.948,66.127,65.822,66.019,3741
2026-02-20T16:30:00+00:00,66.019,66.329,65.977,66.179,3251
2026-02-20T17:00:00+00:00,66.179,66.339,66.129,66.178,2176
2026-02-20T17:30:00+00:00,66.178,66.494,66.132,66.428,2013
2026-02-20T18:00:00+00:00,66.428,66.714,66.269,66.308,2588
2026-02-20T18:30:00+00:00,66.308,66.629,66.267,66.539,3040
2026-02-20T19:00:00+00:00,66.539,66.552,66.267,66.472,2881
2026-02-20T19:30:00+00:00,66.472,66.519,66.269,66.442,1285
2026-02-20T20:00:00+00:00,66.442,66.484,66.237,66.278,835
2026-02-20T20:30:00+00:00,66.278,66.369,66.224,66.363,723
2026-02-20T21:00:00+00:00,66.363,66.424,66.277,66.338,423
2026-02-20T21:30:00+00:00,66.338,66.387,66.297,66.363,219
2026-02-22T23:00:00+00:00,66.363,66.363,65.429,65.949,1575
2026-02-22T23:30:00+00:00,65.949,66.028,65.823,65.974,594
2026-02-23T00:00:00+00:00,65.974,65.994,65.827,65.842,462
2026-02-23T00:30:00+00:00,65.842,65.853,65.639,65.707,559
2026-02-23T01:00:00+00:00,65.707,65.774,65.589,65.762,684
2026-02-23T01:30:00+00:00,65.762,65.964,65.737,65.889,468
2026-02-23T02:00:00+00:00,65.889,66.019,65.889,65.988,539
2026-02-23T02:30:00+00:00,65.988,66.014,65.867,65.878,402
2026-02-23T03:00:00+00:00,65.878,65.887,65.759,65.778,339
2026-02-23T03:30:00+00:00,65.778,65.789,65.677,65.698,450
2026-02-23T04:00:00+00:00,65.698,65.744,65.507,65.557,406
2026-02-23T04:30:00+00:00,65.557,65.658,65.557,65.569,331
2026-02-23T05:00:00+00:00,65.569,65.757,65.537,65.702,339
2026-02-23T05:30:00+00:00,65.702,65.799,65.678,65.739,323
2026-02-23T06:00:00+00:00,65.739,65.769,65.667,65.768,313
2026-02-23T06:30:00+00:00,65.768,65.809,65.617,65.653,477
2026-02-23T07:00:00+00:00,65.653,65.779,65.617,65.652,729
2026-02-23T07:30:00+00:00,65.652,65.709,65.507,65.637,1085
2026-02-23T08:00:00+00:00,65.637,65.899,65.637,65.687,2086
2026-02-23T08:30:00+00:00,65.687,65.874,65.547,65.842,1566
2026-02-23T09:00:00+00:00,65.842,66.167,65.742,66.022,1458
2026-02-23T09:30:00+00:00,66.022,66.288,66.022,66.208,1309
2026-02-23T10:00:00+00:00,66.208,66.208,65.988,66.019,1463
2026-02-23T10:30:00+00:00,66.019,66.144,66.007,66.077,1018
2026-02-23T11:00:00+00:00,66.077,66.198,65.998,66.148,934
2026-02-23T11:30:00+00:00,66.148,66.454,66.148,66.429,1275
2026-02-23T12:00:00+00:00,66.429,66.658,66.407,66.624,1262
2026-02-23T12:30:00+00:00,66.624,66.717,66.557,66.693,1044
2026-02-23T13:00:00+00:00,66.693,66.704,66.558,66.624,1349
2026-02-23T13:30:00+00:00,66.624,66.923,66.527,66.898,1727
2026-02-23T14:00:00+00:00,66.898,66.974,66.717,66.927,2167
2026-02-23T14:30:00+00:00,66.927,67.194,66.907,66.993,3612
2026-02-23T15:00:00+00:00,66.993,67.264,66.987,67.228,2383
2026-02-23T15:30:00+00:00,67.228,67.253,66.758,66.783,2349
2026-02-23T16:00:00+00:00,66.783,67.122,66.448,67.012,3856
2026-02-23T16:30:00+00:00,67.012,67.034,66.274,66.377,3080
2026-02-23T17:00:00+00:00,66.377,66.43900000000001,66.222,66.288,1623
2026-02-23T17:30:00+00:00,66.288,66.324,66.109,66.224,1734
2026-02-23T18:00:00+00:00,66.224,66.289,66.162,66.179,1231
2026-02-23T18:30:00+00:00,66.179,66.329,66.084,66.18900000000001,1198
2026-02-23T19:00:00+00:00,66.18900000000001,66.369,66.092,66.293,1683
2026-02-23T19:30:00+00:00,66.293,66.359,66.169,66.307,799
2026-02-23T20:00:00+00:00,66.307,66.423,66.307,66.392,621
2026-02-23T20:30:00+00:00,66.392,66.479,66.362,66.419,506
2026-02-23T21:00:00+00:00,66.419,66.489,66.334,66.368,674
2026-02-23T21:30:00+00:00,66.368,66.392,66.247,66.274,278
2026-02-23T23:00:00+00:00,66.274,66.299,66.153,66.234,221
2026-02-23T23:30:00+00:00,66.234,66.304,66.227,66.244,141
2026-02-24T00:00:00+00:00,66.244,66.304,66.212,66.224,186
2026-02-24T00:30:00+00:00,66.224,66.312,66.198,66.302,146
2026-02-24T01:00:00+00:00,66.302,66.407,66.048,66.192,2323
2026-02-24T01:30:00+00:00,66.192,66.457,66.18900000000001,66.434,1550
2026-02-24T02:00:00+00:00,66.434,66.629,66.394,66.569,1199
2026-02-24T02:30:00+00:00,66.569,66.804,66.557,66.787,873
2026-02-24T03:00:00+00:00,66.787,66.919,66.757,66.907,1022
2026-02-24T03:30:00+00:00,66.907,66.912,66.817,66.863,350
2026-02-24T04:00:00+00:00,66.863,66.889,66.809,66.817,236
2026-02-24T04:30:00+00:00,66.817,66.864,66.769,66.779,251
2026-02-24T05:00:00+00:00,66.779,66.779,66.597,66.688,432
2026-02-24T05:30:00+00:00,66.688,66.944,66.667,66.822,1021
2026-02-24T06:00:00+00:00,66.822,66.844,66.677,66.699,623
2026-02-24T06:30:00+00:00,66.699,66.773,66.617,66.759,835
2026-02-24T07:00:00+00:00,66.759,66.779,66.569,66.607,745
2026-02-24T07:30:00+00:00,66.607,66.624,66.457,66.544,792
2026-02-24T08:00:00+00:00,66.544,66.594,66.287,66.324,2092
2026-02-24T08:30:00+00:00,66.324,66.559,66.267,66.534,1844
2026-02-24T09:00:00+00:00,66.534,66.558,66.319,66.392,1580
2026-02-24T09:30:00+00:00,66.392,66.569,66.387,66.539,1344
2026-02-24T10:00:00+00:00,66.539,66.589,66.283,66.438,1843
2026-02-24T10:30:00+00:00,66.438,66.479,66.178,66.257,1359
2026-02-24T11:00:00+00:00,66.257,66.379,66.137,66.279,1162
2026-02-24T11:30:00+00:00,66.279,66.388,66.197,66.339,907
2026-02-24T12:00:00+00:00,66.339,66.479,66.237,66.437,1181
2026-02-24T12:30:00+00:00,66.437,66.619,66.397,66.607,1577
2026-02-24T13:00:00+00:00,66.607,67.023,66.602,67.002,2670
2026-02-24T13:30:00+00:00,67.002,67.129,66.788,66.853,2342
2026-02-24T14:00:00+00:00,66.853,66.862,66.617,66.657,1921
2026-02-24T14:30:00+00:00,66.657,66.673,66.347,66.514,3437
2026-02-24T15:00:00+00:00,66.514,66.639,65.724,65.879,6551
2026-02-24T15:30:00+00:00,65.879,66.139,65.622,65.869,5633
2026-02-24T16:00:00+00:00,65.869,66.208,65.759,66.003,3083
2026-02-24T16:30:00+00:00,66.003,66.164,65.827,65.972,2438
2026-02-24T17:00:00+00:00,65.972,66.307,65.917,66.168,1683
2026-02-24T17:30:00+00:00,66.168,66.169,65.672,65.818,2249
2026-02-24T18:00:00+00:00,65.818,65.964,65.768,65.888,1321
2026-02-24T18:30:00+00:00,65.888,66.019,65.777,65.932,1120
2026-02-24T19:00:00+00:00,65.932,65.93900000000001,65.542,65.648,2026
2026-02-24T19:30:00+00:00,65.648,65.919,65.589,65.877,919
2026-02-24T20:00:00+00:00,65.877,66.448,65.777,66.307,2610
2026-02-24T20:30:00+00:00,66.307,66.377,66.167,66.283,897
2026-02-24T21:00:00+00:00,66.283,66.309,66.158,66.258,566
2026-02-24T21:30:00+00:00,66.258,66.263,65.957,66.073,731
2026-02-24T23:00:00+00:00,66.073,66.089,65.937,65.974,307
2026-02-24T23:30:00+00:00,65.974,66.034,65.922,66.013,217
2026-02-25T00:00:00+00:00,66.013,66.099,65.944,66.099,229
2026-02-25T00:30:00+00:00,66.099,66.212,66.049,66.077,302
2026-02-25T01:00:00+00:00,66.077,66.274,66.017,66.109,1303
2026-02-25T01:30:00+00:00,66.109,66.124,65.937,66.042,785
2026-02-25T02:00:00+00:00,66.042,66.254,66.037,66.164,668
2026-02-25T02:30:00+00:00,66.164,66.319,66.153,66.289,883
2026-02-25T03:00:00+00:00,66.289,66.319,66.142,66.238,629
2026-02-25T03:30:00+00:00,66.238,66.562,65.967,65.999,1505
2026-02-25T04:00:00+00:00,65.999,66.089,65.958,66.072,372
2026-02-25T04:30:00+00:00,66.072,66.124,65.987,65.998,284
2026-02-25T05:00:00+00:00,65.998,66.068,65.947,66.054,310
2026-02-25T05:30:00+00:00,66.054,66.088,65.957,66.024,716
2026-02-25T06:00:00+00:00,66.024,66.024,65.747,65.787,895
2026-02-25T06:30:00+00:00,65.787,65.999,65.773,65.973,737
2026-02-25T07:00:00+00:00,65.973,66.158,65.973,66.037,818
2026-02-25T07:30:00+00:00,66.037,66.054,65.818,65.879,980
2026-02-25T08:00:00+00:00,65.879,65.894,65.769,65.878,2023
2026-02-25T08:30:00+00:00,65.878,66.119,65.717,65.992,2080
2026-02-25T09:00:00+00:00,65.992,66.029,65.882,65.954,1458
2026-02-25T09:30:00+00:00,65.954,65.959,65.437,65.623,2172
2026-02-25T10:00:00+00:00,65.623,66.025,65.583,65.91,1451
2026-02-25T10:30:00+00:00,65.91,65.945,65.68900000000001,65.899,1216
2026-02-25T11:00:00+00:00,65.899,65.97999999999999,65.788,65.818,1274
2026-02-25T11:30:00+00:00,65.818,65.925,65.804,65.86999999999999,1044
2026-02-25T12:00:00+00:00,65.86999999999999,66.13,65.734,66.125,1885
2026-02-25T12:30:00+00:00,66.125,66.295,65.94,66.213,2234
2026-02-25T13:00:00+00:00,66.213,66.30499999999999,66.10799999999999,66.23899999999999,1850
2026-02-25T13:30:00+00:00,66.23899999999999,66.27,65.86,65.899,2066
2026-02-25T14:00:00+00:00,65.899,66.00999999999999,65.75999999999999,65.75999999999999,1788
2026-02-25T14:30:00+00:00,65.75999999999999,65.75999999999999,65.279,65.319,3469
2026-02-25T15:00:00+00:00,65.319,65.63499999999999,65.294,65.52,2525
2026-02-25T15:30:00+00:00,65.52,65.548,65.253,65.41,3490
2026-02-25T16:00:00+00:00,65.41,65.538,65.119,65.49799999999999,3248
2026-02-25T16:30:00+00:00,65.49799999999999,65.53,65.29299999999999,65.46,1976
2026-02-25T17:00:00+00:00,65.46,65.53,65.339,65.49799999999999,1315
2026-02-25T17:30:00+00:00,65.49799999999999,65.54899999999999,65.383,65.524,967
2026-02-25T18:00:00+00:00,65.524,65.78999999999999,65.47,65.71799999999999,1082
2026-02-25T18:30:00+00:00,65.71799999999999,65.764,65.54899999999999,65.58399999999999,997
2026-02-25T19:00:00+00:00,65.58399999999999,65.619,65.34299999999999,65.46499999999999,1712
2026-02-25T19:30:00+00:00,65.46499999999999,65.74,65.448,65.72,838
2026-02-25T20:00:00+00:00,65.72,65.729,65.58399999999999,65.594,697
2026-02-25T20:30:00+00:00,65.594,65.594,65.41799999999999,65.45899999999999,488
2026-02-25T21:00:00+00:00,65.45899999999999,65.53399999999999,65.42399999999999,65.48899999999999,365
2026-02-25T21:30:00+00:00,65.48899999999999,65.59899999999999,65.473,65.569,542
2026-02-25T23:00:00+00:00,65.558,65.697,65.552,65.622,205
2026-02-25T23:30:00+00:00,65.622,65.648,65.598,65.613,166
2026-02-26T00:00:00+00:00,65.613,65.839,65.537,65.782,313
2026-02-26T00:30:00+00:00,65.782,65.799,65.703,65.732,171
2026-02-26T01:00:00+00:00,65.732,65.743,65.519,65.648,933
2026-02-26T01:30:00+00:00,65.648,65.714,65.608,65.608,540
2026-02-26T02:00:00+00:00,65.608,65.653,65.488,65.504,436
2026-02-26T02:30:00+00:00,65.504,65.519,65.327,65.447,933
2026-02-26T03:00:00+00:00,65.447,65.588,65.432,65.538,552
2026-02-26T03:30:00+00:00,65.538,65.549,65.467,65.499,223
2026-02-26T04:00:00+00:00,65.499,65.589,65.498,65.557,207
2026-02-26T04:30:00+00:00,65.557,65.599,65.527,65.557,134
2026-02-26T05:00:00+00:00,65.557,65.614,65.538,65.567,211
2026-02-26T05:30:00+00:00,65.567,65.639,65.472,65.529,712
2026-02-26T06:00:00+00:00,65.529,65.559,65.422,65.453,514
2026-02-26T06:30:00+00:00,65.453,65.509,65.417,65.488,582
2026-02-26T07:00:00+00:00,65.488,65.589,65.457,65.494,638
2026-02-26T07:30:00+00:00,65.494,65.573,65.358,65.458,818
2026-02-26T08:00:00+00:00,65.458,65.647,65.398,65.542,1446
2026-02-26T08:30:00+00:00,65.542,65.574,65.387,65.444,1528
2026-02-26T09:00:00+00:00,65.444,65.454,64.882,64.962,2251
2026-02-26T09:30:00+00:00,64.962,65.128,64.787,65.092,2076
2026-02-26T10:00:00+00:00,65.092,65.109,64.397,64.414,3154
2026-02-26T10:30:00+00:00,64.414,64.459,64.199,64.347,2283
2026-02-26T11:00:00+00:00,64.347,64.633,64.277,64.384,1671
2026-02-26T11:30:00+00:00,64.384,64.419,64.24600000000001,64.277,835
2026-02-26T12:00:00+00:00,64.277,64.403,63.787000000000006,64.06700000000001,2375
2026-02-26T12:30:00+00:00,64.06700000000001,64.21300000000001,64.02600000000001,64.09100000000001,1525
2026-02-26T13:00:00+00:00,64.09100000000001,64.11800000000001,63.572,64.10600000000001,4140
2026-02-26T13:30:00+00:00,64.10600000000001,64.46300000000001,64.066,64.352,3035
2026-02-26T14:00:00+00:00,64.352,64.437,64.046,64.15100000000001,2401
2026-02-26T14:30:00+00:00,64.15100000000001,64.677,64.031,64.677,4418
2026-02-26T15:00:00+00:00,64.677,65.63300000000001,64.677,65.611,7635
2026-02-26T15:30:00+00:00,65.611,66.48100000000001,65.54700000000001,66.46300000000001,5745
2026-02-26T16:00:00+00:00,66.46300000000001,66.683,66.23700000000001,66.577,5536
2026-02-26T16:30:00+00:00,66.577,66.613,65.861,66.406,4499
2026-02-26T17:00:00+00:00,66.406,66.561,66.086,66.396,2543
2026-02-26T17:30:00+00:00,66.396,66.557,66.376,66.44200000000001,1446
2026-02-26T18:00:00+00:00,66.44200000000001,66.63300000000001,66.086,66.208,4859
2026-02-26T18:30:00+00:00,66.208,66.40700000000001,64.95100000000001,65.678,8367
2026-02-26T19:00:00+00:00,65.678,65.768,64.891,65.202,2396
2026-02-26T19:30:00+00:00,65.202,65.49300000000001,65.143,65.366,563
2026-02-26T20:00:00+00:00,65.377,65.444,65.222,65.389,639
2026-02-26T20:30:00+00:00,65.389,65.548,65.302,65.478,1036
2026-02-26T21:00:00+00:00,65.478,65.619,65.389,65.478,1011
2026-02-26T21:30:00+00:00,65.478,65.537,65.389,65.447,855
2026-02-26T23:00:00+00:00,65.447,65.447,65.202,65.277,410
2026-02-26T23:30:00+00:00,65.277,65.309,65.197,65.199,221
2026-02-27T00:00:00+00:00,65.199,65.282,65.137,65.263,251
2026-02-27T00:30:00+00:00,65.263,65.289,65.199,65.243,184
2026-02-27T01:00:00+00:00,65.243,65.249,64.844,64.998,1638
2026-02-27T01:30:00+00:00,64.998,65.138,64.93700000000001,65.10700000000001,738
2026-02-27T02:00:00+00:00,65.10700000000001,65.129,64.962,65.04800000000002,580
2026-02-27T02:30:00+00:00,65.04800000000002,65.099,64.96700000000001,65.049,969
2026-02-27T03:00:00+00:00,65.049,65.23200000000001,65.037,65.20700000000001,733
2026-02-27T03:30:00+00:00,65.20700000000001,65.30900000000001,65.177,65.30900000000001,533
2026-02-27T04:00:00+00:00,65.30900000000001,65.32900000000001,65.24700000000001,65.32900000000001,346
2026-02-27T04:30:00+00:00,65.32900000000001,65.42900000000002,65.29700000000001,65.33900000000001,350
2026-02-27T05:00:00+00:00,65.33900000000001,65.489,65.33800000000001,65.46900000000001,344
2026-02-27T05:30:00+00:00,65.46900000000001,65.67900000000002,65.42800000000001,65.57800000000002,1452
2026-02-27T06:00:00+00:00,65.57800000000002,65.733,65.50200000000001,65.682,642
2026-02-27T06:30:00+00:00,65.682,65.754,65.658,65.724,857
2026-02-27T07:00:00+00:00,65.724,65.772,65.664,65.712,799
2026-02-27T07:30:00+00:00,65.712,65.808,65.659,65.763,949
2026-02-27T08:00:00+00:00,65.763,66.049,65.66700000000002,65.94400000000002,2193
2026-02-27T08:30:00+00:00,65.94400000000002,65.94400000000002,65.55700000000002,65.70800000000001,2205
2026-02-27T09:00:00+00:00,65.70800000000001,66.16300000000001,65.63700000000001,65.98200000000001,2703
2026-02-27T09:30:00+00:00,65.98200000000001,66.45700000000001,65.93900000000001,66.43700000000001,2443
2026-02-27T10:00:00+00:00,66.43700000000001,66.54200000000002,66.22800000000001,66.26800000000001,2571
2026-02-27T10:30:00+00:00,66.26800000000001,66.60900000000001,66.12700000000001,66.55900000000001,2125
2026-02-27T11:00:00+00:00,66.55900000000001,66.73700000000001,66.46900000000001,66.629,2202
2026-02-27T11:30:00+00:00,66.629,66.927,66.623,66.867,1861
2026-02-27T12:00:00+00:00,66.867,66.95900000000002,66.763,66.808,1742
2026-02-27T12:30:00+00:00,66.808,67.049,66.808,67.03900000000002,1960
2026-02-27T13:00:00+00:00,67.03900000000002,67.629,67.02700000000002,67.558,5688
2026-02-27T13:30:00+00:00,67.558,67.80900000000001,67.43700000000001,67.75200000000001,4361
2026-02-27T14:00:00+00:00,67.75200000000001,67.82700000000001,67.18700000000001,67.30700000000002,5111
2026-02-27T14:30:00+00:00,67.30700000000002,67.41700000000002,66.867,66.89900000000002,6846
2026-02-27T15:00:00+00:00,66.89900000000002,67.07400000000001,66.784,66.92800000000001,4208
2026-02-27T15:30:00+00:00,66.92800000000001,67.02900000000001,66.48800000000001,66.91300000000001,4503
2026-02-27T16:00:00+00:00,66.91300000000001,66.92200000000001,66.507,66.52400000000002,3877
2026-02-27T16:30:00+00:00,66.52400000000002,66.67900000000002,66.418,66.54200000000002,2846
2026-02-27T17:00:00+00:00,66.54200000000002,66.799,66.48700000000001,66.653,2080
2026-02-27T17:30:00+00:00,66.653,66.80900000000001,66.12700000000001,66.75900000000001,6825
2026-02-27T18:00:00+00:00,66.75900000000001,66.94900000000001,66.69800000000001,66.90700000000001,2089
2026-02-27T18:30:00+00:00,66.90700000000001,67.05900000000001,66.80700000000002,67.043,1998
2026-02-27T19:00:00+00:00,67.043,67.18200000000002,66.85700000000001,67.06700000000001,2751
2026-02-27T19:30:00+00:00,67.06700000000001,67.22800000000001,66.96700000000001,67.06300000000002,1580
2026-02-27T20:00:00+00:00,67.06300000000002,67.30900000000001,67.007,67.183,1029
2026-02-27T20:30:00+00:00,67.183,67.409,67.049,67.26700000000001,1809
2026-02-27T21:00:00+00:00,67.26700000000001,67.39300000000001,66.97200000000001,67.352,1677
2026-02-27T21:30:00+00:00,67.352,67.41900000000001,67.29800000000002,67.39300000000001,455
2026-03-01T23:00:00+00:00,67.373,75.043,67.373,72.502,15802
2026-03-01T23:30:00+00:00,72.502,72.888,71.844,71.957,6210
2026-03-02T00:00:00+00:00,71.957,72.114,71.552,71.703,4060
2026-03-02T00:30:00+00:00,71.703,72.087,71.548,71.764,4313
2026-03-02T01:00:00+00:00,71.764,71.81400000000001,69.192,69.529,9058
2026-03-02T01:30:00+00:00,69.529,70.269,69.318,69.704,10809
2026-03-02T02:00:00+00:00,69.704,70.279,69.423,69.842,4888
2026-03-02T02:30:00+00:00,69.842,70.223,69.582,69.979,4766
2026-03-02T03:00:00+00:00,69.979,70.468,69.903,70.373,2882
2026-03-02T03:30:00+00:00,70.373,71.088,70.353,70.687,2992
2026-03-02T04:00:00+00:00,70.687,71.213,70.447,70.863,3179
2026-03-02T04:30:00+00:00,70.863,71.329,70.627,71.177,2839
2026-03-02T05:00:00+00:00,71.177,71.423,70.897,71.237,2862
2026-03-02T05:30:00+00:00,71.237,71.553,70.933,71.547,3534
2026-03-02T06:00:00+00:00,71.547,72.013,71.543,71.848,4580
2026-03-02T06:30:00+00:00,71.848,72.302,71.592,71.962,5105
2026-03-02T07:00:00+00:00,71.962,73.132,71.949,72.609,13263
2026-03-02T07:30:00+00:00,72.609,73.309,72.408,73.219,8548
2026-03-02T08:00:00+00:00,73.219,73.349,72.727,72.974,12035
2026-03-02T08:30:00+00:00,72.974,73.243,72.067,72.528,11049
2026-03-02T09:00:00+00:00,72.528,72.528,71.787,71.873,11273
2026-03-02T09:30:00+00:00,71.873,72.464,71.767,72.404,8576
2026-03-02T10:00:00+00:00,72.404,72.437,71.272,72.007,10977
2026-03-02T10:30:00+00:00,72.007,72.104,71.648,71.994,5972
2026-03-02T11:00:00+00:00,71.994,72.339,71.697,71.793,5416
2026-03-02T11:30:00+00:00,71.793,71.978,71.109,71.932,7186
2026-03-02T12:00:00+00:00,71.932,72.802,71.907,72.748,7497
2026-03-02T12:30:00+00:00,72.748,72.907,72.367,72.592,6695
2026-03-02T13:00:00+00:00,72.592,72.592,71.709,72.303,11972
2026-03-02T13:30:00+00:00,72.303,72.549,71.984,72.267,8046
2026-03-02T14:00:00+00:00,72.267,72.367,71.842,71.904,9340
2026-03-02T14:30:00+00:00,71.904,72.063,70.757,71.037,9371
2026-03-02T15:00:00+00:00,71.037,71.687,70.902,71.654,9171
2026-03-02T15:30:00+00:00,71.654,71.784,71.182,71.239,6478
2026-03-02T16:00:00+00:00,71.239,71.338,70.527,71.077,8975
2026-03-02T16:30:00+00:00,71.077,71.312,70.074,70.844,11992
2026-03-02T17:00:00+00:00,70.844,70.874,70.158,70.433,7869
2026-03-02T17:30:00+00:00,70.433,70.934,70.377,70.594,4810
2026-03-02T18:00:00+00:00,70.594,70.954,70.309,70.878,4150
2026-03-02T18:30:00+00:00,70.878,71.229,70.828,71.084,4237
2026-03-02T19:00:00+00:00,71.084,71.262,70.792,71.213,5117
2026-03-02T19:30:00+00:00,71.213,71.313,70.818,70.882,3028
2026-03-02T20:00:00+00:00,70.882,72.744,70.882,72.604,13860
2026-03-02T20:30:00+00:00,72.604,72.669,71.527,71.539,6431
2026-03-02T21:00:00+00:00,71.539,71.772,71.237,71.483,4094
2026-03-02T21:30:00+00:00,71.483,71.524,70.953,71.018,3290
2026-03-02T23:00:00+00:00,71.018,71.497,70.603,70.669,1288
2026-03-02T23:30:00+00:00,70.669,70.899,70.394,70.877,1090
2026-03-03T00:00:00+00:00,70.877,71.313,70.872,71.258,1065
2026-03-03T00:30:00+00:00,71.258,71.664,71.172,71.602,1001
2026-03-03T01:00:00+00:00,71.602,72.118,71.602,72.039,5621
2026-03-03T01:30:00+00:00,72.039,72.099,71.723,71.738,2515
2026-03-03T02:00:00+00:00,71.738,72.413,71.527,72.309,2810
2026-03-03T02:30:00+00:00,72.309,72.467,72.069,72.368,3249
2026-03-03T03:00:00+00:00,72.368,72.698,72.332,72.519,3044
2026-03-03T03:30:00+00:00,72.519,72.534,72.284,72.429,1757
2026-03-03T04:00:00+00:00,72.429,72.648,72.259,72.563,1662
2026-03-03T04:30:00+00:00,72.563,72.769,72.478,72.674,1554
2026-03-03T05:00:00+00:00,72.674,72.758,72.519,72.663,1378
2026-03-03T05:30:00+00:00,72.663,73.367,72.532,72.834,5668
2026-03-03T06:00:00+00:00,72.834,72.869,72.314,72.662,3895
2026-03-03T06:30:00+00:00,72.662,73.078,72.652,73.043,3665
2026-03-03T07:00:00+00:00,73.043,73.517,72.987,73.344,6569
2026-03-03T07:30:00+00:00,73.344,74.099,73.132,73.837,7422
2026-03-03T08:00:00+00:00,73.837,74.087,73.467,73.777,8936
2026-03-03T08:30:00+00:00,73.777,74.489,73.489,74.442,8900
2026-03-03T09:00:00+00:00,74.442,75.273,74.304,74.809,9878
2026-03-03T09:30:00+00:00,74.809,75.538,74.788,75.197,9464
2026-03-03T10:00:00+00:00,75.197,76.004,74.863,75.822,9288
2026-03-03T10:30:00+00:00,75.822,77.134,75.739,76.458,14567
2026-03-03T11:00:00+00:00,76.458,77.498,76.162,76.602,16765
2026-03-03T11:30:00+00:00,76.602,77.167,75.892,77.158,15369
2026-03-03T12:00:00+00:00,77.158,77.558,75.683,76.017,20066
2026-03-03T12:30:00+00:00,76.017,76.783,75.704,75.918,16197
2026-03-03T13:00:00+00:00,75.918,76.447,75.342,76.293,18657
2026-03-03T13:30:00+00:00,76.293,76.523,75.868,76.189,15855
2026-03-03T14:00:00+00:00,76.189,77.957,76.167,77.362,18557
2026-03-03T14:30:00+00:00,77.362,77.367,76.552,76.662,11600
2026-03-03T15:00:00+00:00,76.662,77.628,76.473,77.488,9708
2026-03-03T15:30:00+00:00,77.488,77.532,76.509,76.947,8918
2026-03-03T16:00:00+00:00,76.947,77.297,76.608,76.812,9776
2026-03-03T16:30:00+00:00,76.812,76.837,74.584,75.957,17706
2026-03-03T17:00:00+00:00,75.957,76.413,75.603,75.748,10470
2026-03-03T17:30:00+00:00,75.748,75.934,75.162,75.532,8103
2026-03-03T18:00:00+00:00,75.532,75.532,74.914,75.243,7266
2026-03-03T18:30:00+00:00,75.243,75.304,73.713,74.684,15017
2026-03-03T19:00:00+00:00,74.684,74.839,74.202,74.563,9638
2026-03-03T19:30:00+00:00,74.563,74.817,71.699,73.564,21236
2026-03-03T20:00:00+00:00,73.564,73.818,73.057,73.409,7732
2026-03-03T20:30:00+00:00,73.409,74.157,73.404,74.069,5374
2026-03-03T21:00:00+00:00,74.069,74.788,74.004,74.574,5466
2026-03-03T21:30:00+00:00,74.574,75.109,74.512,74.808,4643
2026-03-03T23:00:00+00:00,74.808,75.284,74.553,75.188,1037
2026-03-03T23:30:00+00:00,75.188,75.544,75.053,75.522,1109
2026-03-04T00:00:00+00:00,75.522,75.672,74.429,74.527,2165
2026-03-04T00:30:00+00:00,74.527,75.177,74.527,74.947,1541
2026-03-04T01:00:00+00:00,74.947,75.583,74.362,75.279,9827
2026-03-04T01:30:00+00:00,75.279,75.664,74.552,74.933,9235
2026-03-04T02:00:00+00:00,74.933,75.518,74.819,74.977,4817
2026-03-04T02:30:00+00:00,74.977,75.303,74.747,75.007,6075
2026-03-04T03:00:00+00:00,75.007,75.303,74.662,74.807,5214
2026-03-04T03:30:00+00:00,74.807,75.138,74.792,75.104,1946
2026-03-04T04:00:00+00:00,75.104,75.448,74.972,75.372,1886
2026-03-04T04:30:00+00:00,75.372,75.564,75.288,75.477,1681
2026-03-04T05:00:00+00:00,75.477,75.953,75.247,75.723,2355
2026-03-04T05:30:00+00:00,75.723,76.294,75.413,75.894,5850
2026-03-04T06:00:00+00:00,75.894,76.484,75.747,76.398,4046
2026-03-04T06:30:00+00:00,76.398,76.824,76.058,76.824,4354
2026-03-04T07:00:00+00:00,76.824,76.959,76.379,76.767,5870
2026-03-04T07:30:00+00:00,76.767,76.849,76.327,76.438,5604
2026-03-04T08:00:00+00:00,76.438,76.848,76.087,76.692,8372
2026-03-04T08:30:00+00:00,76.692,77.208,76.637,76.724,8811
2026-03-04T09:00:00+00:00,76.724,76.898,75.892,76.138,7234
2026-03-04T09:30:00+00:00,76.138,76.787,75.562,76.742,8029
2026-03-04T10:00:00+00:00,76.742,76.782,74.968,75.743,16400
2026-03-04T10:30:00+00:00,75.743,75.769,74.837,75.214,8320
2026-03-04T11:00:00+00:00,75.214,75.583,74.438,74.672,8758
2026-03-04T11:30:00+00:00,74.672,75.097,74.458,74.924,6256
2026-03-04T12:00:00+00:00,74.924,75.263,74.219,74.652,9616
2026-03-04T12:30:00+00:00,74.652,75.047,74.237,74.634,7705
2026-03-04T13:00:00+00:00,74.634,74.647,73.313,74.034,16455
2026-03-04T13:30:00+00:00,74.034,74.363,73.284,73.892,10438
2026-03-04T14:00:00+00:00,73.892,74.369,73.668,74.119,11475
2026-03-04T14:30:00+00:00,74.119,75.128,74.074,74.329,11262
2026-03-04T15:00:00+00:00,74.329,74.514,73.707,74.027,9850
2026-03-04T15:30:00+00:00,74.027,74.363,73.658,74.214,9242
2026-03-04T16:00:00+00:00,74.214,74.763,73.757,73.814,8901
2026-03-04T16:30:00+00:00,73.814,74.148,73.647,74.142,7200
2026-03-04T17:00:00+00:00,74.142,75.104,74.047,74.929,6776
2026-03-04T17:30:00+00:00,74.929,75.174,74.613,75.108,7341
2026-03-04T18:00:00+00:00,75.108,75.144,74.713,74.858,5943
2026-03-04T18:30:00+00:00,74.858,75.213,74.712,74.893,4489
2026-03-04T19:00:00+00:00,74.893,74.898,74.379,74.682,6292
2026-03-04T19:30:00+00:00,74.682,74.748,74.387,74.497,2436
2026-03-04T20:00:00+00:00,74.497,75.224,74.487,75.189,2760
2026-03-04T20:30:00+00:00,75.189,75.344,75.052,75.278,3301
2026-03-04T21:00:00+00:00,75.278,76.219,75.232,75.982,3395
2026-03-04T21:30:00+00:00,75.982,76.157,75.753,76.079,2772
2026-03-04T23:00:00+00:00,76.079,76.094,75.813,76.044,874
2026-03-04T23:30:00+00:00,76.044,76.114,75.887,75.934,376
2026-03-05T00:00:00+00:00,75.934,75.939,75.548,75.748,1007
2026-03-05T00:30:00+00:00,75.748,75.783,75.618,75.699,497
2026-03-05T01:00:00+00:00,75.699,76.849,75.699,76.714,7601
2026-03-05T01:30:00+00:00,76.714,76.932,76.412,76.898,4142
2026-03-05T02:00:00+00:00,76.898,77.329,76.734,77.298,2893
2026-03-05T02:30:00+00:00,77.298,77.389,76.867,77.362,4434
2026-03-05T03:00:00+00:00,77.362,77.369,76.907,77.143,3474
2026-03-05T03:30:00+00:00,77.143,77.244,77.009,77.067,2857
2026-03-05T04:00:00+00:00,77.067,77.624,77.042,77.439,2293
2026-03-05T04:30:00+00:00,77.439,77.468,77.143,77.368,1933
2026-03-05T05:00:00+00:00,77.368,77.598,77.302,77.419,2525
2026-03-05T05:30:00+00:00,77.419,78.059,77.368,77.727,4732
2026-03-05T06:00:00+00:00,77.727,77.727,77.247,77.443,6021
2026-03-05T06:30:00+00:00,77.443,77.723,76.078,76.558,10416
2026-03-05T07:00:00+00:00,76.558,77.127,76.532,76.879,7094
2026-03-05T07:30:00+00:00,76.879,77.279,76.867,77.147,5583
2026-03-05T08:00:00+00:00,77.147,77.639,76.867,77.639,8824
2026-03-05T08:30:00+00:00,77.639,77.639,76.828,76.993,6588
2026-03-05T09:00:00+00:00,76.993,77.112,74.969,75.697,16966
2026-03-05T09:30:00+00:00,75.697,76.517,75.584,76.378,8635
2026-03-05T10:00:00+00:00,76.378,76.607,76.102,76.268,6258
2026-03-05T10:30:00+00:00,76.268,76.684,76.108,76.493,6093
2026-03-05T11:00:00+00:00,76.493,76.822,76.333,76.653,5065
2026-03-05T11:30:00+00:00,76.653,77.139,76.617,77.047,4630
2026-03-05T12:00:00+00:00,77.047,77.297,76.632,76.947,6074
2026-03-05T12:30:00+00:00,76.947,77.452,76.607,77.193,5723
2026-03-05T13:00:00+00:00,77.193,77.354,76.562,76.927,9361
2026-03-05T13:30:00+00:00,76.927,77.307,76.657,77.127,9035
2026-03-05T14:00:00+00:00,77.127,78.339,76.843,77.874,10807
2026-03-05T14:30:00+00:00,77.874,78.209,77.523,77.954,8861
2026-03-05T15:00:00+00:00,77.954,78.779,77.714,78.728,9376
2026-03-05T15:30:00+00:00,78.728,79.024,78.529,78.632,9974
2026-03-05T16:00:00+00:00,78.632,79.904,78.298,79.567,12326
2026-03-05T16:30:00+00:00,79.567,79.614,78.952,79.204,8663
2026-03-05T17:00:00+00:00,79.204,79.779,79.074,79.543,7304
2026-03-05T17:30:00+00:00,79.543,79.707,78.812,79.637,8519
2026-03-05T18:00:00+00:00,79.637,80.823,79.044,80.803,9002
2026-03-05T18:30:00+00:00,80.803,81.087,80.428,80.823,7561
2026-03-05T19:00:00+00:00,80.823,81.614,80.683,80.954,10666
2026-03-05T19:30:00+00:00,80.954,81.697,80.619,81.593,6341
2026-03-05T20:00:00+00:00,81.593,82.137,79.393,79.763,16312
2026-03-05T20:30:00+00:00,79.763,80.364,79.579,79.777,7582
2026-03-05T21:00:00+00:00,79.777,79.958,78.882,79.004,6050
2026-03-05T21:30:00+00:00,79.004,79.207,78.604,78.888,4863
2026-03-05T23:00:00+00:00,78.888,79.893,78.888,79.608,1336
2026-03-05T23:30:00+00:00,79.608,79.718,78.962,79.413,1219
2026-03-06T00:00:00+00:00,79.413,79.593,79.079,79.213,1211
2026-03-06T00:30:00+00:00,79.213,79.354,78.534,78.648,1768
2026-03-06T01:00:00+00:00,78.648,79.104,78.218,79.058,9090
2026-03-06T01:30:00+00:00,79.058,79.818,78.942,79.782,5956
2026-03-06T02:00:00+00:00,79.782,79.832,79.252,79.467,4228
2026-03-06T02:30:00+00:00,79.467,79.708,79.143,79.659,4254
2026-03-06T03:00:00+00:00,79.659,80.117,79.469,79.958,4534
2026-03-06T03:30:00+00:00,79.958,80.157,79.847,80.002,2092
2026-03-06T04:00:00+00:00,80.002,80.054,79.792,79.863,1585
2026-03-06T04:30:00+00:00,79.863,80.069,79.777,80.004,1544
2026-03-06T05:00:00+00:00,80.004,80.148,79.913,79.957,1576
2026-03-06T05:30:00+00:00,79.957,80.418,79.682,80.302,6879
2026-03-06T06:00:00+00:00,80.302,80.744,80.228,80.679,5161
2026-03-06T06:30:00+00:00,80.679,80.912,80.367,80.692,4631
2026-03-06T07:00:00+00:00,80.692,80.784,80.259,80.583,3941
2026-03-06T07:30:00+00:00,80.583,81.109,80.337,81.073,4669
2026-03-06T08:00:00+00:00,81.073,81.732,80.833,81.652,8242
2026-03-06T08:30:00+00:00,81.652,81.667,81.079,81.367,6382
2026-03-06T09:00:00+00:00,81.367,82.914,81.158,82.863,8811
2026-03-06T09:30:00+00:00,82.863,84.864,82.722,84.682,15228
2026-03-06T10:00:00+00:00,84.682,84.693,83.568,83.732,12120
2026-03-06T10:30:00+00:00,83.732,84.434,83.667,84.007,9162
2026-03-06T11:00:00+00:00,84.007,84.874,83.917,84.499,10044
2026-03-06T11:30:00+00:00,84.499,86.204,84.457,86.024,13450
2026-03-06T12:00:00+00:00,86.024,86.562,85.303,85.933,12810
2026-03-06T12:30:00+00:00,85.933,86.679,85.867,86.074,9535
2026-03-06T13:00:00+00:00,86.074,86.547,84.873,86.343,18711
2026-03-06T13:30:00+00:00,86.343,87.749,85.792,87.348,16386
2026-03-06T14:00:00+00:00,87.348,88.423,87.089,88.072,17837
2026-03-06T14:30:00+00:00,88.072,89.593,87.803,88.707,16242
2026-03-06T15:00:00+00:00,88.707,89.013,87.502,88.993,14885
2026-03-06T15:30:00+00:00,88.993,89.514,88.412,88.812,13391
2026-03-06T16:00:00+00:00,88.812,89.237,88.217,88.707,13110
2026-03-06T16:30:00+00:00,88.707,90.338,88.707,90.268,13747
2026-03-06T17:00:00+00:00,90.268,91.443,89.659,91.223,15361
2026-03-06T17:30:00+00:00,91.223,92.498,91.103,92.387,17561
2026-03-06T18:00:00+00:00,92.387,92.484,89.548,90.668,21232
2026-03-06T18:30:00+00:00,90.668,91.739,90.268,91.593,11778
2026-03-06T19:00:00+00:00,91.593,91.593,90.183,90.839,20164
2026-03-06T19:30:00+00:00,90.839,91.688,90.212,91.324,11195
2026-03-06T20:00:00+00:00,91.324,91.353,90.589,91.107,6526
2026-03-06T20:30:00+00:00,91.107,91.107,90.312,90.668,6090
2026-03-06T21:00:00+00:00,90.668,91.512,90.572,91.029,4797
2026-03-06T21:30:00+00:00,91.029,91.089,90.592,90.814,2255
2026-03-08T22:00:00+00:00,90.814,111.122,90.814,106.274,28357
2026-03-08T22:30:00+00:00,106.274,109.023,106.212,106.884,17242
2026-03-08T23:00:00+00:00,106.884,107.134,105.044,106.184,12974
2026-03-08T23:30:00+00:00,106.184,108.463,106.003,108.028,9653
2026-03-09T00:00:00+00:00,108.028,108.109,106.469,107.682,10792
2026-03-09T00:30:00+00:00,107.682,109.987,107.653,108.253,10398
2026-03-09T01:00:00+00:00,108.253,109.949,108.042,109.129,10233
2026-03-09T01:30:00+00:00,109.129,115.624,109.092,115.034,17680
2026-03-09T02:00:00+00:00,115.034,118.819,113.054,116.552,27012
2026-03-09T02:30:00+00:00,116.552,119.423,112.083,114.262,25453
2026-03-09T03:00:00+00:00,114.262,114.919,111.343,114.402,17841
2026-03-09T03:30:00+00:00,114.402,116.439,113.639,115.562,12183
2026-03-09T04:00:00+00:00,115.562,116.372,114.593,115.043,9786
2026-03-09T04:30:00+00:00,115.043,116.734,114.902,115.834,8852
2026-03-09T05:00:00+00:00,115.834,115.919,106.533,106.922,29594
2026-03-09T05:30:00+00:00,106.922,109.073,103.022,103.652,38434
2026-03-09T06:00:00+00:00,103.652,105.353,100.024,104.644,30649
2026-03-09T06:30:00+00:00,104.644,107.349,103.514,104.462,20092
2026-03-09T07:00:00+00:00,104.462,104.462,101.212,101.264,16353
2026-03-09T07:30:00+00:00,101.264,103.557,100.353,102.764,16467
2026-03-09T08:00:00+00:00,102.764,104.902,101.543,104.754,18535
2026-03-09T08:30:00+00:00,104.754,104.832,102.542,103.182,16125
2026-03-09T09:00:00+00:00,103.182,104.774,101.312,101.593,14994
2026-03-09T09:30:00+00:00,101.593,102.004,96.322,101.083,24995
2026-03-09T10:00:00+00:00,101.083,102.459,100.602,102.444,16028
2026-03-09T10:30:00+00:00,102.444,103.882,102.022,103.183,17276
2026-03-09T11:00:00+00:00,103.183,103.707,101.673,103.312,13097
2026-03-09T11:30:00+00:00,103.312,103.653,101.562,102.154,10735
2026-03-09T12:00:00+00:00,102.154,102.269,100.124,100.977,12672
2026-03-09T12:30:00+00:00,100.977,103.489,100.613,102.193,12183
2026-03-09T13:00:00+00:00,102.193,102.193,98.762,100.112,21147
2026-03-09T13:30:00+00:00,100.112,101.313,97.193,99.649,24074
2026-03-09T14:00:00+00:00,99.649,104.503,99.343,101.424,25775
2026-03-09T14:30:00+00:00,101.424,101.759,99.584,100.488,16375
2026-03-09T15:00:00+00:00,100.488,100.597,95.213,95.607,21246
2026-03-09T15:30:00+00:00,95.607,97.049,94.644,95.582,18969
2026-03-09T16:00:00+00:00,95.582,97.314,93.143,94.709,22736
2026-03-09T16:30:00+00:00,94.709,95.772,93.164,94.758,18303
2026-03-09T17:00:00+00:00,94.758,96.002,94.193,94.844,12772
2026-03-09T17:30:00+00:00,94.844,95.482,94.267,94.917,12109
2026-03-09T18:00:00+00:00,94.917,94.968,91.633,94.808,23883
2026-03-09T18:30:00+00:00,94.808,95.399,94.012,95.262,12004
2026-03-09T19:00:00+00:00,95.262,95.567,86.753,87.553,24871
2026-03-09T19:30:00+00:00,87.553,88.934,81.172,85.842,40868
2026-03-09T20:00:00+00:00,85.842,88.777,84.594,85.213,27984
2026-03-09T20:30:00+00:00,85.213,85.624,82.624,85.042,23377
2026-03-09T22:00:00+00:00,85.042,89.909,85.014,87.894,9793
2026-03-09T22:30:00+00:00,87.894,88.897,87.314,87.854,5469
2026-03-09T23:00:00+00:00,87.854,89.178,87.087,88.993,3388
2026-03-09T23:30:00+00:00,88.993,90.193,88.632,88.632,3878
2026-03-10T00:00:00+00:00,88.632,89.314,87.103,88.382,9991
2026-03-10T00:30:00+00:00,88.382,88.397,85.222,86.767,10669
2026-03-10T01:00:00+00:00,86.767,87.004,84.504,86.469,14834
2026-03-10T01:30:00+00:00,86.469,86.503,84.424,84.872,10040
2026-03-10T02:00:00+00:00,84.872,85.697,84.683,85.447,7247
2026-03-10T02:30:00+00:00,85.447,88.854,85.404,88.608,10143
2026-03-10T03:00:00+00:00,88.608,89.742,88.143,89.403,11318
2026-03-10T03:30:00+00:00,89.403,91.419,89.172,89.864,10679
2026-03-10T04:00:00+00:00,89.864,91.039,89.603,90.562,6491
2026-03-10T04:30:00+00:00,90.562,90.854,89.802,90.492,5057
2026-03-10T05:00:00+00:00,90.492,90.492,87.704,88.788,9214
2026-03-10T05:30:00+00:00,88.788,89.054,87.432,89.054,11252
2026-03-10T06:00:00+00:00,89.054,89.589,87.844,89.182,10086
2026-03-10T06:30:00+00:00,89.182,90.013,89.023,89.807,10217
2026-03-10T07:00:00+00:00,89.807,90.008,86.172,86.232,11659
2026-03-10T07:30:00+00:00,86.232,87.477,85.533,85.784,10393
2026-03-10T08:00:00+00:00,85.784,87.468,85.252,87.092,13268
2026-03-10T08:30:00+00:00,87.092,88.612,86.593,88.553,9110
2026-03-10T09:00:00+00:00,88.553,88.712,86.707,87.429,9938
2026-03-10T09:30:00+00:00,87.429,87.522,85.902,86.928,10536
2026-03-10T10:00:00+00:00,86.928,89.468,86.729,88.152,10976
2026-03-10T10:30:00+00:00,88.152,90.127,88.064,88.763,10038
2026-03-10T11:00:00+00:00,88.763,89.364,86.452,88.053,12977
2026-03-10T11:30:00+00:00,88.053,89.848,87.932,89.184,8963
2026-03-10T12:00:00+00:00,89.184,91.057,88.893,90.748,12364
2026-03-10T12:30:00+00:00,90.748,90.993,88.742,89.499,10925
2026-03-10T13:00:00+00:00,89.499,89.499,88.087,88.798,15254
2026-03-10T13:30:00+00:00,88.798,89.044,87.187,87.572,15187
2026-03-10T14:00:00+00:00,87.572,88.459,86.308,86.403,12283
2026-03-10T14:30:00+00:00,86.403,86.454,83.093,84.217,20506
2026-03-10T15:00:00+00:00,84.217,84.659,82.814,83.219,16561
2026-03-10T15:30:00+00:00,83.219,84.883,83.017,84.299,13980
2026-03-10T16:00:00+00:00,84.299,85.757,84.299,84.584,13578
2026-03-10T16:30:00+00:00,84.584,84.754,82.053,82.318,14078
2026-03-10T17:00:00+00:00,82.318,82.659,76.772,78.497,33649
2026-03-10T17:30:00+00:00,78.497,81.524,78.444,80.184,23826
2026-03-10T18:00:00+00:00,80.184,86.588,79.619,83.803,29858
2026-03-10T18:30:00+00:00,83.803,84.989,82.824,84.077,16029
2026-03-10T19:00:00+00:00,84.077,87.142,83.908,86.982,11182
2026-03-10T19:30:00+00:00,86.982,87.693,85.254,86.619,13241
2026-03-10T20:00:00+00:00,86.619,86.937,85.823,86.683,8592
2026-03-10T20:30:00+00:00,86.683,87.219,86.353,86.393,4925
2026-03-10T22:00:00+00:00,86.393,87.833,86.393,87.482,1784
2026-03-10T22:30:00+00:00,87.482,88.549,87.402,88.294,1764
2026-03-10T23:00:00+00:00,88.294,88.308,85.553,85.782,3086
2026-03-10T23:30:00+00:00,85.782,86.208,85.234,85.613,1977
2026-03-11T00:00:00+00:00,85.613,85.707,81.772,83.143,10468
2026-03-11T00:30:00+00:00,83.143,83.704,82.552,82.937,6063
2026-03-11T01:00:00+00:00,82.937,84.458,82.443,83.557,10256
2026-03-11T01:30:00+00:00,83.557,84.039,82.772,83.108,6959
2026-03-11T02:00:00+00:00,83.108,84.128,82.962,84.069,5782
2026-03-11T02:30:00+00:00,84.069,85.048,83.949,84.127,6828
2026-03-11T03:00:00+00:00,84.127,84.322,83.428,83.643,5672
2026-03-11T03:30:00+00:00,83.643,83.697,82.623,82.834,4446
2026-03-11T04:00:00+00:00,82.834,83.543,82.654,82.779,3554
2026-03-11T04:30:00+00:00,82.779,83.183,82.374,83.044,3354
2026-03-11T05:00:00+00:00,83.044,83.744,82.932,83.259,3124
2026-03-11T05:30:00+00:00,83.259,84.264,83.112,83.997,5928
2026-03-11T06:00:00+00:00,83.997,84.539,83.833,83.948,4505
2026-03-11T06:30:00+00:00,83.948,84.108,83.158,83.547,4485
2026-03-11T07:00:00+00:00,83.547,84.653,83.332,84.332,6295
2026-03-11T07:30:00+00:00,84.332,85.752,84.263,85.464,7901
2026-03-11T08:00:00+00:00,85.464,85.97,84.893,85.793,7380
2026-03-11T08:30:00+00:00,85.793,86.80000000000001,84.91000000000001,86.453,9213
2026-03-11T09:00:00+00:00,86.453,88.62,86.30900000000001,88.584,10683
2026-03-11T09:30:00+00:00,88.584,88.894,87.723,88.76,8433
2026-03-11T10:00:00+00:00,88.76,88.76,86.238,86.83500000000001,10101
2026-03-11T10:30:00+00:00,86.83500000000001,87.168,84.71000000000001,84.894,10317
2026-03-11T11:00:00+00:00,84.894,86.174,84.659,85.979,7793
2026-03-11T11:30:00+00:00,85.979,87.233,85.815,86.68,12180
2026-03-11T12:00:00+00:00,86.68,87.355,86.18400000000001,86.78,8903
2026-03-11T12:30:00+00:00,86.78,88.04400000000001,86.453,87.2,9187
2026-03-11T13:00:00+00:00,87.2,87.2,85.223,85.595,14444
2026-03-11T13:30:00+00:00,85.595,86.10900000000001,83.515,84.03800000000001,12969
2026-03-11T14:00:00+00:00,84.03800000000001,86.799,82.068,86.68400000000001,21421
2026-03-11T14:30:00+00:00,86.68400000000001,86.97500000000001,85.798,86.18,10543
2026-03-11T15:00:00+00:00,86.18,87.455,85.77000000000001,87.409,10527
2026-03-11T15:30:00+00:00,87.409,87.63000000000001,86.77300000000001,87.595,9221
2026-03-11T16:00:00+00:00,87.595,88.608,87.47800000000001,87.89,11117
2026-03-11T16:30:00+00:00,87.89,88.05900000000001,86.918,87.13000000000001,8991
2026-03-11T17:00:00+00:00,87.13000000000001,87.13000000000001,86.17500000000001,86.715,8095
2026-03-11T17:30:00+00:00,86.715,88.33,86.61800000000001,87.85000000000001,10917
2026-03-11T18:00:00+00:00,87.85000000000001,88.41900000000001,86.683,86.858,14266
2026-03-11T18:30:00+00:00,86.858,87.84,86.79400000000001,87.248,7423
2026-03-11T19:00:00+00:00,87.248,87.614,86.955,87.589,3876
2026-03-11T19:30:00+00:00,87.589,88.06,87.543,87.96900000000001,2587
2026-03-11T20:00:00+00:00,87.96900000000001,88.554,87.88300000000001,88.158,3326
2026-03-11T20:30:00+00:00,88.158,88.584,87.94,88.4,2547
2026-03-11T22:00:00+00:00,88.399,91.352,88.399,91.144,4299
2026-03-11T22:30:00+00:00,91.144,92.939,90.634,90.792,7161
2026-03-11T23:00:00+00:00,90.792,92.612,90.713,92.584,4183
2026-03-11T23:30:00+00:00,92.584,94.334,92.393,92.434,6099
2026-03-12T00:00:00+00:00,92.434,94.174,92.004,93.718,10569
2026-03-12T00:30:00+00:00,93.718,93.718,92.537,93.118,5369
2026-03-12T01:00:00+00:00,93.118,93.478,91.707,92.299,9878
2026-03-12T01:30:00+00:00,92.299,93.648,92.199,93.218,5650
2026-03-12T02:00:00+00:00,93.218,93.814,93.177,93.619,4180
2026-03-12T02:30:00+00:00,93.619,95.938,93.619,94.539,9123
2026-03-12T03:00:00+00:00,94.539,95.517,94.274,95.133,6347
2026-03-12T03:30:00+00:00,95.133,95.354,93.923,94.443,4623
2026-03-12T04:00:00+00:00,94.443,94.602,94.027,94.454,3067
2026-03-12T04:30:00+00:00,94.454,95.194,94.352,94.798,3911
2026-03-12T05:00:00+00:00,94.798,94.799,92.332,94.209,8617
2026-03-12T05:30:00+00:00,94.209,94.527,93.042,93.054,8194
2026-03-12T06:00:00+00:00,93.054,93.693,92.634,92.778,7423
2026-03-12T06:30:00+00:00,92.778,93.122,91.474,92.539,7858
2026-03-12T07:00:00+00:00,92.539,92.539,90.327,90.903,8488
2026-03-12T07:30:00+00:00,90.903,91.393,89.892,90.438,8113
2026-03-12T08:00:00+00:00,90.438,92.094,90.234,91.984,10240
2026-03-12T08:30:00+00:00,91.984,92.482,91.682,92.083,7093
2026-03-12T09:00:00+00:00,92.083,92.858,91.783,92.449,6524
2026-03-12T09:30:00+00:00,92.449,92.639,91.044,91.218,6544
2026-03-12T10:00:00+00:00,91.218,91.829,90.858,91.332,6462
2026-03-12T10:30:00+00:00,91.332,91.358,90.708,91.054,5500
2026-03-12T11:00:00+00:00,91.054,92.382,91.012,91.709,5522
2026-03-12T11:30:00+00:00,91.709,92.818,91.262,92.643,5947
2026-03-12T12:00:00+00:00,92.643,93.527,92.372,93.212,7533
2026-03-12T12:30:00+00:00,93.212,93.549,92.609,92.872,6597
2026-03-12T13:00:00+00:00,92.872,95.137,92.574,94.339,16202
2026-03-12T13:30:00+00:00,94.339,95.044,93.592,94.763,11480
2026-03-12T14:00:00+00:00,94.763,96.072,94.194,95.997,9364
2026-03-12T14:30:00+00:00,95.997,96.174,94.262,95.669,15550
2026-03-12T15:00:00+00:00,95.669,96.992,95.487,96.532,12332
2026-03-12T15:30:00+00:00,96.532,97.159,94.302,94.538,17154
2026-03-12T16:00:00+00:00,94.538,95.762,94.459,94.767,10603
2026-03-12T16:30:00+00:00,94.767,95.058,93.024,94.817,10554
2026-03-12T17:00:00+00:00,94.817,95.487,94.423,95.119,8451
2026-03-12T17:30:00+00:00,95.119,95.362,94.208,94.347,6827
2026-03-12T18:00:00+00:00,94.347,95.869,93.903,95.708,10399
2026-03-12T18:30:00+00:00,95.708,96.662,95.582,96.534,6209
2026-03-12T19:00:00+00:00,96.534,96.932,95.692,96.164,5497
2026-03-12T19:30:00+00:00,96.164,96.544,95.422,96.298,3934
2026-03-12T20:00:00+00:00,96.298,96.619,95.709,96.272,3633
2026-03-12T20:30:00+00:00,96.272,96.633,96.128,96.364,2565
2026-03-12T22:00:00+00:00,96.364,97.978,96.364,97.257,3130
2026-03-12T22:30:00+00:00,97.257,97.319,95.683,96.219,2986
2026-03-12T23:00:00+00:00,96.219,97.474,96.219,96.862,1997
2026-03-12T23:30:00+00:00,96.862,97.029,96.412,96.569,1710
2026-03-13T00:00:00+00:00,96.569,96.689,94.834,95.153,4472
2026-03-13T00:30:00+00:00,95.153,95.719,94.882,95.538,3700
2026-03-13T01:00:00+00:00,95.538,95.568,94.663,94.969,6444
2026-03-13T01:30:00+00:00,94.969,96.188,94.898,95.694,4145
2026-03-13T02:00:00+00:00,95.694,95.868,95.303,95.789,3068
2026-03-13T02:30:00+00:00,95.789,96.459,95.469,96.228,3887
2026-03-13T03:00:00+00:00,96.228,96.578,95.828,95.917,3705
2026-03-13T03:30:00+00:00,95.917,95.942,95.188,95.548,3030
2026-03-13T04:00:00+00:00,95.548,95.762,95.279,95.657,1668
2026-03-13T04:30:00+00:00,95.657,95.844,95.212,95.262,1987
2026-03-13T05:00:00+00:00,95.262,95.598,95.088,95.238,2513
2026-03-13T05:30:00+00:00,95.238,95.397,94.882,95.114,4152
2026-03-13T06:00:00+00:00,95.114,95.799,94.504,95.612,5233
2026-03-13T06:30:00+00:00,95.612,96.284,95.209,96.193,4123
2026-03-13T07:00:00+00:00,96.193,97.049,96.024,96.648,4219
2026-03-13T07:30:00+00:00,96.648,97.567,96.239,97.164,5553
2026-03-13T08:00:00+00:00,97.164,97.812,96.898,97.107,7925
2026-03-13T08:30:00+00:00,97.107,97.144,95.477,95.669,7553
2026-03-13T09:00:00+00:00,95.669,96.003,94.973,95.889,7334
2026-03-13T09:30:00+00:00,95.889,96.244,95.628,95.758,3597
2026-03-13T10:00:00+00:00,95.758,95.907,94.949,95.127,4527
2026-03-13T10:30:00+00:00,95.127,95.393,93.357,93.667,7827
2026-03-13T11:00:00+00:00,93.667,95.019,93.112,94.413,8887
2026-03-13T11:30:00+00:00,94.413,94.554,93.192,93.413,5618
2026-03-13T12:00:00+00:00,93.413,94.019,93.014,93.869,6586
2026-03-13T12:30:00+00:00,93.869,94.369,92.064,93.564,10357
2026-03-13T13:00:00+00:00,93.564,94.199,92.882,93.597,10615
2026-03-13T13:30:00+00:00,93.597,94.553,93.199,94.429,10525
2026-03-13T14:00:00+00:00,94.429,94.854,94.179,94.533,7823
2026-03-13T14:30:00+00:00,94.533,95.723,94.012,95.617,8035
2026-03-13T15:00:00+00:00,95.617,96.122,95.442,95.749,6864
2026-03-13T15:30:00+00:00,95.749,96.779,95.597,96.374,9682
2026-03-13T16:00:00+00:00,96.374,97.514,96.203,97.132,8491
2026-03-13T16:30:00+00:00,97.132,97.238,96.423,96.862,6210
2026-03-13T17:00:00+00:00,96.862,97.012,96.377,96.693,6080
2026-03-13T17:30:00+00:00,96.693,98.209,96.683,97.954,7320
2026-03-13T18:00:00+00:00,97.954,99.287,97.719,98.548,12836
2026-03-13T18:30:00+00:00,98.548,98.557,96.978,97.439,6893
2026-03-13T19:00:00+00:00,97.439,98.053,97.233,97.919,4028
2026-03-13T19:30:00+00:00,97.919,98.313,97.683,98.189,3674
2026-03-13T20:00:00+00:00,98.189,98.943,98.189,98.632,3628
2026-03-13T20:30:00+00:00,98.632,98.914,98.382,98.894,1371
2026-03-15T22:00:00+00:00,98.894,101.728,98.894,101.159,10143
2026-03-15T22:30:00+00:00,101.159,101.349,99.348,99.552,5119
2026-03-15T23:00:00+00:00,99.552,100.278,99.432,99.778,4582
2026-03-15T23:30:00+00:00,99.778,100.407,98.422,98.769,4031
2026-03-16T00:00:00+00:00,98.769,98.848,97.618,98.102,5141
2026-03-16T00:30:00+00:00,98.102,98.218,97.343,97.454,3222
2026-03-16T01:00:00+00:00,97.454,98.307,96.722,98.273,7042
2026-03-16T01:30:00+00:00,98.273,98.717,98.073,98.483,5216
2026-03-16T02:00:00+00:00,98.483,99.043,98.098,98.902,4217
2026-03-16T02:30:00+00:00,98.902,99.352,98.629,98.913,5513
2026-03-16T03:00:00+00:00,98.913,99.253,98.782,98.877,3506
2026-03-16T03:30:00+00:00,98.877,99.318,98.539,99.249,2372
2026-03-16T04:00:00+00:00,99.249,99.659,99.192,99.514,1761
2026-03-16T04:30:00+00:00,99.514,99.743,99.429,99.523,1097
2026-03-16T05:00:00+00:00,99.523,99.669,99.322,99.557,1512
2026-03-16T05:30:00+00:00,99.557,99.704,98.298,98.429,4707
2026-03-16T06:00:00+00:00,98.429,99.434,98.103,99.154,4130
2026-03-16T06:30:00+00:00,99.154,99.652,98.844,98.894,3035
2026-03-16T07:00:00+00:00,98.894,100.474,98.562,100.369,4874
2026-03-16T07:30:00+00:00,100.369,100.983,100.242,100.489,3900
2026-03-16T08:00:00+00:00,100.489,100.869,99.873,100.193,5761
2026-03-16T08:30:00+00:00,100.193,100.754,99.532,99.758,4444
2026-03-16T09:00:00+00:00,99.758,100.239,99.112,99.252,3691
2026-03-16T09:30:00+00:00,99.252,99.399,98.608,99.122,4160
2026-03-16T10:00:00+00:00,99.122,99.274,97.524,97.604,4749
2026-03-16T10:30:00+00:00,97.604,97.914,96.672,96.803,5812
2026-03-16T11:00:00+00:00,96.803,97.793,96.648,97.584,5819
2026-03-16T11:30:00+00:00,97.584,97.589,96.802,96.988,4447
2026-03-16T12:00:00+00:00,96.988,97.379,96.344,96.608,5220
2026-03-16T12:30:00+00:00,96.608,96.693,94.552,95.253,11736
2026-03-16T13:00:00+00:00,95.253,95.653,94.322,94.829,11638
2026-03-16T13:30:00+00:00,94.829,95.093,92.978,93.329,10751
2026-03-16T14:00:00+00:00,93.329,94.379,93.013,94.263,10253
2026-03-16T14:30:00+00:00,94.263,95.393,94.262,95.138,8093
2026-03-16T15:00:00+00:00,95.138,95.714,94.738,95.363,6589
2026-03-16T15:30:00+00:00,95.363,95.599,94.544,95.454,7385
2026-03-16T16:00:00+00:00,95.454,96.553,94.947,96.242,7750
2026-03-16T16:30:00+00:00,96.242,96.324,95.227,95.554,4893
2026-03-16T17:00:00+00:00,95.554,95.577,93.769,93.982,9594
2026-03-16T17:30:00+00:00,93.982,94.603,93.868,94.277,6214
2026-03-16T18:00:00+00:00,94.277,94.549,92.983,93.487,12137
2026-03-16T18:30:00+00:00,93.487,94.009,93.332,93.459,3660
2026-03-16T19:00:00+00:00,93.459,94.732,93.459,93.982,3050
2026-03-16T19:30:00+00:00,93.982,94.307,92.963,93.357,5627
2026-03-16T20:00:00+00:00,93.357,93.879,93.077,93.847,3456
2026-03-16T20:30:00+00:00,93.847,94.348,93.558,94.202,3192
2026-03-16T22:00:00+00:00,94.202,94.609,93.872,94.333,1691
2026-03-16T22:30:00+00:00,94.333,95.234,94.309,94.938,1473
2026-03-16T23:00:00+00:00,94.938,95.282,94.758,95.043,1144
2026-03-16T23:30:00+00:00,95.043,95.043,94.452,94.908,1466
2026-03-17T00:00:00+00:00,94.908,95.529,94.862,95.403,3043
2026-03-17T00:30:00+00:00,95.403,96.333,95.367,95.877,3049
2026-03-17T01:00:00+00:00,95.877,96.174,95.458,95.493,4370
2026-03-17T01:30:00+00:00,95.493,95.923,95.182,95.822,3604
2026-03-17T02:00:00+00:00,95.822,96.147,95.803,95.952,2119
2026-03-17T02:30:00+00:00,95.952,96.122,95.559,95.957,2611
2026-03-17T03:00:00+00:00,95.957,96.078,95.772,95.969,2280
2026-03-17T03:30:00+00:00,95.969,96.264,95.727,96.007,2054
2026-03-17T04:00:00+00:00,96.007,96.273,95.749,95.868,1512
2026-03-17T04:30:00+00:00,95.868,95.888,95.444,95.829,1521
2026-03-17T05:00:00+00:00,95.829,95.843,95.344,95.387,1365
2026-03-17T05:30:00+00:00,95.387,97.963,95.263,97.798,5188
2026-03-17T06:00:00+00:00,97.798,98.393,97.014,97.153,6755
2026-03-17T06:30:00+00:00,97.153,97.728,97.002,97.484,4237
2026-03-17T07:00:00+00:00,97.484,97.729,96.587,96.852,5253
2026-03-17T07:30:00+00:00,96.852,97.323,96.484,96.882,4180
2026-03-17T08:00:00+00:00,96.882,97.872,96.718,97.578,7340
2026-03-17T08:30:00+00:00,97.578,97.838,96.847,97.428,6006
2026-03-17T09:00:00+00:00,97.428,97.443,95.892,95.959,5877
2026-03-17T09:30:00+00:00,95.959,96.418,95.624,95.892,5822
2026-03-17T10:00:00+00:00,95.892,96.897,95.878,96.674,5302
2026-03-17T10:30:00+00:00,96.674,96.834,96.109,96.178,4643
2026-03-17T11:00:00+00:00,96.178,96.527,96.152,96.453,4135
2026-03-17T11:30:00+00:00,96.453,97.014,96.363,96.883,4898
2026-03-17T12:00:00+00:00,96.883,96.994,95.244,95.398,7130
2026-03-17T12:30:00+00:00,95.398,95.793,95.107,95.107,6327
2026-03-17T13:00:00+00:00,95.107,95.333,94.434,94.768,10878
2026-03-17T13:30:00+00:00,94.768,95.112,93.931,95.085,7808
2026-03-17T14:00:00+00:00,95.085,95.532,94.82999999999998,94.886,6612
2026-03-17T14:30:00+00:00,94.886,94.98199999999999,93.865,94.17999999999999,7279
2026-03-17T15:00:00+00:00,94.17999999999999,95.08099999999999,93.942,94.996,5765
2026-03-17T15:30:00+00:00,94.996,95.94999999999999,94.78999999999999,95.66199999999999,7995
2026-03-17T16:00:00+00:00,95.66199999999999,95.81599999999999,94.34199999999998,94.38499999999999,8985
2026-03-17T16:30:00+00:00,94.38499999999999,95.36599999999999,94.371,95.03099999999999,5776
2026-03-17T17:00:00+00:00,95.03099999999999,96.02,95.00599999999999,95.65199999999999,6150
2026-03-17T17:30:00+00:00,95.65199999999999,95.916,95.002,95.746,6162
2026-03-17T18:00:00+00:00,95.746,96.32499999999999,95.356,96.08599999999998,7282
2026-03-17T18:30:00+00:00,96.08599999999998,96.22599999999998,95.832,95.95199999999998,3064
2026-03-17T19:00:00+00:00,95.95199999999998,96.21099999999998,95.681,95.832,2921
2026-03-17T19:30:00+00:00,95.832,96.30199999999999,95.80999999999999,96.14099999999999,2438
2026-03-17T20:00:00+00:00,96.14099999999999,96.297,95.81499999999998,95.972,1688
2026-03-17T20:30:00+00:00,95.972,96.195,95.886,96.02199999999999,2313
2026-03-17T22:00:00+00:00,96.024,96.369,94.983,95.574,2102
2026-03-17T22:30:00+00:00,95.574,96.032,95.313,95.832,1251
2026-03-17T23:00:00+00:00,95.832,96.308,95.633,96.239,1053
2026-03-17T23:30:00+00:00,96.239,96.307,95.762,95.937,912
2026-03-18T00:00:00+00:00,95.937,95.989,95.384,95.524,2680
2026-03-18T00:30:00+00:00,95.524,95.65599999999999,94.62,94.83200000000001,3018
2026-03-18T01:00:00+00:00,94.83200000000001,95.116,94.476,95.086,4220
2026-03-18T01:30:00+00:00,95.086,95.185,94.757,94.98700000000001,2866
2026-03-18T02:00:00+00:00,94.98700000000001,95.186,94.70700000000001,94.742,2517
2026-03-18T02:30:00+00:00,94.742,94.75500000000001,93.995,94.53,3916
2026-03-18T03:00:00+00:00,94.53,94.62700000000001,94.045,94.30000000000001,2827
2026-03-18T03:30:00+00:00,94.30000000000001,94.45700000000001,93.095,93.165,3763
2026-03-18T04:00:00+00:00,93.165,93.31700000000001,92.81700000000001,93.182,3882
2026-03-18T04:30:00+00:00,93.182,93.29,92.88600000000001,93.152,2496
2026-03-18T05:00:00+00:00,93.152,93.552,92.751,92.93700000000001,2473
2026-03-18T05:30:00+00:00,92.93700000000001,93.072,92.495,92.64500000000001,4139
2026-03-18T06:00:00+00:00,92.64500000000001,93.18700000000001,91.96600000000001,92.49000000000001,5387
2026-03-18T06:30:00+00:00,92.49000000000001,93.37,92.36500000000001,93.25500000000001,4207
2026-03-18T07:00:00+00:00,93.25500000000001,93.58500000000001,93.03,93.435,3595
2026-03-18T07:30:00+00:00,93.435,93.757,93.346,93.7,2939
2026-03-18T08:00:00+00:00,93.7,94.34100000000001,93.61,94.235,4776
2026-03-18T08:30:00+00:00,94.235,94.626,94.14,94.27600000000001,4466
2026-03-18T09:00:00+00:00,94.27600000000001,94.88000000000001,94.125,94.40700000000001,4119
2026-03-18T09:30:00+00:00,94.40700000000001,94.962,94.36200000000001,94.75,2843
2026-03-18T10:00:00+00:00,94.75,94.876,94.46600000000001,94.686,3448
2026-03-18T10:30:00+00:00,94.686,94.967,94.455,94.69200000000001,3385
2026-03-18T11:00:00+00:00,94.69200000000001,95.927,94.30600000000001,95.80000000000001,6998
2026-03-18T11:30:00+00:00,95.80000000000001,95.98100000000001,94.49000000000001,95.09,8212
2026-03-18T12:00:00+00:00,95.09,96.67,95.03500000000001,96.167,10309
2026-03-18T12:30:00+00:00,96.167,98.057,95.91600000000001,97.885,16779
2026-03-18T13:00:00+00:00,97.885,98.772,97.581,97.956,16134
2026-03-18T13:30:00+00:00,97.956,99.081,97.711,98.911,11374
2026-03-18T14:00:00+00:00,98.911,99.20700000000001,98.256,98.866,8181
2026-03-18T14:30:00+00:00,98.866,99.391,98.682,98.84,9090
2026-03-18T15:00:00+00:00,98.84,99.357,98.31500000000001,99.32000000000001,10790
2026-03-18T15:30:00+00:00,99.32000000000001,99.36500000000001,97.926,98.14500000000001,10223
2026-03-18T16:00:00+00:00,98.14500000000001,98.432,97.465,97.76100000000001,10660
2026-03-18T16:30:00+00:00,97.76100000000001,98.185,97.55000000000001,98.052,6525
2026-03-18T17:00:00+00:00,98.052,98.522,97.965,98.39,5258
2026-03-18T17:30:00+00:00,98.39,98.62,96.00500000000001,96.16600000000001,12614
2026-03-18T18:00:00+00:00,96.16600000000001,96.887,95.266,96.21000000000001,15852
2026-03-18T18:30:00+00:00,96.21000000000001,97.346,96.10000000000001,97.19600000000001,7375
2026-03-18T19:00:00+00:00,97.19600000000001,98.012,96.775,97.85000000000001,5790
2026-03-18T19:30:00+00:00,97.85000000000001,98.76,97.802,98.45100000000001,5433
2026-03-18T20:00:00+00:00,98.45100000000001,99.92200000000001,98.36500000000001,99.89,6087
2026-03-18T20:30:00+00:00,99.89,100.56200000000001,99.63600000000001,99.82600000000001,6622
2026-03-18T22:00:00+00:00,99.813,99.813,98.424,99.054,2785
2026-03-18T22:30:00+00:00,99.054,99.244,98.552,99.012,1294
2026-03-18T23:00:00+00:00,99.012,99.434,98.942,99.014,1354
2026-03-18T23:30:00+00:00,99.014,99.449,98.204,99.152,2489
2026-03-19T00:00:00+00:00,99.152,99.969,98.973,99.347,6974
2026-03-19T00:30:00+00:00,99.347,99.759,98.982,99.179,4321
2026-03-19T01:00:00+00:00,99.179,99.458,98.514,98.579,6340
2026-03-19T01:30:00+00:00,98.579,99.083,98.213,98.862,5636
2026-03-19T02:00:00+00:00,98.862,99.048,96.909,97.392,7822
2026-03-19T02:30:00+00:00,97.392,97.424,96.534,96.947,7192
2026-03-19T03:00:00+00:00,96.947,97.228,96.612,96.738,4301
2026-03-19T03:30:00+00:00,96.738,97.322,96.738,97.237,3040
2026-03-19T04:00:00+00:00,97.237,97.564,97.063,97.358,2210
2026-03-19T04:30:00+00:00,97.358,97.604,97.099,97.289,1964
2026-03-19T05:00:00+00:00,97.289,97.348,96.729,97.049,2480
2026-03-19T05:30:00+00:00,97.049,98.017,97.022,97.222,5746
2026-03-19T06:00:00+00:00,97.222,97.459,96.797,97.212,4664
2026-03-19T06:30:00+00:00,97.212,97.563,96.963,97.077,5729
2026-03-19T07:00:00+00:00,97.077,97.739,96.062,96.558,10544
2026-03-19T07:30:00+00:00,96.558,97.633,96.452,97.519,8076
2026-03-19T08:00:00+00:00,97.519,97.519,96.557,97.162,9250
2026-03-19T08:30:00+00:00,97.162,98.004,96.982,97.549,12055
2026-03-19T09:00:00+00:00,97.549,99.783,96.583,99.153,15428
2026-03-19T09:30:00+00:00,99.153,99.183,95.234,95.974,18227
2026-03-19T10:00:00+00:00,95.974,96.922,95.712,96.174,12258
2026-03-19T10:30:00+00:00,96.174,97.273,96.143,97.044,8531
2026-03-19T11:00:00+00:00,97.044,97.898,96.794,97.517,6331
2026-03-19T11:30:00+00:00,97.517,98.529,97.412,97.504,7840
2026-03-19T12:00:00+00:00,97.504,97.798,96.392,96.994,9786
2026-03-19T12:30:00+00:00,96.994,97.358,96.093,97.228,8757
2026-03-19T13:00:00+00:00,97.228,97.998,96.253,97.569,17250
2026-03-19T13:30:00+00:00,97.569,98.159,96.547,97.038,13241
2026-03-19T14:00:00+00:00,97.038,98.137,96.664,97.913,11218
2026-03-19T14:30:00+00:00,97.913,98.178,97.087,97.442,8519
2026-03-19T15:00:00+00:00,97.442,97.669,96.673,97.044,10111
2026-03-19T15:30:00+00:00,97.044,101.437,96.987,99.022,23315
2026-03-19T16:00:00+00:00,99.022,99.619,97.919,99.363,15100
2026-03-19T16:30:00+00:00,99.363,99.377,97.483,97.989,10933
2026-03-19T17:00:00+00:00,97.989,98.137,96.153,96.194,9943
2026-03-19T17:30:00+00:00,96.194,97.188,95.973,96.533,10126
2026-03-19T18:00:00+00:00,96.533,96.783,94.972,96.198,15641
2026-03-19T18:30:00+00:00,96.198,96.778,95.244,95.573,8314
2026-03-19T19:00:00+00:00,95.573,95.874,92.673,94.383,19464
2026-03-19T19:30:00+00:00,94.383,95.084,94.094,94.794,7490
2026-03-19T20:00:00+00:00,94.794,95.253,94.753,94.974,4487
2026-03-19T20:30:00+00:00,94.974,95.444,94.603,95.288,4305
2026-03-19T22:00:00+00:00,95.288,95.288,94.013,94.239,1413
2026-03-19T22:30:00+00:00,94.239,94.279,93.938,93.942,774
2026-03-19T23:00:00+00:00,93.942,94.018,93.602,93.898,1027
2026-03-19T23:30:00+00:00,93.898,94.119,93.757,93.942,959
2026-03-20T00:00:00+00:00,93.942,94.049,93.423,93.924,3287
2026-03-20T00:30:00+00:00,93.924,94.379,93.903,94.173,2699
2026-03-20T01:00:00+00:00,94.173,94.329,92.594,92.888,7641
2026-03-20T01:30:00+00:00,92.888,93.097,92.463,92.952,4363
2026-03-20T02:00:00+00:00,92.952,93.419,92.843,93.244,3442
2026-03-20T02:30:00+00:00,93.244,93.679,93.137,93.627,3381
2026-03-20T03:00:00+00:00,93.627,94.134,93.359,93.952,3190
2026-03-20T03:30:00+00:00,93.952,93.958,93.507,93.847,1652
2026-03-20T04:00:00+00:00,93.847,93.847,93.387,93.589,1641
2026-03-20T04:30:00+00:00,93.589,94.062,93.589,94.033,1456
2026-03-20T05:00:00+00:00,94.033,94.058,93.713,93.843,1610
2026-03-20T05:30:00+00:00,93.843,94.208,93.272,93.409,3958
2026-03-20T06:00:00+00:00,93.409,94.109,93.407,93.883,3139
2026-03-20T06:30:00+00:00,93.883,94.728,93.867,94.488,4229
2026-03-20T07:00:00+00:00,94.488,94.754,94.277,94.403,4440
2026-03-20T07:30:00+00:00,94.403,94.459,93.532,93.652,4298
2026-03-20T08:00:00+00:00,93.652,94.534,93.272,94.534,8734
2026-03-20T08:30:00+00:00,94.534,95.488,94.048,95.464,8700
2026-03-20T09:00:00+00:00,95.464,95.782,95.222,95.704,5682
2026-03-20T09:30:00+00:00,95.704,96.133,95.069,95.862,6641
2026-03-20T10:00:00+00:00,95.862,96.414,95.724,95.973,4908
2026-03-20T10:30:00+00:00,95.973,96.117,95.334,95.429,4190
2026-03-20T11:00:00+00:00,95.429,95.484,94.458,94.594,5707
2026-03-20T11:30:00+00:00,94.594,94.747,94.069,94.163,4920
2026-03-20T12:00:00+00:00,94.163,94.697,93.903,94.189,6211
2026-03-20T12:30:00+00:00,94.189,95.177,94.187,94.988,5837
2026-03-20T13:00:00+00:00,94.988,95.604,94.782,95.508,8102
2026-03-20T13:30:00+00:00,95.508,96.199,94.992,96.003,8182
2026-03-20T14:00:00+00:00,96.003,96.162,95.267,95.847,6506
2026-03-20T14:30:00+00:00,95.847,97.034,95.757,96.829,7429
2026-03-20T15:00:00+00:00,96.829,97.008,95.722,96.688,8250
2026-03-20T15:30:00+00:00,96.688,96.867,96.237,96.548,5528
2026-03-20T16:00:00+00:00,96.548,97.398,96.219,97.163,7121
2026-03-20T16:30:00+00:00,97.163,97.762,97.012,97.522,5516
2026-03-20T17:00:00+00:00,97.522,98.299,97.388,98.134,7896
2026-03-20T17:30:00+00:00,98.134,98.487,97.822,98.008,6776
2026-03-20T18:00:00+00:00,98.008,98.334,96.967,98.083,14494
2026-03-20T18:30:00+00:00,98.083,98.724,97.979,98.577,8317
2026-03-20T19:00:00+00:00,98.577,98.729,97.894,98.242,5738
2026-03-20T19:30:00+00:00,98.242,98.479,97.422,97.472,6165
2026-03-20T20:00:00+00:00,97.472,98.059,97.434,97.844,4374
2026-03-20T20:30:00+00:00,97.844,97.968,97.712,97.912,1671
2026-03-22T22:00:00+00:00,97.912,100.208,96.963,97.438,8808
2026-03-22T22:30:00+00:00,97.438,98.203,96.812,98.079,5386
2026-03-22T23:00:00+00:00,98.079,98.409,97.843,98.253,3148
2026-03-22T23:30:00+00:00,98.253,98.744,97.908,98.572,2618
2026-03-23T00:00:00+00:00,98.572,98.909,97.917,97.949,3234
2026-03-23T00:30:00+00:00,97.949,98.364,97.892,98.127,2765
2026-03-23T01:00:00+00:00,98.127,98.612,98.009,98.487,6311
2026-03-23T01:30:00+00:00,98.487,98.728,98.137,98.562,3284
2026-03-23T02:00:00+00:00,98.562,98.999,98.392,98.713,3734
2026-03-23T02:30:00+00:00,98.713,99.042,98.608,98.864,3243
2026-03-23T03:00:00+00:00,98.864,99.144,98.847,98.982,2602
2026-03-23T03:30:00+00:00,98.982,99.302,98.974,99.189,1552
2026-03-23T04:00:00+00:00,99.189,99.282,99.037,99.133,1319
2026-03-23T04:30:00+00:00,99.133,99.234,98.788,98.874,1436
2026-03-23T05:00:00+00:00,98.874,98.959,98.669,98.678,1650
2026-03-23T05:30:00+00:00,98.678,98.809,97.959,98.493,4438
2026-03-23T06:00:00+00:00,98.493,100.309,98.377,99.878,6108
2026-03-23T06:30:00+00:00,99.878,100.749,99.402,100.553,7181
2026-03-23T07:00:00+00:00,100.553,101.454,100.334,101.428,5209
2026-03-23T07:30:00+00:00,101.428,101.649,101.037,101.094,5063
2026-03-23T08:00:00+00:00,101.094,101.094,99.828,100.299,9585
2026-03-23T08:30:00+00:00,100.299,100.317,99.339,99.339,7425
2026-03-23T09:00:00+00:00,99.339,99.418,98.094,98.907,7387
2026-03-23T09:30:00+00:00,98.907,99.353,98.767,98.879,4386
2026-03-23T10:00:00+00:00,98.879,99.398,98.733,99.143,4483
2026-03-23T10:30:00+00:00,99.143,99.162,97.434,98.564,5680
2026-03-23T11:00:00+00:00,98.564,98.732,84.442,90.673,25673
2026-03-23T11:30:00+00:00,90.673,92.894,89.514,92.499,18127
2026-03-23T12:00:00+00:00,92.499,93.244,90.992,91.627,14544
2026-03-23T12:30:00+00:00,91.627,91.688,88.562,89.372,14775
2026-03-23T13:00:00+00:00,89.372,91.239,88.132,90.922,17627
2026-03-23T13:30:00+00:00,90.922,91.039,88.382,89.118,8808
2026-03-23T14:00:00+00:00,89.118,89.477,87.968,89.433,12159
2026-03-23T14:30:00+00:00,89.433,90.273,89.023,89.243,9795
2026-03-23T15:00:00+00:00,89.243,89.243,85.432,86.952,21021
2026-03-23T15:30:00+00:00,86.952,90.804,86.654,90.474,14666
2026-03-23T16:00:00+00:00,90.474,91.839,90.008,91.574,11625
2026-03-23T16:30:00+00:00,91.574,91.713,89.112,89.629,11503
2026-03-23T17:00:00+00:00,89.629,90.278,89.008,89.174,8339
2026-03-23T17:30:00+00:00,89.174,89.509,88.487,88.669,8698
2026-03-23T18:00:00+00:00,88.669,89.487,87.213,88.167,12388
2026-03-23T18:30:00+00:00,88.167,88.229,86.722,87.694,7875
2026-03-23T19:00:00+00:00,87.694,88.443,87.413,88.008,5686
2026-03-23T19:30:00+00:00,88.008,88.834,87.877,88.699,4276
2026-03-23T20:00:00+00:00,88.699,89.274,88.373,89.227,3931
2026-03-23T20:30:00+00:00,89.227,89.439,88.762,88.894,3277
2026-03-23T22:00:00+00:00,88.894,89.473,88.829,89.022,1637
2026-03-23T22:30:00+00:00,89.022,89.119,88.842,89.092,619
2026-03-23T23:00:00+00:00,89.092,89.277,88.502,88.683,1329
2026-03-23T23:30:00+00:00,88.683,89.554,88.643,89.424,1300
2026-03-24T00:00:00+00:00,89.424,90.224,89.333,90.177,5185
2026-03-24T00:30:00+00:00,90.177,90.978,90.059,90.394,4819
2026-03-24T01:00:00+00:00,90.394,91.474,90.393,91.284,6180
2026-03-24T01:30:00+00:00,91.284,91.868,91.252,91.508,4165
2026-03-24T02:00:00+00:00,91.508,91.979,91.324,91.338,3669
2026-03-24T02:30:00+00:00,91.338,91.579,90.938,91.239,4029
2026-03-24T03:00:00+00:00,91.239,91.683,91.218,91.404,2505
2026-03-24T03:30:00+00:00,91.404,91.834,91.369,91.607,1606
2026-03-24T04:00:00+00:00,91.607,92.017,91.553,91.788,1413
2026-03-24T04:30:00+00:00,91.788,91.928,91.463,91.514,1638
2026-03-24T05:00:00+00:00,91.514,92.047,91.348,91.982,2575
2026-03-24T05:30:00+00:00,91.982,92.249,91.387,91.574,3483
2026-03-24T06:00:00+00:00,91.574,91.589,90.782,91.189,5990
2026-03-24T06:30:00+00:00,91.189,91.623,90.593,90.827,5211
2026-03-24T07:00:00+00:00,90.827,91.062,89.813,90.369,6327
2026-03-24T07:30:00+00:00,90.369,90.849,89.374,89.413,5900
2026-03-24T08:00:00+00:00,89.413,90.652,89.102,90.477,10340
2026-03-24T08:30:00+00:00,90.477,90.804,89.853,90.533,6748
2026-03-24T09:00:00+00:00,90.533,91.329,90.417,91.283,4019
2026-03-24T09:30:00+00:00,91.283,91.418,90.264,90.394,4333
2026-03-24T10:00:00+00:00,90.394,90.619,89.422,90.088,5064
2026-03-24T10:30:00+00:00,90.088,90.538,89.843,90.363,3943
2026-03-24T11:00:00+00:00,90.363,90.624,89.962,90.589,4026
2026-03-24T11:30:00+00:00,90.589,91.404,90.259,90.844,5330
2026-03-24T12:00:00+00:00,90.844,91.764,90.767,91.377,4268
2026-03-24T12:30:00+00:00,91.377,92.169,91.353,91.779,7823
2026-03-24T13:00:00+00:00,91.779,92.493,91.428,92.457,11346
2026-03-24T13:30:00+00:00,92.457,92.663,91.987,92.053,6308
2026-03-24T14:00:00+00:00,92.053,92.129,91.274,91.684,7442
2026-03-24T14:30:00+00:00,91.684,92.277,90.532,91.158,10258
2026-03-24T15:00:00+00:00,91.158,91.622,90.602,91.084,7037
2026-03-24T15:30:00+00:00,91.084,92.367,91.022,92.217,7654
2026-03-24T16:00:00+00:00,92.217,92.569,91.998,91.998,7222
2026-03-24T16:30:00+00:00,91.998,92.824,91.907,92.632,5016
2026-03-24T17:00:00+00:00,92.632,93.339,92.582,92.904,4896
2026-03-24T17:30:00+00:00,92.904,92.998,91.198,91.758,7233
2026-03-24T18:00:00+00:00,91.758,92.604,91.337,92.262,9768
2026-03-24T18:30:00+00:00,92.262,92.462,90.953,91.753,6140
2026-03-24T19:00:00+00:00,91.753,91.789,91.162,91.627,3937
2026-03-24T19:30:00+00:00,91.627,91.967,91.524,91.873,2658
2026-03-24T20:00:00+00:00,91.873,91.929,86.324,88.653,14362
2026-03-24T20:30:00+00:00,88.653,89.567,87.614,88.388,14048
2026-03-24T22:00:00+00:00,88.388,89.328,87.782,88.953,1899
2026-03-24T22:30:00+00:00,88.953,88.969,88.452,88.749,1065
2026-03-24T23:00:00+00:00,88.749,88.978,88.553,88.612,1188
2026-03-24T23:30:00+00:00,88.612,88.899,88.504,88.858,987
2026-03-25T00:00:00+00:00,88.858,88.962,87.182,87.629,6315
2026-03-25T00:30:00+00:00,87.629,88.108,86.733,87.774,4390
2026-03-25T01:00:00+00:00,87.774,87.914,86.778,87.509,8599
2026-03-25T01:30:00+00:00,87.509,88.013,87.342,87.569,4930
2026-03-25T02:00:00+00:00,87.569,88.163,87.322,88.138,4606
2026-03-25T02:30:00+00:00,88.138,89.118,87.964,88.997,4496
2026-03-25T03:00:00+00:00,88.997,89.089,88.352,88.652,3533
2026-03-25T03:30:00+00:00,88.652,89.208,88.633,88.933,3201
2026-03-25T04:00:00+00:00,88.933,89.078,88.309,88.507,2792
2026-03-25T04:30:00+00:00,88.507,88.723,88.274,88.318,2995
2026-03-25T05:00:00+00:00,88.318,88.889,88.318,88.852,3162
2026-03-25T05:30:00+00:00,88.852,89.333,88.682,89.147,3862
2026-03-25T06:00:00+00:00,89.147,89.409,88.923,89.323,4382
2026-03-25T06:30:00+00:00,89.323,89.549,89.107,89.209,3760
2026-03-25T07:00:00+00:00,89.209,89.244,88.667,89.027,3972
2026-03-25T07:30:00+00:00,89.027,89.104,88.257,88.347,4515
2026-03-25T08:00:00+00:00,88.347,88.519,86.813,87.093,9240
2026-03-25T08:30:00+00:00,87.093,87.743,86.583,87.612,7569
2026-03-25T09:00:00+00:00,87.612,88.263,87.204,88.227,4678
2026-03-25T09:30:00+00:00,88.227,88.772,87.162,87.714,5284
2026-03-25T10:00:00+00:00,87.714,87.744,87.032,87.674,5206
2026-03-25T10:30:00+00:00,87.674,87.913,86.892,87.074,4903
2026-03-25T11:00:00+00:00,87.074,87.169,86.458,86.839,5154
2026-03-25T11:30:00+00:00,86.839,87.907,86.667,87.247,5444
2026-03-25T12:00:00+00:00,87.247,89.019,87.042,88.877,9200
2026-03-25T12:30:00+00:00,88.877,89.367,88.254,88.443,7379
2026-03-25T13:00:00+00:00,88.443,88.722,87.422,87.669,7314
2026-03-25T13:30:00+00:00,87.669,88.799,87.479,88.674,7294
2026-03-25T14:00:00+00:00,88.674,89.007,88.288,88.563,6471
2026-03-25T14:30:00+00:00,88.563,89.168,88.369,89.007,5657
2026-03-25T15:00:00+00:00,89.007,90.169,88.822,89.428,7049
2026-03-25T15:30:00+00:00,89.428,90.354,89.079,90.347,6299
2026-03-25T16:00:00+00:00,90.347,90.669,89.373,89.988,8834
2026-03-25T16:30:00+00:00,89.988,90.477,89.747,90.172,5949
2026-03-25T17:00:00+00:00,90.172,90.934,89.962,90.379,6938
2026-03-25T17:30:00+00:00,90.379,90.539,89.488,90.287,6680
2026-03-25T18:00:00+00:00,90.287,90.513,89.903,90.293,8325
2026-03-25T18:30:00+00:00,90.293,91.329,90.019,91.194,4530
2026-03-25T19:00:00+00:00,91.194,91.503,90.557,90.648,3207
2026-03-25T19:30:00+00:00,90.648,91.109,90.647,90.939,2337
2026-03-25T20:00:00+00:00,90.939,91.363,90.933,91.352,2311
2026-03-25T20:30:00+00:00,91.352,91.459,91.172,91.272,2066
2026-03-25T22:00:00+00:00,91.272,91.298,90.872,91.138,899
2026-03-25T22:30:00+00:00,91.138,91.183,90.892,90.972,517
2026-03-25T23:00:00+00:00,90.972,91.117,90.698,91.037,712
2026-03-25T23:30:00+00:00,91.037,91.128,90.873,91.042,452
2026-03-26T00:00:00+00:00,91.042,91.469,90.932,91.228,2474
2026-03-26T00:30:00+00:00,91.228,91.579,91.024,91.197,2347
2026-03-26T01:00:00+00:00,91.197,91.588,90.942,91.364,3031
2026-03-26T01:30:00+00:00,91.364,91.484,91.187,91.262,2303
2026-03-26T02:00:00+00:00,91.262,91.488,91.052,91.358,2072
2026-03-26T02:30:00+00:00,91.358,91.964,91.308,91.889,3029
2026-03-26T03:00:00+00:00,91.889,92.058,91.649,91.793,1736
2026-03-26T03:30:00+00:00,91.793,91.793,91.558,91.718,1291
2026-03-26T04:00:00+00:00,91.718,91.859,91.602,91.788,1398
2026-03-26T04:30:00+00:00,91.788,92.069,91.762,92.053,1230
2026-03-26T05:00:00+00:00,92.053,92.204,91.977,92.083,1631
2026-03-26T05:30:00+00:00,92.083,92.387,91.913,92.324,2968
2026-03-26T06:00:00+00:00,92.324,92.458,92.089,92.214,2887
2026-03-26T06:30:00+00:00,92.214,92.458,92.082,92.287,2990
2026-03-26T07:00:00+00:00,92.287,93.099,92.274,93.027,4303
2026-03-26T07:30:00+00:00,93.027,93.304,92.823,93.064,3122
2026-03-26T08:00:00+00:00,93.064,93.642,92.692,93.558,5175
2026-03-26T08:30:00+00:00,93.558,94.099,93.392,93.638,5512
2026-03-26T09:00:00+00:00,93.638,93.868,93.192,93.674,3877
2026-03-26T09:30:00+00:00,93.674,93.934,93.233,93.499,3631
2026-03-26T10:00:00+00:00,93.499,93.728,92.712,92.874,3901
2026-03-26T10:30:00+00:00,92.874,93.473,92.648,93.227,4449
2026-03-26T11:00:00+00:00,93.227,93.694,93.037,93.583,3684
2026-03-26T11:30:00+00:00,93.583,94.813,93.558,94.654,4610
2026-03-26T12:00:00+00:00,94.654,94.787,93.949,94.054,4563
2026-03-26T12:30:00+00:00,94.054,94.614,94.033,94.417,4288
2026-03-26T13:00:00+00:00,94.417,94.452,93.394,93.614,6371
2026-03-26T13:30:00+00:00,93.614,94.123,92.722,92.812,7607
2026-03-26T14:00:00+00:00,92.812,93.153,92.628,93.054,6172
2026-03-26T14:30:00+00:00,93.054,94.157,92.434,93.674,8111
2026-03-26T15:00:00+00:00,93.674,94.298,93.489,94.033,5483
2026-03-26T15:30:00+00:00,94.033,94.718,93.864,94.562,6761
2026-03-26T16:00:00+00:00,94.562,95.077,94.307,94.923,6795
2026-03-26T16:30:00+00:00,94.923,95.183,94.507,94.699,5493
2026-03-26T17:00:00+00:00,94.699,95.159,94.684,94.689,4737
2026-03-26T17:30:00+00:00,94.689,95.418,94.612,95.217,4422
2026-03-26T18:00:00+00:00,95.217,95.272,94.338,94.409,7108
2026-03-26T18:30:00+00:00,94.409,94.488,94.052,94.308,3797
2026-03-26T19:00:00+00:00,94.308,94.634,94.212,94.282,2905
2026-03-26T19:30:00+00:00,94.282,94.499,93.984,94.109,3185
2026-03-26T20:00:00+00:00,94.109,94.429,89.512,93.372,14354
2026-03-26T20:30:00+00:00,93.372,93.948,92.893,93.757,10355
2026-03-26T22:00:00+00:00,93.757,93.757,93.072,93.468,985
2026-03-26T22:30:00+00:00,93.468,93.468,93.052,93.202,846
2026-03-26T23:00:00+00:00,93.202,93.442,93.168,93.348,497
2026-03-26T23:30:00+00:00,93.348,93.437,93.053,93.234,827
2026-03-27T00:00:00+00:00,93.234,93.748,92.722,93.567,3758
2026-03-27T00:30:00+00:00,93.567,94.114,93.539,94.048,3057
2026-03-27T01:00:00+00:00,94.048,94.154,93.052,93.402,4936
2026-03-27T01:30:00+00:00,93.402,93.542,92.999,93.032,3653
2026-03-27T02:00:00+00:00,93.032,93.243,92.088,93.063,5240
2026-03-27T02:30:00+00:00,93.063,93.543,93.033,93.379,2909
2026-03-27T03:00:00+00:00,93.379,93.717,93.333,93.682,2657
2026-03-27T03:30:00+00:00,93.682,93.784,93.407,93.483,1763
2026-03-27T04:00:00+00:00,93.483,93.719,93.447,93.688,1372
2026-03-27T04:30:00+00:00,93.688,93.849,93.653,93.807,1442
2026-03-27T05:00:00+00:00,93.807,93.859,93.562,93.764,1329
2026-03-27T05:30:00+00:00,93.764,94.069,93.532,94.048,3273
2026-03-27T06:00:00+00:00,94.048,94.243,93.648,93.944,3552
2026-03-27T06:30:00+00:00,93.944,94.422,93.822,94.322,2865
2026-03-27T07:00:00+00:00,94.322,95.124,94.202,95.074,3465
2026-03-27T07:30:00+00:00,95.074,95.424,94.777,95.077,4744
2026-03-27T08:00:00+00:00,95.077,96.084,94.862,95.949,7499
2026-03-27T08:30:00+00:00,95.949,96.274,95.679,96.148,4442
2026-03-27T09:00:00+00:00,96.148,96.732,95.938,96.093,4577
2026-03-27T09:30:00+00:00,96.093,96.199,95.768,96.098,3470
2026-03-27T10:00:00+00:00,96.098,96.344,95.793,96.328,3458
2026-03-27T10:30:00+00:00,96.328,97.104,96.237,97.018,3475
2026-03-27T11:00:00+00:00,97.018,97.193,96.597,96.682,4215
2026-03-27T11:30:00+00:00,96.682,96.814,96.372,96.622,3673
2026-03-27T12:00:00+00:00,96.622,97.228,96.427,96.993,4780
2026-03-27T12:30:00+00:00,96.993,97.012,96.637,96.763,4212
2026-03-27T13:00:00+00:00,96.763,97.662,96.588,96.888,8946
2026-03-27T13:30:00+00:00,96.888,97.842,96.677,97.753,5018
2026-03-27T14:00:00+00:00,97.753,97.969,96.854,97.917,6469
2026-03-27T14:30:00+00:00,97.917,98.329,97.717,98.174,6166
2026-03-27T15:00:00+00:00,98.174,98.174,97.123,97.338,6614
2026-03-27T15:30:00+00:00,97.338,98.104,96.978,97.962,6615
2026-03-27T16:00:00+00:00,97.962,98.449,97.734,98.163,7185
2026-03-27T16:30:00+00:00,98.163,98.883,98.044,98.797,6232
2026-03-27T17:00:00+00:00,98.797,98.813,98.094,98.658,4456
2026-03-27T17:30:00+00:00,98.658,98.764,98.222,98.559,5360
2026-03-27T18:00:00+00:00,98.559,100.024,98.539,99.488,11644
2026-03-27T18:30:00+00:00,99.488,99.629,98.814,99.157,6941
2026-03-27T19:00:00+00:00,99.157,99.859,98.832,99.818,4905
2026-03-27T19:30:00+00:00,99.818,100.517,99.257,99.633,7637
2026-03-27T20:00:00+00:00,99.633,100.744,99.063,100.518,8267
2026-03-27T20:30:00+00:00,100.518,101.184,100.342,100.818,5441
2026-03-29T22:00:00+00:00,100.818,103.352,100.818,102.673,6784
2026-03-29T22:30:00+00:00,102.673,102.674,102.002,102.073,2277
2026-03-29T23:00:00+00:00,102.073,102.378,101.832,102.264,1854
2026-03-29T23:30:00+00:00,102.264,102.897,102.227,102.774,2355
2026-03-30T00:00:00+00:00,102.774,103.099,101.042,102.092,7251
2026-03-30T00:30:00+00:00,102.092,103.122,101.858,103.002,5127
2026-03-30T01:00:00+00:00,103.002,103.199,102.632,102.854,4541
2026-03-30T01:30:00+00:00,102.854,102.994,101.692,101.968,4162
2026-03-30T02:00:00+00:00,101.968,102.997,101.882,102.848,3420
2026-03-30T02:30:00+00:00,102.848,102.862,101.142,101.664,4597
2026-03-30T03:00:00+00:00,101.664,101.664,100.272,100.693,7870
2026-03-30T03:30:00+00:00,100.693,101.727,100.682,101.573,4756
2026-03-30T04:00:00+00:00,101.573,101.573,101.034,101.152,3016
2026-03-30T04:30:00+00:00,101.152,101.473,101.06400000000001,101.463,1999
2026-03-30T05:00:00+00:00,101.463,101.507,100.792,101.373,2905
2026-03-30T05:30:00+00:00,101.373,101.443,100.539,100.824,4353
2026-03-30T06:00:00+00:00,100.824,100.978,100.392,100.943,3748
2026-03-30T06:30:00+00:00,100.943,101.738,100.574,101.567,4307
2026-03-30T07:00:00+00:00,101.567,102.164,101.132,101.867,4712
2026-03-30T07:30:00+00:00,101.867,102.084,101.622,101.672,3721
2026-03-30T08:00:00+00:00,101.672,102.467,101.343,102.413,6818
2026-03-30T08:30:00+00:00,102.413,102.434,100.648,101.057,6287
2026-03-30T09:00:00+00:00,101.057,101.819,100.747,101.532,4863
2026-03-30T09:30:00+00:00,101.532,101.717,101.104,101.574,3067
2026-03-30T10:00:00+00:00,101.574,101.779,101.282,101.597,2505
2026-03-30T10:30:00+00:00,101.597,102.018,101.577,101.679,2292
2026-03-30T11:00:00+00:00,101.679,101.719,99.409,101.088,5774
2026-03-30T11:30:00+00:00,101.088,101.749,100.698,101.087,5476
2026-03-30T12:00:00+00:00,101.087,101.464,100.603,100.968,4239
2026-03-30T12:30:00+00:00,100.968,101.142,100.487,100.657,4591
2026-03-30T13:00:00+00:00,100.657,101.779,99.969,101.739,7947
2026-03-30T13:30:00+00:00,101.739,102.824,101.412,102.387,9060
2026-03-30T14:00:00+00:00,102.387,102.493,101.553,101.744,9008
2026-03-30T14:30:00+00:00,101.744,102.388,101.317,102.054,8560
2026-03-30T15:00:00+00:00,102.054,102.688,101.768,102.257,9057
2026-03-30T15:30:00+00:00,102.257,103.004,101.487,102.948,8378
2026-03-30T16:00:00+00:00,102.948,103.839,102.873,103.078,8088
2026-03-30T16:30:00+00:00,103.078,103.164,102.448,102.912,5487
2026-03-30T17:00:00+00:00,102.912,103.624,102.714,103.323,5334
2026-03-30T17:30:00+00:00,103.323,103.694,102.942,103.357,6166
2026-03-30T18:00:00+00:00,103.357,103.399,102.332,102.893,10395
2026-03-30T18:30:00+00:00,102.893,103.379,102.867,103.298,3560
2026-03-30T19:00:00+00:00,103.298,104.193,103.138,103.924,4118
2026-03-30T19:30:00+00:00,103.924,104.323,103.627,104.108,4375
2026-03-30T20:00:00+00:00,104.108,105.198,104.108,105.093,4181
2026-03-30T20:30:00+00:00,105.093,105.339,104.813,104.977,3445
2026-03-30T22:00:00+00:00,104.977,104.977,104.492,104.692,1072
2026-03-30T22:30:00+00:00,104.692,105.628,104.692,105.554,823
2026-03-30T23:00:00+00:00,105.554,106.609,105.489,106.114,2868
2026-03-30T23:30:00+00:00,106.114,106.823,106.002,106.162,1745
2026-03-31T00:00:00+00:00,106.162,106.513,105.652,106.247,4761
2026-03-31T00:30:00+00:00,106.247,106.418,104.033,104.044,7365
2026-03-31T01:00:00+00:00,104.044,104.723,102.792,102.842,8616
2026-03-31T01:30:00+00:00,102.842,102.927,100.823,101.652,12833
2026-03-31T02:00:00+00:00,101.652,102.277,101.408,102.204,5440
2026-03-31T02:30:00+00:00,102.204,102.563,101.832,102.222,4490
2026-03-31T03:00:00+00:00,102.222,102.334,101.552,102.142,3670
2026-03-31T03:30:00+00:00,102.142,103.134,102.137,102.964,2947
2026-03-31T04:00:00+00:00,102.964,103.104,102.764,102.982,1524
2026-03-31T04:30:00+00:00,102.982,102.994,102.573,102.778,2160
2026-03-31T05:00:00+00:00,102.778,103.409,102.677,102.909,3233
2026-03-31T05:30:00+00:00,102.909,103.112,102.454,102.692,4110
2026-03-31T06:00:00+00:00,102.692,103.047,102.432,102.663,3466
2026-03-31T06:30:00+00:00,102.663,103.029,102.532,102.642,3025
2026-03-31T07:00:00+00:00,102.642,103.422,102.572,103.294,2990
2026-03-31T07:30:00+00:00,103.294,103.318,101.777,102.024,4410
2026-03-31T08:00:00+00:00,102.024,102.612,101.907,102.288,7620
2026-03-31T08:30:00+00:00,102.288,102.889,102.172,102.458,5039
2026-03-31T09:00:00+00:00,102.458,102.518,101.282,102.049,5550
2026-03-31T09:30:00+00:00,102.049,104.308,101.952,104.187,6839
2026-03-31T10:00:00+00:00,104.187,104.579,103.652,104.273,5065
2026-03-31T10:30:00+00:00,104.273,104.979,104.204,104.81400000000001,4840
2026-03-31T11:00:00+00:00,104.81400000000001,105.18900000000001,103.092,103.502,11406
2026-03-31T11:30:00+00:00,103.502,104.059,102.527,102.804,8792
2026-03-31T12:00:00+00:00,102.804,104.009,102.267,102.572,10620
2026-03-31T12:30:00+00:00,102.572,103.273,102.572,103.149,5850
2026-03-31T13:00:00+00:00,103.149,103.858,102.662,103.738,7803
2026-03-31T13:30:00+00:00,103.738,103.789,102.187,102.442,10633
2026-03-31T14:00:00+00:00,102.442,103.014,102.089,102.639,10123
2026-03-31T14:30:00+00:00,102.639,104.389,102.194,104.284,11026
2026-03-31T15:00:00+00:00,104.284,104.679,103.499,104.452,14273
2026-03-31T15:30:00+00:00,104.452,104.764,103.987,104.598,7604
2026-03-31T16:00:00+00:00,104.598,104.879,104.113,104.728,6831
2026-03-31T16:30:00+00:00,104.728,105.024,99.994,101.808,33820
2026-03-31T17:00:00+00:00,101.808,101.854,99.613,101.539,21569
2026-03-31T17:30:00+00:00,101.539,102.624,100.727,102.419,14406
2026-03-31T18:00:00+00:00,102.419,102.489,100.917,101.137,15419
2026-03-31T18:30:00+00:00,101.137,102.448,100.782,102.329,7701
2026-03-31T19:00:00+00:00,102.329,102.463,101.832,102.267,3622
2026-03-31T19:30:00+00:00,102.267,102.272,101.632,102.068,5187
2026-03-31T20:00:00+00:00,102.068,102.148,101.512,101.583,5515
2026-03-31T20:30:00+00:00,101.583,101.743,100.662,101.514,6967
2026-03-31T22:00:00+00:00,101.514,102.829,101.514,102.603,1621
2026-03-31T22:30:00+00:00,102.603,102.613,102.124,102.188,752
2026-03-31T23:00:00+00:00,102.188,102.214,101.739,101.974,795
2026-03-31T23:30:00+00:00,101.974,102.212,101.597,101.598,1083
2026-04-01T00:00:00+00:00,101.598,102.554,101.538,102.343,2622
2026-04-01T00:30:00+00:00,102.343,102.433,102.089,102.119,1502
2026-04-01T01:00:00+00:00,102.119,103.039,101.872,102.602,3750
2026-04-01T01:30:00+00:00,102.602,103.138,102.437,102.953,2700
2026-04-01T02:00:00+00:00,102.953,102.959,102.558,102.577,1771
2026-04-01T02:30:00+00:00,102.577,103.277,102.513,103.169,1801
2026-04-01T03:00:00+00:00,103.169,103.298,102.854,103.169,1590
2026-04-01T03:30:00+00:00,103.169,103.249,102.774,102.934,1359
2026-04-01T04:00:00+00:00,102.934,103.023,102.817,102.947,632
2026-04-01T04:30:00+00:00,102.947,103.103,102.492,102.553,1521
2026-04-01T05:00:00+00:00,102.553,102.653,102.177,102.347,1403
2026-04-01T05:30:00+00:00,102.347,102.378,101.022,101.253,4544
2026-04-01T06:00:00+00:00,101.253,101.328,99.062,99.274,6561
2026-04-01T06:30:00+00:00,99.274,99.319,96.633,96.953,14801
2026-04-01T07:00:00+00:00,96.953,97.869,96.603,97.303,8673
2026-04-01T07:30:00+00:00,97.303,98.554,96.487,98.347,8063
2026-04-01T08:00:00+00:00,98.347,99.182,97.948,99.092,7835
2026-04-01T08:30:00+00:00,99.092,99.399,98.577,99.309,5230
2026-04-01T09:00:00+00:00,99.309,100.409,99.083,100.102,4856
2026-04-01T09:30:00+00:00,100.102,100.619,99.818,100.053,5305
2026-04-01T10:00:00+00:00,100.053,100.339,99.647,100.317,4897
2026-04-01T10:30:00+00:00,100.317,100.573,99.437,99.959,5183
2026-04-01T11:00:00+00:00,99.959,100.144,99.098,99.162,4454
2026-04-01T11:30:00+00:00,99.162,99.204,98.322,98.772,7077
2026-04-01T12:00:00+00:00,98.772,99.573,98.022,99.499,5942
2026-04-01T12:30:00+00:00,99.499,100.864,98.602,100.568,12958
2026-04-01T13:00:00+00:00,100.568,101.004,99.852,100.112,9972
2026-04-01T13:30:00+00:00,100.112,100.234,98.432,98.953,14101
2026-04-01T14:00:00+00:00,98.953,99.419,98.447,98.842,9936
2026-04-01T14:30:00+00:00,98.842,99.548,98.217,99.049,11520
2026-04-01T15:00:00+00:00,99.049,100.178,98.929,99.998,9834
2026-04-01T15:30:00+00:00,99.998,100.259,99.517,99.718,6578
2026-04-01T16:00:00+00:00,99.718,100.843,99.617,100.069,5672
2026-04-01T16:30:00+00:00,100.069,100.288,99.797,100.002,4082
2026-04-01T17:00:00+00:00,100.002,100.018,99.137,99.304,5057
2026-04-01T17:30:00+00:00,99.304,99.479,98.562,99.292,6115
2026-04-01T18:00:00+00:00,99.292,100.238,99.153,100.122,9527
2026-04-01T18:30:00+00:00,100.122,100.423,99.737,99.808,5053
2026-04-01T19:00:00+00:00,99.808,99.873,99.552,99.639,2624
2026-04-01T19:30:00+00:00,99.639,99.693,98.837,99.507,4607
2026-04-01T20:00:00+00:00,99.507,99.933,99.153,99.283,2800
2026-04-01T20:30:00+00:00,99.283,99.322,98.747,98.863,3104
2026-04-01T22:00:00+00:00,98.863,98.969,98.583,98.874,1026
2026-04-01T22:30:00+00:00,98.874,99.169,98.852,99.003,584
2026-04-01T23:00:00+00:00,99.003,99.129,98.672,98.902,569
2026-04-01T23:30:00+00:00,98.902,99.004,98.622,98.852,905
2026-04-02T00:00:00+00:00,98.852,98.938,97.704,98.514,4037
2026-04-02T00:30:00+00:00,98.514,98.738,97.492,98.004,3423
2026-04-02T01:00:00+00:00,98.004,103.538,97.763,102.838,21892
2026-04-02T01:30:00+00:00,102.838,104.483,102.812,104.118,11041
2026-04-02T02:00:00+00:00,104.118,104.619,103.697,104.119,5635
2026-04-02T02:30:00+00:00,104.119,104.148,103.532,103.774,3806
2026-04-02T03:00:00+00:00,103.774,104.254,103.703,103.932,2870
2026-04-02T03:30:00+00:00,103.932,104.809,103.872,104.692,3944
2026-04-02T04:00:00+00:00,104.692,105.599,104.632,105.437,7854
2026-04-02T04:30:00+00:00,105.437,105.629,104.847,104.938,3831
2026-04-02T05:00:00+00:00,104.938,105.028,104.628,104.763,3300
2026-04-02T05:30:00+00:00,104.763,106.104,104.498,106.074,5299
2026-04-02T06:00:00+00:00,106.074,106.554,105.822,106.234,6260
2026-04-02T06:30:00+00:00,106.234,106.728,105.937,106.068,4350
2026-04-02T07:00:00+00:00,106.068,106.639,105.802,106.499,4153
2026-04-02T07:30:00+00:00,106.499,106.652,106.168,106.218,3277
2026-04-02T08:00:00+00:00,106.218,107.069,106.052,106.759,4802
2026-04-02T08:30:00+00:00,106.759,107.219,106.478,107.193,3792
2026-04-02T09:00:00+00:00,107.193,107.364,106.918,107.329,3236
2026-04-02T09:30:00+00:00,107.329,108.002,107.329,107.647,4825
2026-04-02T10:00:00+00:00,107.647,108.183,107.469,108.154,4079
2026-04-02T10:30:00+00:00,108.154,108.603,107.723,108.398,6029
2026-04-02T11:00:00+00:00,108.398,109.229,108.307,109.069,6987
2026-04-02T11:30:00+00:00,109.069,109.919,109.052,109.749,7074
2026-04-02T12:00:00+00:00,109.749,110.649,109.377,110.077,9554
2026-04-02T12:30:00+00:00,110.077,113.327,109.987,113.112,15900
2026-04-02T13:00:00+00:00,113.112,113.953,111.738,112.629,19244
2026-04-02T13:30:00+00:00,112.629,113.458,110.683,110.999,21966
2026-04-02T14:00:00+00:00,110.999,111.693,110.228,110.933,17024
2026-04-02T14:30:00+00:00,110.933,111.164,106.602,108.799,31592
2026-04-02T15:00:00+00:00,108.799,110.474,108.354,110.003,17813
2026-04-02T15:30:00+00:00,110.003,112.104,109.957,111.529,14607
2026-04-02T16:00:00+00:00,111.494,112.139,110.742,111.728,9489
2026-04-02T16:30:00+00:00,111.728,111.877,110.492,110.987,10326
2026-04-02T17:00:00+00:00,110.987,111.517,110.033,111.087,10961
2026-04-02T17:30:00+00:00,111.087,111.979,111.062,111.687,9023
2026-04-02T18:00:00+00:00,111.687,112.289,111.067,111.468,14675
2026-04-02T18:30:00+00:00,111.468,111.842,110.799,111.102,6244
2026-04-02T19:00:00+00:00,111.102,111.569,110.752,111.467,5509
2026-04-02T19:30:00+00:00,111.467,111.728,111.197,111.428,4766
2026-04-02T20:00:00+00:00,111.428,111.93900000000001,111.322,111.644,4176
2026-04-02T20:30:00+00:00,111.644,112.049,111.517,112.048,4927
2026-04-05T22:00:00+00:00,112.048,115.402,112.048,114.873,7021
2026-04-05T22:30:00+00:00,114.873,114.938,113.062,113.622,4600
2026-04-05T23:00:00+00:00,113.622,113.959,112.872,113.824,3879
2026-04-05T23:30:00+00:00,113.824,114.404,113.503,114.243,1333
2026-04-06T00:00:00+00:00,114.243,114.293,112.192,112.393,4304
2026-04-06T00:30:00+00:00,112.393,112.633,111.823,112.199,3756
2026-04-06T01:00:00+00:00,112.199,112.753,111.487,111.613,4429
2026-04-06T01:30:00+00:00,111.613,112.077,111.504,111.794,3789
2026-04-06T02:00:00+00:00,111.794,111.978,109.492,110.592,7237
2026-04-06T02:30:00+00:00,110.592,111.704,110.563,111.493,6927
2026-04-06T03:00:00+00:00,111.493,112.339,111.377,111.634,5348
2026-04-06T03:30:00+00:00,111.634,112.037,111.133,111.297,4827
2026-04-06T04:00:00+00:00,111.297,111.429,110.752,111.122,5107
2026-04-06T04:30:00+00:00,111.122,111.637,110.944,111.373,3778
2026-04-06T05:00:00+00:00,111.373,111.603,111.012,111.568,3749
2026-04-06T05:30:00+00:00,111.568,112.057,111.492,111.747,3174
2026-04-06T06:00:00+00:00,111.747,112.249,110.798,111.507,5618
2026-04-06T06:30:00+00:00,111.507,111.853,110.627,110.833,4903
2026-04-06T07:00:00+00:00,110.833,111.614,110.272,110.962,6020
2026-04-06T07:30:00+00:00,110.962,111.007,108.873,109.344,8585
2026-04-06T08:00:00+00:00,109.344,109.969,108.913,109.669,9442
2026-04-06T08:30:00+00:00,109.669,110.164,109.407,109.478,4774
2026-04-06T09:00:00+00:00,109.478,109.782,109.172,109.582,5482
2026-04-06T09:30:00+00:00,109.582,111.643,109.202,111.412,7265
2026-04-06T10:00:00+00:00,111.412,111.448,109.954,110.502,5708
2026-04-06T10:30:00+00:00,110.502,111.378,109.722,109.912,7112
2026-04-06T11:00:00+00:00,109.912,110.517,109.587,110.119,6367
2026-04-06T11:30:00+00:00,110.119,110.337,109.754,110.103,5118
2026-04-06T12:00:00+00:00,110.103,110.953,109.902,110.592,5159
2026-04-06T12:30:00+00:00,110.592,110.729,110.147,110.159,4860
2026-04-06T13:00:00+00:00,110.159,112.43900000000001,109.812,112.254,8103
2026-04-06T13:30:00+00:00,112.254,113.113,111.753,111.934,11608
2026-04-06T14:00:00+00:00,111.934,112.808,110.562,110.843,12166
2026-04-06T14:30:00+00:00,110.843,111.972,110.277,110.947,13248
2026-04-06T15:00:00+00:00,110.947,112.374,110.839,112.188,8525
2026-04-06T15:30:00+00:00,112.188,112.679,111.738,111.862,6154
2026-04-06T16:00:00+00:00,111.862,112.044,111.144,111.894,4659
2026-04-06T16:30:00+00:00,111.894,112.257,111.258,112.237,5599
2026-04-06T17:00:00+00:00,112.237,113.978,112.202,112.887,8860
2026-04-06T17:30:00+00:00,112.887,114.259,112.733,114.063,7833
2026-04-06T18:00:00+00:00,114.063,114.213,112.053,112.268,14999
2026-04-06T18:30:00+00:00,112.268,112.578,111.712,112.192,6040
2026-04-06T19:00:00+00:00,112.192,112.969,112.122,112.727,4059
2026-04-06T19:30:00+00:00,112.727,112.829,111.868,112.438,4667
2026-04-06T20:00:00+00:00,112.438,112.599,112.203,112.472,2987
2026-04-06T20:30:00+00:00,112.472,113.049,112.463,112.578,3580
2026-04-06T22:00:00+00:00,112.578,113.108,112.503,112.947,840
2026-04-06T22:30:00+00:00,112.947,113.569,112.864,113.333,1066
2026-04-06T23:00:00+00:00,113.333,113.519,113.022,113.514,793
2026-04-06T23:30:00+00:00,113.514,113.929,113.402,113.823,976
2026-04-07T00:00:00+00:00,113.823,113.823,112.652,113.057,3984
2026-04-07T00:30:00+00:00,113.057,113.629,112.992,113.293,1962
2026-04-07T01:00:00+00:00,113.293,113.859,112.737,113.652,4448
2026-04-07T01:30:00+00:00,113.652,115.157,113.594,114.892,4570
2026-04-07T02:00:00+00:00,114.892,115.474,114.694,114.832,3150
2026-04-07T02:30:00+00:00,114.832,115.127,114.494,114.949,3183
2026-04-07T03:00:00+00:00,114.949,115.712,114.799,115.164,2737
2026-04-07T03:30:00+00:00,115.164,115.679,115.129,115.609,1686
2026-04-07T04:00:00+00:00,115.609,116.542,115.509,116.062,3235
2026-04-07T04:30:00+00:00,116.062,116.077,115.124,115.427,2812
2026-04-07T05:00:00+00:00,115.427,115.768,114.944,115.664,2688
2026-04-07T05:30:00+00:00,115.664,116.023,115.042,115.257,3561
2026-04-07T06:00:00+00:00,115.257,115.718,114.992,115.013,3467
2026-04-07T06:30:00+00:00,115.013,115.422,114.668,114.849,3838
2026-04-07T07:00:00+00:00,114.849,115.048,114.563,114.988,3425
2026-04-07T07:30:00+00:00,114.988,115.609,114.769,115.349,3342
2026-04-07T08:00:00+00:00,115.349,115.384,112.447,113.462,13158
2026-04-07T08:30:00+00:00,113.462,113.559,112.324,112.667,7115
2026-04-07T09:00:00+00:00,112.667,113.054,111.513,111.889,7368
2026-04-07T09:30:00+00:00,111.889,112.628,111.262,112.534,6647
2026-04-07T10:00:00+00:00,112.534,114.394,111.734,113.799,11414
2026-04-07T10:30:00+00:00,113.799,114.602,113.367,114.168,8741
2026-04-07T11:00:00+00:00,114.168,114.847,113.893,114.663,6114
2026-04-07T11:30:00+00:00,114.663,115.908,114.322,115.813,5770
2026-04-07T12:00:00+00:00,115.813,116.378,114.502,114.692,9745
2026-04-07T12:30:00+00:00,114.692,115.797,114.092,115.048,7892
2026-04-07T13:00:00+00:00,115.048,115.853,114.504,115.272,10064
2026-04-07T13:30:00+00:00,115.272,116.248,115.043,116.197,8880
2026-04-07T14:00:00+00:00,116.197,117.033,115.817,116.527,9496
2026-04-07T14:30:00+00:00,116.527,116.862,115.392,116.397,11334
2026-04-07T15:00:00+00:00,116.397,117.604,115.683,115.802,14883
2026-04-07T15:30:00+00:00,115.802,116.327,114.487,114.959,9524
2026-04-07T16:00:00+00:00,114.959,115.624,113.613,114.812,12843
2026-04-07T16:30:00+00:00,114.812,115.363,114.252,115.128,7812
2026-04-07T17:00:00+00:00,115.128,115.847,114.377,115.403,8225
2026-04-07T17:30:00+00:00,115.403,115.403,113.324,113.907,11113
2026-04-07T18:00:00+00:00,113.907,114.072,112.514,112.828,12887
2026-04-07T18:30:00+00:00,112.828,115.478,112.707,115.097,7724
2026-04-07T19:00:00+00:00,115.097,115.353,112.028,113.18900000000001,14536
2026-04-07T19:30:00+00:00,113.18900000000001,113.979,109.373,112.173,17438
2026-04-07T20:00:00+00:00,112.173,112.458,110.989,111.283,14836
2026-04-07T20:30:00+00:00,111.283,111.579,110.152,110.359,15858
2026-04-07T22:00:00+00:00,110.359,110.359,107.492,107.942,5070
2026-04-07T22:30:00+00:00,107.942,108.058,97.333,98.757,18504
2026-04-07T23:00:00+00:00,98.757,98.789,91.053,93.683,24118
2026-04-07T23:30:00+00:00,93.683,96.809,93.152,96.433,14580
2026-04-08T00:00:00+00:00,96.433,97.719,94.042,97.284,19880
2026-04-08T00:30:00+00:00,97.284,98.279,96.102,96.913,9592
2026-04-08T01:00:00+00:00,96.913,97.239,95.792,97.184,9904
2026-04-08T01:30:00+00:00,97.184,97.409,96.692,96.702,6030
2026-04-08T02:00:00+00:00,96.702,97.298,96.027,97.002,6411
2026-04-08T02:30:00+00:00,97.002,97.002,95.988,96.412,5260
2026-04-08T03:00:00+00:00,96.412,96.412,95.492,95.762,4099
2026-04-08T03:30:00+00:00,95.762,96.634,95.523,96.358,3944
2026-04-08T04:00:00+00:00,96.358,96.424,95.842,95.877,3298
2026-04-08T04:30:00+00:00,95.877,97.198,95.487,96.693,6137
2026-04-08T05:00:00+00:00,96.693,96.894,95.913,95.947,4116
2026-04-08T05:30:00+00:00,95.947,96.023,95.362,95.733,5765
2026-04-08T06:00:00+00:00,95.733,95.898,94.592,94.659,6710
2026-04-08T06:30:00+00:00,94.659,95.977,94.543,95.862,7273
2026-04-08T07:00:00+00:00,95.862,96.573,95.792,96.162,6728
2026-04-08T07:30:00+00:00,96.162,96.469,95.602,95.958,5348
2026-04-08T08:00:00+00:00,95.958,96.638,95.407,96.454,7928
2026-04-08T08:30:00+00:00,96.454,96.658,94.892,94.902,8340
2026-04-08T09:00:00+00:00,94.902,95.357,94.817,95.334,5391
2026-04-08T09:30:00+00:00,95.334,95.338,94.122,94.637,7327
2026-04-08T10:00:00+00:00,94.637,95.583,94.104,94.747,6676
2026-04-08T10:30:00+00:00,94.747,94.948,94.219,94.913,5143
2026-04-08T11:00:00+00:00,94.913,95.268,93.144,93.337,8218
2026-04-08T11:30:00+00:00,93.337,94.049,93.104,93.229,9205
2026-04-08T12:00:00+00:00,93.229,95.172,92.187,94.057,18466
2026-04-08T12:30:00+00:00,94.057,94.059,92.343,92.558,10888
2026-04-08T13:00:00+00:00,92.558,93.157,91.828,93.108,12312
2026-04-08T13:30:00+00:00,93.108,94.419,92.432,93.234,18828
2026-04-08T14:00:00+00:00,93.234,94.763,92.447,94.332,15862
2026-04-08T14:30:00+00:00,94.332,96.293,94.203,95.557,18966
2026-04-08T15:00:00+00:00,95.557,96.394,94.862,96.357,14630
2026-04-08T15:30:00+00:00,96.357,96.414,94.632,94.944,9953
2026-04-08T16:00:00+00:00,94.944,95.559,94.504,95.047,9908
2026-04-08T16:30:00+00:00,95.047,95.414,94.122,94.404,7791
2026-04-08T17:00:00+00:00,94.404,96.259,94.069,95.902,10576
2026-04-08T17:30:00+00:00,95.902,96.168,94.867,95.294,9384
2026-04-08T18:00:00+00:00,95.294,95.644,93.599,94.387,18851
2026-04-08T18:30:00+00:00,94.387,95.444,94.093,95.408,7014
2026-04-08T19:00:00+00:00,95.408,96.884,95.292,96.829,6327
2026-04-08T19:30:00+00:00,96.829,96.854,95.843,96.067,8712
2026-04-08T20:00:00+00:00,96.067,96.519,95.673,96.269,3838
2026-04-08T20:30:00+00:00,96.269,96.724,95.952,96.498,3676
2026-04-08T22:00:00+00:00,96.498,97.834,96.217,96.993,1930
2026-04-08T22:30:00+00:00,96.993,97.179,96.592,96.787,882
2026-04-08T23:00:00+00:00,96.787,97.089,96.493,96.764,1040
2026-04-08T23:30:00+00:00,96.764,97.218,96.627,97.083,1201
2026-04-09T00:00:00+00:00,97.083,97.504,96.362,97.017,4487
2026-04-09T00:30:00+00:00,97.017,97.798,96.914,97.644,2772
2026-04-09T01:00:00+00:00,97.644,98.359,97.317,98.128,4464
2026-04-09T01:30:00+00:00,98.128,98.158,96.849,96.947,4263
2026-04-09T02:00:00+00:00,96.947,97.108,96.493,96.953,3664
2026-04-09T02:30:00+00:00,96.953,97.242,96.712,97.227,1914
2026-04-09T03:00:00+00:00,97.227,97.269,96.693,96.973,1700
2026-04-09T03:30:00+00:00,96.973,97.379,96.922,97.183,1621
2026-04-09T04:00:00+00:00,97.183,97.514,97.104,97.437,1246
2026-04-09T04:30:00+00:00,97.437,97.789,97.437,97.768,1073
2026-04-09T05:00:00+00:00,97.768,98.058,97.402,97.678,2441
2026-04-09T05:30:00+00:00,97.678,97.734,97.262,97.358,2848
2026-04-09T06:00:00+00:00,97.358,97.808,96.947,97.469,3065
2026-04-09T06:30:00+00:00,97.469,97.839,96.992,97.013,3398
2026-04-09T07:00:00+00:00,97.013,97.713,96.947,97.627,4063
2026-04-09T07:30:00+00:00,97.627,98.059,97.139,97.664,4219
2026-04-09T08:00:00+00:00,97.664,97.799,97.243,97.764,5773
2026-04-09T08:30:00+00:00,97.764,98.078,97.423,97.874,3395
2026-04-09T09:00:00+00:00,97.874,97.934,97.177,97.362,3369
2026-04-09T09:30:00+00:00,97.362,97.669,97.232,97.627,2464
2026-04-09T10:00:00+00:00,97.627,99.548,97.534,99.073,5876
2026-04-09T10:30:00+00:00,99.073,99.669,98.718,99.598,4409
2026-04-09T11:00:00+00:00,99.598,99.652,99.137,99.513,4629
2026-04-09T11:30:00+00:00,99.513,99.517,98.378,98.862,6485
2026-04-09T12:00:00+00:00,98.862,99.467,98.593,99.059,4090
2026-04-09T12:30:00+00:00,99.059,99.969,98.719,99.347,7405
2026-04-09T13:00:00+00:00,99.347,100.272,99.039,99.039,9353
2026-04-09T13:30:00+00:00,99.039,100.739,98.988,100.639,8615
2026-04-09T14:00:00+00:00,100.639,101.959,100.247,101.813,9671
2026-04-09T14:30:00+00:00,101.813,102.568,101.538,101.877,10004
2026-04-09T15:00:00+00:00,101.877,102.627,100.843,101.653,14345
2026-04-09T15:30:00+00:00,101.653,101.738,98.852,99.142,23774
2026-04-09T16:00:00+00:00,99.142,99.178,96.844,97.137,17432
2026-04-09T16:30:00+00:00,97.137,98.377,97.097,97.418,10901
2026-04-09T17:00:00+00:00,97.418,97.699,96.137,96.572,10154
2026-04-09T17:30:00+00:00,96.572,96.978,95.243,96.309,11447
2026-04-09T18:00:00+00:00,96.309,98.438,96.027,97.864,17720
2026-04-09T18:30:00+00:00,97.864,98.634,97.81400000000001,98.382,7988
2026-04-09T19:00:00+00:00,98.382,99.372,97.872,98.999,5528
2026-04-09T19:30:00+00:00,98.999,99.472,98.832,99.272,4420
2026-04-09T20:00:00+00:00,99.272,99.337,98.302,98.533,4658
2026-04-09T20:30:00+00:00,98.533,98.918,97.812,97.942,4278
2026-04-09T22:00:00+00:00,97.942,98.617,97.942,98.473,949
2026-04-09T22:30:00+00:00,98.473,99.154,98.473,98.978,1980
2026-04-09T23:00:00+00:00,98.978,99.063,98.227,98.458,858
2026-04-09T23:30:00+00:00,98.458,98.663,98.362,98.603,668
2026-04-10T00:00:00+00:00,98.603,98.612,98.252,98.344,2066
2026-04-10T00:30:00+00:00,98.344,99.068,98.293,98.897,1541
2026-04-10T01:00:00+00:00,98.897,99.217,98.578,98.692,3033
2026-04-10T01:30:00+00:00,98.692,98.857,98.328,98.588,1945
2026-04-10T02:00:00+00:00,98.588,98.879,98.493,98.823,1495
2026-04-10T02:30:00+00:00,98.823,98.879,98.462,98.739,1445
2026-04-10T03:00:00+00:00,98.739,98.788,98.408,98.697,1138
2026-04-10T03:30:00+00:00,98.697,98.697,97.573,97.779,2529
2026-04-10T04:00:00+00:00,97.779,98.239,97.643,98.132,1241
2026-04-10T04:30:00+00:00,98.132,98.423,98.043,98.382,1538
2026-04-10T05:00:00+00:00,98.382,98.493,98.227,98.399,1093
2026-04-10T05:30:00+00:00,98.399,98.724,98.102,98.599,1830
2026-04-10T06:00:00+00:00,98.599,98.674,98.347,98.508,1620
2026-04-10T06:30:00+00:00,98.508,98.823,98.277,98.622,2676
2026-04-10T07:00:00+00:00,98.622,99.973,98.578,99.523,4456
2026-04-10T07:30:00+00:00,99.523,99.979,99.417,99.652,2917
2026-04-10T08:00:00+00:00,99.652,99.804,99.307,99.628,4390
2026-04-10T08:30:00+00:00,99.628,100.404,99.352,100.239,3917
2026-04-10T09:00:00+00:00,100.239,100.239,98.322,98.652,6836
2026-04-10T09:30:00+00:00,98.652,99.253,98.144,98.547,4840
2026-04-10T10:00:00+00:00,98.547,98.978,98.143,98.494,3174
2026-04-10T10:30:00+00:00,98.494,98.649,97.557,97.994,4381
2026-04-10T11:00:00+00:00,97.994,98.479,97.399,97.908,3524
2026-04-10T11:30:00+00:00,97.908,98.212,97.674,98.079,2677
2026-04-10T12:00:00+00:00,98.079,98.358,96.988,97.554,5427
2026-04-10T12:30:00+00:00,97.554,98.179,97.228,98.162,4400
2026-04-10T13:00:00+00:00,98.162,98.428,97.413,98.267,6467
2026-04-10T13:30:00+00:00,98.267,98.763,98.139,98.382,6612
2026-04-10T14:00:00+00:00,98.382,98.628,97.207,97.477,7405
2026-04-10T14:30:00+00:00,97.477,98.979,97.272,98.493,9400
2026-04-10T15:00:00+00:00,98.493,98.979,98.258,98.732,10197
2026-04-10T15:30:00+00:00,98.732,99.432,98.452,99.172,8552
2026-04-10T16:00:00+00:00,99.172,99.479,98.597,98.798,5865
2026-04-10T16:30:00+00:00,98.798,98.909,98.108,98.179,4660
2026-04-10T17:00:00+00:00,98.179,98.529,97.962,98.323,5051
2026-04-10T17:30:00+00:00,98.323,98.703,97.917,97.954,4780
2026-04-10T18:00:00+00:00,97.954,98.367,96.377,96.524,11503
2026-04-10T18:30:00+00:00,96.524,96.617,95.929,96.317,5828
2026-04-10T19:00:00+00:00,96.317,96.434,95.514,95.858,3892
2026-04-10T19:30:00+00:00,95.858,96.387,95.857,96.184,2954
2026-04-10T20:00:00+00:00,96.184,96.269,95.527,95.612,1880
2026-04-10T20:30:00+00:00,95.612,95.877,95.597,95.659,817
2026-04-12T22:00:00+00:00,95.659,105.504,95.659,104.683,10438
2026-04-12T22:30:00+00:00,104.683,104.879,104.159,104.537,2725
2026-04-12T23:00:00+00:00,104.537,105.354,104.503,105.234,2556
2026-04-12T23:30:00+00:00,105.234,105.598,104.682,104.712,2381
2026-04-13T00:00:00+00:00,104.712,105.019,104.233,104.518,3666
2026-04-13T00:30:00+00:00,104.518,104.643,104.072,104.083,2172
2026-04-13T01:00:00+00:00,104.083,104.509,103.842,104.092,4600
2026-04-13T01:30:00+00:00,104.092,104.459,103.944,104.289,2044
2026-04-13T02:00:00+00:00,104.289,104.962,104.278,104.93900000000001,1968
2026-04-13T02:30:00+00:00,104.93900000000001,105.079,104.722,104.878,1418
2026-04-13T03:00:00+00:00,104.878,104.984,104.728,104.788,1237
2026-04-13T03:30:00+00:00,104.788,105.163,104.777,104.834,1452
2026-04-13T04:00:00+00:00,104.834,104.979,104.537,104.673,1193
2026-04-13T04:30:00+00:00,104.673,104.839,104.589,104.758,1073
2026-04-13T05:00:00+00:00,104.758,104.874,104.607,104.729,988
2026-04-13T05:30:00+00:00,104.729,104.899,104.152,104.293,1651
2026-04-13T06:00:00+00:00,104.293,104.299,103.588,103.758,2858
2026-04-13T06:30:00+00:00,103.758,103.822,103.042,103.263,2473
2026-04-13T07:00:00+00:00,103.263,103.679,102.93900000000001,103.503,3047
2026-04-13T07:30:00+00:00,103.503,103.679,103.262,103.672,2758
2026-04-13T08:00:00+00:00,103.672,104.229,103.348,104.012,4591
2026-04-13T08:30:00+00:00,104.012,104.787,103.863,104.592,4192
2026-04-13T09:00:00+00:00,104.592,104.712,104.004,104.657,3161
2026-04-13T09:30:00+00:00,104.657,104.669,104.297,104.468,2094
2026-04-13T10:00:00+00:00,104.468,104.653,104.169,104.447,2312
2026-04-13T10:30:00+00:00,104.447,104.474,103.81400000000001,103.817,2535
2026-04-13T11:00:00+00:00,103.817,104.099,103.414,104.024,2940
2026-04-13T11:30:00+00:00,104.024,104.374,103.697,104.238,3590
2026-04-13T12:00:00+00:00,104.238,104.367,103.679,104.133,4047
2026-04-13T12:30:00+00:00,104.133,104.199,103.353,103.643,4393
2026-04-13T13:00:00+00:00,103.643,103.778,103.292,103.478,4683
2026-04-13T13:30:00+00:00,103.478,103.678,100.333,101.698,16589
2026-04-13T14:00:00+00:00,101.698,102.028,100.569,101.948,11932
2026-04-13T14:30:00+00:00,101.948,102.479,101.447,102.008,7152
2026-04-13T15:00:00+00:00,102.008,102.739,101.997,102.599,9321
2026-04-13T15:30:00+00:00,102.599,103.159,102.297,102.817,7018
2026-04-13T16:00:00+00:00,102.817,102.989,101.364,101.568,9416
2026-04-13T16:30:00+00:00,101.568,101.604,99.214,99.469,17903
2026-04-13T17:00:00+00:00,99.469,99.968,98.952,99.143,8306
2026-04-13T17:30:00+00:00,99.143,99.368,98.732,99.144,5919
2026-04-13T18:00:00+00:00,99.144,99.379,98.458,98.958,8813
2026-04-13T18:30:00+00:00,98.958,99.112,97.032,97.103,7229
2026-04-13T19:00:00+00:00,97.103,97.869,97.012,97.684,3756
2026-04-13T19:30:00+00:00,97.684,98.168,97.472,98.022,3266
2026-04-13T20:00:00+00:00,98.022,98.239,97.698,97.899,2007
2026-04-13T20:30:00+00:00,97.899,98.229,97.692,97.978,2460
2026-04-13T22:00:00+00:00,97.978,97.978,97.43900000000001,97.764,1182
2026-04-13T22:30:00+00:00,97.764,97.894,97.478,97.509,497
2026-04-13T23:00:00+00:00,97.509,97.563,96.043,96.892,1895
2026-04-13T23:30:00+00:00,96.892,96.984,96.159,96.554,1155
2026-04-14T00:00:00+00:00,96.554,96.953,96.238,96.502,2836
2026-04-14T00:30:00+00:00,96.502,96.558,95.672,95.953,1848
2026-04-14T01:00:00+00:00,95.953,97.127,95.934,96.947,3591
2026-04-14T01:30:00+00:00,96.947,97.259,96.877,97.168,1684
2026-04-14T02:00:00+00:00,97.168,97.217,96.774,96.993,1167
2026-04-14T02:30:00+00:00,96.993,97.238,96.978,97.077,1453
2026-04-14T03:00:00+00:00,97.077,97.599,96.873,97.528,1810
2026-04-14T03:30:00+00:00,97.528,97.534,96.757,96.979,1259
2026-04-14T04:00:00+00:00,96.979,96.982,96.662,96.802,1199
2026-04-14T04:30:00+00:00,96.802,96.879,96.647,96.703,650
2026-04-14T05:00:00+00:00,96.703,97.119,96.618,97.083,1040
2026-04-14T05:30:00+00:00,97.083,97.447,97.004,97.339,1678
2026-04-14T06:00:00+00:00,97.339,97.424,97.128,97.248,2103
2026-04-14T06:30:00+00:00,97.248,97.713,97.244,97.383,2897
2026-04-14T07:00:00+00:00,97.383,97.488,95.188,96.308,8370
2026-04-14T07:30:00+00:00,96.308,96.758,96.024,96.497,4423
2026-04-14T08:00:00+00:00,96.497,97.044,96.464,96.772,6029
2026-04-14T08:30:00+00:00,96.772,96.903,96.348,96.372,3654
2026-04-14T09:00:00+00:00,96.372,97.127,96.227,97.123,3299
2026-04-14T09:30:00+00:00,97.123,97.282,96.858,96.858,2959
2026-04-14T10:00:00+00:00,96.858,96.919,96.144,96.692,3217
2026-04-14T10:30:00+00:00,96.692,97.549,96.642,97.322,2865
2026-04-14T11:00:00+00:00,97.322,97.702,97.234,97.607,2930
2026-04-14T11:30:00+00:00,97.607,97.947,96.044,97.159,5939
2026-04-14T12:00:00+00:00,97.159,97.164,95.743,95.892,6276
2026-04-14T12:30:00+00:00,95.892,96.284,95.638,95.822,6066
2026-04-14T13:00:00+00:00,95.822,96.329,95.317,95.648,8347
2026-04-14T13:30:00+00:00,95.648,95.774,94.647,94.669,10093
2026-04-14T14:00:00+00:00,94.669,94.672,92.187,93.468,18217
2026-04-14T14:30:00+00:00,93.468,93.659,92.872,93.398,8812
2026-04-14T15:00:00+00:00,93.398,94.307,93.173,93.837,12120
2026-04-14T15:30:00+00:00,93.837,93.898,92.188,92.598,8806
2026-04-14T16:00:00+00:00,92.598,92.729,91.917,92.119,5856
2026-04-14T16:30:00+00:00,92.119,92.784,91.957,92.748,7255
2026-04-14T17:00:00+00:00,92.748,92.977,92.402,92.472,5304
2026-04-14T17:30:00+00:00,92.472,92.558,91.487,92.039,6711
2026-04-14T18:00:00+00:00,92.039,92.142,91.042,91.288,11111
2026-04-14T18:30:00+00:00,91.288,91.868,91.132,91.742,3747
2026-04-14T19:00:00+00:00,91.742,91.812,91.559,91.673,2000
2026-04-14T19:30:00+00:00,91.673,92.177,91.597,91.998,2165
2026-04-14T20:00:00+00:00,91.998,92.289,91.982,92.224,1542
2026-04-14T20:30:00+00:00,92.224,92.328,91.442,92.049,2905
2026-04-14T22:00:00+00:00,92.049,92.372,91.212,91.332,2012
2026-04-14T22:30:00+00:00,91.332,91.908,91.172,91.692,932
2026-04-14T23:00:00+00:00,91.692,91.962,91.303,91.312,748
2026-04-14T23:30:00+00:00,91.312,91.358,86.883,90.272,6712
2026-04-15T00:00:00+00:00,90.272,91.167,90.133,90.172,2674
2026-04-15T00:30:00+00:00,90.172,90.547,90.142,90.342,1578
2026-04-15T01:00:00+00:00,90.342,90.649,89.934,90.123,3479
2026-04-15T01:30:00+00:00,90.123,90.839,90.083,90.473,2078
2026-04-15T02:00:00+00:00,90.473,90.809,90.423,90.707,1440
2026-04-15T02:30:00+00:00,90.707,91.289,90.707,91.244,2350
2026-04-15T03:00:00+00:00,91.244,91.474,91.107,91.332,1601
2026-04-15T03:30:00+00:00,91.332,91.333,90.868,90.918,1494
2026-04-15T04:00:00+00:00,90.918,91.209,90.863,91.208,710
2026-04-15T04:30:00+00:00,91.208,91.792,91.202,91.653,1431
2026-04-15T05:00:00+00:00,91.653,91.674,91.377,91.613,1360
2026-04-15T05:30:00+00:00,91.613,91.724,91.129,91.203,1658
2026-04-15T06:00:00+00:00,91.203,91.244,90.397,90.488,3071
2026-04-15T06:30:00+00:00,90.488,90.908,90.287,90.883,3039
2026-04-15T07:00:00+00:00,90.883,91.459,90.854,91.389,3805
2026-04-15T07:30:00+00:00,91.389,91.444,90.578,90.734,3061
2026-04-15T08:00:00+00:00,90.734,91.202,90.367,91.048,4625
2026-04-15T08:30:00+00:00,91.048,91.728,91.013,91.323,3858
2026-04-15T09:00:00+00:00,91.323,92.647,91.264,92.577,5959
2026-04-15T09:30:00+00:00,92.577,92.693,92.227,92.249,3580
2026-04-15T10:00:00+00:00,92.249,93.107,91.672,92.938,5344
2026-04-15T10:30:00+00:00,92.938,93.273,92.362,92.719,5800
2026-04-15T11:00:00+00:00,92.719,92.934,92.137,92.418,3596
2026-04-15T11:30:00+00:00,92.418,92.514,91.162,91.683,6355
2026-04-15T12:00:00+00:00,91.683,92.469,91.647,91.748,4922
2026-04-15T12:30:00+00:00,91.748,92.079,91.202,91.953,4704
2026-04-15T13:00:00+00:00,91.953,92.209,90.708,90.927,7532
2026-04-15T13:30:00+00:00,90.927,91.537,90.388,91.043,9192
2026-04-15T14:00:00+00:00,91.043,91.313,90.553,90.693,7194
2026-04-15T14:30:00+00:00,90.693,92.443,90.683,92.337,9858
2026-04-15T15:00:00+00:00,92.337,92.772,92.127,92.653,9227
2026-04-15T15:30:00+00:00,92.653,92.908,91.997,92.312,7523
2026-04-15T16:00:00+00:00,92.312,92.519,91.704,91.757,5175
2026-04-15T16:30:00+00:00,91.757,91.897,91.398,91.737,4913
2026-04-15T17:00:00+00:00,91.737,91.964,91.527,91.598,4093
2026-04-15T17:30:00+00:00,91.598,92.568,91.598,92.493,4261
2026-04-15T18:00:00+00:00,92.493,92.779,91.108,91.279,10186
2026-04-15T18:30:00+00:00,91.279,91.393,90.987,91.128,2643
2026-04-15T19:00:00+00:00,91.128,91.128,90.692,90.879,2202
2026-04-15T19:30:00+00:00,90.879,91.089,90.873,90.978,1497
2026-04-15T20:00:00+00:00,90.978,91.229,90.972,91.18900000000001,782
2026-04-15T20:30:00+00:00,91.18900000000001,91.458,91.178,91.388,767
2026-04-15T22:00:00+00:00,91.388,91.388,90.834,91.034,835
2026-04-15T22:30:00+00:00,91.034,91.094,90.793,90.997,417
2026-04-15T23:00:00+00:00,90.997,91.018,90.672,90.833,550
2026-04-15T23:30:00+00:00,90.833,90.978,90.81400000000001,90.923,329
2026-04-16T00:00:00+00:00,90.923,90.972,90.508,90.589,1328
2026-04-16T00:30:00+00:00,90.589,91.032,90.577,90.964,904
2026-04-16T01:00:00+00:00,90.964,91.149,90.837,91.114,1530
2026-04-16T01:30:00+00:00,91.114,91.479,91.087,91.418,1259
2026-04-16T02:00:00+00:00,91.418,91.737,91.399,91.673,1140
2026-04-16T02:30:00+00:00,91.673,91.697,91.353,91.474,908
2026-04-16T03:00:00+00:00,91.474,91.524,91.182,91.518,950
2026-04-16T03:30:00+00:00,91.518,91.722,91.503,91.684,931
2026-04-16T04:00:00+00:00,91.684,91.858,91.632,91.679,827
2026-04-16T04:30:00+00:00,91.679,91.829,91.647,91.738,529
2026-04-16T05:00:00+00:00,91.738,91.808,91.552,91.608,848
2026-04-16T05:30:00+00:00,91.608,91.869,91.457,91.538,1483
2026-04-16T06:00:00+00:00,91.538,91.634,91.304,91.583,1431
2026-04-16T06:30:00+00:00,91.583,91.667,91.429,91.574,1520
2026-04-16T07:00:00+00:00,91.574,92.129,91.517,91.824,3268
2026-04-16T07:30:00+00:00,91.824,92.669,91.777,92.623,2900
2026-04-16T08:00:00+00:00,92.623,92.779,92.329,92.688,4489
2026-04-16T08:30:00+00:00,92.688,92.992,92.332,92.372,2948
2026-04-16T09:00:00+00:00,92.372,92.438,92.174,92.279,1972
2026-04-16T09:30:00+00:00,92.279,92.818,92.117,92.627,2177
2026-04-16T10:00:00+00:00,92.627,92.634,92.254,92.448,1882
2026-04-16T10:30:00+00:00,92.448,92.529,91.844,91.852,1891
2026-04-16T11:00:00+00:00,91.852,91.852,91.403,91.688,3686
2026-04-16T11:30:00+00:00,91.688,91.779,91.082,91.498,2612
2026-04-16T12:00:00+00:00,91.498,91.649,91.082,91.562,3091
2026-04-16T12:30:00+00:00,91.562,92.207,91.543,92.18900000000001,3979
2026-04-16T13:00:00+00:00,92.18900000000001,92.568,91.852,91.954,5610
2026-04-16T13:30:00+00:00,91.954,93.454,91.893,93.158,8423
2026-04-16T14:00:00+00:00,93.158,93.669,92.862,93.369,6877
2026-04-16T14:30:00+00:00,93.369,93.909,93.158,93.417,7363
2026-04-16T15:00:00+00:00,93.417,93.792,92.802,93.792,9200
2026-04-16T15:30:00+00:00,93.792,93.958,93.104,93.354,9115
2026-04-16T16:00:00+00:00,93.354,93.752,93.332,93.507,4840
2026-04-16T16:30:00+00:00,93.507,94.509,93.463,94.423,8079
2026-04-16T17:00:00+00:00,94.423,95.159,94.307,95.089,5447
2026-04-16T17:30:00+00:00,95.089,95.402,94.954,95.129,4434
2026-04-16T18:00:00+00:00,95.129,95.154,94.477,94.698,7947
2026-04-16T18:30:00+00:00,94.698,94.882,93.702,93.777,3253
2026-04-16T19:00:00+00:00,93.777,94.089,93.497,93.628,2589
2026-04-16T19:30:00+00:00,93.628,93.628,93.282,93.529,2131
2026-04-16T20:00:00+00:00,93.529,93.594,93.363,93.527,931
2026-04-16T20:30:00+00:00,93.527,93.598,93.109,93.188,1543
2026-04-16T22:00:00+00:00,93.188,93.639,92.872,93.379,1027
2026-04-16T22:30:00+00:00,93.379,93.388,92.988,92.997,422
2026-04-16T23:00:00+00:00,92.997,93.382,92.992,93.348,416
2026-04-16T23:30:00+00:00,93.348,93.539,93.262,93.303,480
2026-04-17T00:00:00+00:00,93.303,93.493,92.987,93.102,1470
2026-04-17T00:30:00+00:00,93.102,93.423,92.992,93.402,905
2026-04-17T01:00:00+00:00,93.402,93.664,93.272,93.472,1700
2026-04-17T01:30:00+00:00,93.472,93.563,93.077,93.294,1069
2026-04-17T02:00:00+00:00,93.294,93.538,93.282,93.392,692
2026-04-17T02:30:00+00:00,93.392,93.422,93.223,93.282,928
2026-04-17T03:00:00+00:00,93.282,93.518,93.127,93.472,547
2026-04-17T03:30:00+00:00,93.472,93.608,93.347,93.484,486
2026-04-17T04:00:00+00:00,93.484,93.542,93.407,93.519,513
2026-04-17T04:30:00+00:00,93.519,93.547,93.237,93.312,535
2026-04-17T05:00:00+00:00,93.312,93.519,93.242,93.288,939
2026-04-17T05:30:00+00:00,93.288,93.369,93.118,93.284,1109
2026-04-17T06:00:00+00:00,93.284,93.583,93.223,93.559,1796
2026-04-17T06:30:00+00:00,93.559,94.009,93.438,93.789,1881
2026-04-17T07:00:00+00:00,93.789,93.813,93.398,93.592,2123
2026-04-17T07:30:00+00:00,93.592,93.953,93.419,93.659,2611
2026-04-17T08:00:00+00:00,93.659,93.718,93.264,93.592,4092
2026-04-17T08:30:00+00:00,93.592,93.777,92.293,92.548,3967
2026-04-17T09:00:00+00:00,92.548,92.717,91.462,91.532,3805
2026-04-17T09:30:00+00:00,91.532,91.548,90.512,90.81400000000001,4692
2026-04-17T10:00:00+00:00,90.81400000000001,91.124,90.243,91.032,3684
2026-04-17T10:30:00+00:00,91.032,91.538,90.943,91.254,2487
2026-04-17T11:00:00+00:00,91.254,91.358,91.073,91.244,2012
2026-04-17T11:30:00+00:00,91.244,91.417,90.633,90.869,2667
2026-04-17T12:00:00+00:00,90.869,91.054,89.442,89.793,6267
2026-04-17T12:30:00+00:00,89.793,90.234,84.592,85.404,22568
2026-04-17T13:00:00+00:00,85.404,86.159,82.983,84.523,22683
2026-04-17T13:30:00+00:00,84.523,85.327,83.612,84.578,19955
2026-04-17T14:00:00+00:00,84.578,84.673,83.122,83.524,11700
2026-04-17T14:30:00+00:00,83.524,83.607,80.543,82.183,15853
2026-04-17T15:00:00+00:00,82.183,83.403,81.622,83.353,15194
2026-04-17T15:30:00+00:00,83.353,83.634,82.707,82.967,9459
2026-04-17T16:00:00+00:00,82.967,83.607,82.594,83.574,5750
2026-04-17T16:30:00+00:00,83.574,83.629,82.924,83.012,4326
2026-04-17T17:00:00+00:00,83.012,84.559,82.917,84.433,8359
2026-04-17T17:30:00+00:00,84.433,84.614,83.337,83.372,5476
2026-04-17T18:00:00+00:00,83.372,84.399,82.987,84.187,9089
2026-04-17T18:30:00+00:00,84.187,84.972,84.024,84.654,5293
2026-04-17T19:00:00+00:00,84.654,84.973,84.494,84.818,2991
2026-04-17T19:30:00+00:00,84.818,84.859,84.152,84.688,2861
2026-04-17T20:00:00+00:00,84.688,85.248,84.533,85.073,1964
2026-04-17T20:30:00+00:00,85.073,85.204,84.912,85.203,565
2026-04-19T22:00:00+00:00,85.203,91.178,85.203,89.918,8700
2026-04-19T22:30:00+00:00,89.918,90.173,89.443,89.833,2740
2026-04-19T23:00:00+00:00,89.833,90.417,89.742,90.403,2118
2026-04-19T23:30:00+00:00,90.403,90.589,90.263,90.587,2510
2026-04-20T00:00:00+00:00,90.587,90.799,89.882,89.992,4139
2026-04-20T00:30:00+00:00,89.992,90.209,89.872,90.003,1906
2026-04-20T01:00:00+00:00,90.003,90.023,88.873,88.883,5529
2026-04-20T01:30:00+00:00,88.883,89.033,88.122,88.404,4027
2026-04-20T02:00:00+00:00,88.404,88.688,88.263,88.403,2287
2026-04-20T02:30:00+00:00,88.403,89.014,88.254,88.763,2713
2026-04-20T03:00:00+00:00,88.763,88.999,88.663,88.923,1400
2026-04-20T03:30:00+00:00,88.923,89.117,88.783,89.062,1081
2026-04-20T04:00:00+00:00,89.062,89.158,88.712,89.003,1283
2026-04-20T04:30:00+00:00,89.003,89.239,88.682,88.758,1438
2026-04-20T05:00:00+00:00,88.758,89.109,88.674,89.019,1164
2026-04-20T05:30:00+00:00,89.019,89.114,88.763,88.897,1664
2026-04-20T06:00:00+00:00,88.897,89.074,88.592,88.93900000000001,2329
2026-04-20T06:30:00+00:00,88.93900000000001,89.369,88.702,88.729,3001
2026-04-20T07:00:00+00:00,88.729,88.968,87.987,88.652,5360
2026-04-20T07:30:00+00:00,88.652,89.547,88.552,89.017,5075
2026-04-20T08:00:00+00:00,89.017,89.969,88.932,89.733,5700
2026-04-20T08:30:00+00:00,89.733,90.129,88.643,88.743,4327
2026-04-20T09:00:00+00:00,88.743,89.137,88.202,88.642,4172
2026-04-20T09:30:00+00:00,88.642,89.167,88.394,89.004,3279
2026-04-20T10:00:00+00:00,89.004,89.094,87.992,88.404,3604
2026-04-20T10:30:00+00:00,88.404,88.974,88.332,88.792,2600
2026-04-20T11:00:00+00:00,88.792,89.233,88.713,89.072,2632
2026-04-20T11:30:00+00:00,89.072,89.192,88.262,88.407,5396
2026-04-20T12:00:00+00:00,88.407,88.839,88.094,88.228,4699
2026-04-20T12:30:00+00:00,88.228,88.663,88.002,88.342,5562
2026-04-20T13:00:00+00:00,88.342,88.858,87.158,87.277,13577
2026-04-20T13:30:00+00:00,87.277,87.928,86.934,87.498,10592
2026-04-20T14:00:00+00:00,87.498,88.269,87.482,87.733,8652
2026-04-20T14:30:00+00:00,87.733,89.273,87.509,88.834,11651
2026-04-20T15:00:00+00:00,88.834,89.06400000000001,88.022,88.082,12747
2026-04-20T15:30:00+00:00,88.082,88.994,88.072,88.907,7300
2026-04-20T16:00:00+00:00,88.907,89.262,88.673,88.789,5064
2026-04-20T16:30:00+00:00,88.789,89.012,88.524,88.803,4857
2026-04-20T17:00:00+00:00,88.803,89.413,88.642,89.388,4275
2026-04-20T17:30:00+00:00,89.388,89.652,88.872,89.489,5373
2026-04-20T18:00:00+00:00,89.489,90.039,88.982,89.297,8299
2026-04-20T18:30:00+00:00,89.297,89.407,88.912,89.089,3396
2026-04-20T19:00:00+00:00,89.089,89.127,88.822,88.952,1192
2026-04-20T19:30:00+00:00,88.952,88.977,88.453,88.574,1684
2026-04-20T20:00:00+00:00,88.574,88.843,88.462,88.653,1244
2026-04-20T20:30:00+00:00,88.653,88.712,87.303,87.702,2066
2026-04-20T22:00:00+00:00,87.702,87.702,85.972,86.168,1152
2026-04-20T22:30:00+00:00,86.168,86.514,86.123,86.342,603
2026-04-20T23:00:00+00:00,86.342,86.489,86.287,86.402,351
2026-04-20T23:30:00+00:00,86.402,86.404,86.114,86.184,426
2026-04-21T00:00:00+00:00,86.184,86.522,86.097,86.31400000000001,1424
2026-04-21T00:30:00+00:00,86.31400000000001,86.562,86.152,86.472,1526
2026-04-21T01:00:00+00:00,86.472,86.709,86.462,86.633,1756
2026-04-21T01:30:00+00:00,86.633,86.688,86.407,86.642,1147
2026-04-21T02:00:00+00:00,86.642,86.759,86.512,86.524,775
2026-04-21T02:30:00+00:00,86.524,86.693,86.482,86.632,695
2026-04-21T03:00:00+00:00,86.632,86.763,86.532,86.557,735
2026-04-21T03:30:00+00:00,86.557,86.737,86.517,86.673,495
2026-04-21T04:00:00+00:00,86.673,86.678,86.409,86.472,522
2026-04-21T04:30:00+00:00,86.472,86.539,86.252,86.269,481
2026-04-21T05:00:00+00:00,86.269,86.269,85.658,85.702,1348
2026-04-21T05:30:00+00:00,85.702,86.259,85.657,86.152,1578
2026-04-21T06:00:00+00:00,86.152,86.419,86.122,86.333,1436
2026-04-21T06:30:00+00:00,86.333,86.707,86.287,86.598,1676
2026-04-21T07:00:00+00:00,86.598,87.449,86.587,86.893,3645
2026-04-21T07:30:00+00:00,86.893,86.989,85.853,86.418,3578
2026-04-21T08:00:00+00:00,86.418,86.759,86.004,86.177,4248
2026-04-21T08:30:00+00:00,86.177,86.844,85.979,86.799,3360
2026-04-21T09:00:00+00:00,86.799,87.469,86.758,86.788,3826
2026-04-21T09:30:00+00:00,86.788,86.958,86.538,86.682,2383
2026-04-21T10:00:00+00:00,86.682,86.784,86.412,86.549,2254
2026-04-21T10:30:00+00:00,86.549,86.649,86.133,86.638,2598
2026-04-21T11:00:00+00:00,86.638,87.559,86.617,87.237,5031
2026-04-21T11:30:00+00:00,87.237,87.684,87.103,87.582,3045
2026-04-21T12:00:00+00:00,87.582,87.707,87.204,87.207,3411
2026-04-21T12:30:00+00:00,87.207,87.679,86.772,87.334,6203
2026-04-21T13:00:00+00:00,87.334,87.339,86.514,86.928,5704
2026-04-21T13:30:00+00:00,86.928,87.153,86.613,86.773,6449
2026-04-21T14:00:00+00:00,86.773,88.009,86.754,87.853,7312
2026-04-21T14:30:00+00:00,87.853,88.763,87.639,88.722,7649
2026-04-21T15:00:00+00:00,88.722,89.838,88.387,89.773,9850
2026-04-21T15:30:00+00:00,89.773,90.069,89.362,89.757,8542
2026-04-21T16:00:00+00:00,89.757,90.134,89.399,89.927,6303
2026-04-21T16:30:00+00:00,89.927,90.434,89.752,90.403,5372
2026-04-21T17:00:00+00:00,90.403,91.429,90.267,91.078,9665
2026-04-21T17:30:00+00:00,91.078,91.089,88.953,89.419,14785
2026-04-21T18:00:00+00:00,89.419,90.018,89.094,89.544,11398
2026-04-21T18:30:00+00:00,89.544,89.839,87.944,88.812,8983
2026-04-21T19:00:00+00:00,88.812,89.243,87.843,88.367,9402
2026-04-21T19:30:00+00:00,88.367,92.203,88.358,91.764,15704
2026-04-21T20:00:00+00:00,91.764,91.924,87.872,89.972,16811
2026-04-21T20:30:00+00:00,89.972,90.827,89.712,90.232,4823
2026-04-21T22:00:00+00:00,90.232,90.658,89.723,90.193,1215
2026-04-21T22:30:00+00:00,90.193,90.488,90.162,90.323,507
2026-04-21T23:00:00+00:00,90.323,90.469,90.297,90.409,377
2026-04-21T23:30:00+00:00,90.409,90.679,90.352,90.493,563
2026-04-22T00:00:00+00:00,90.493,90.499,88.747,89.354,3853
2026-04-22T00:30:00+00:00,89.354,89.829,89.187,89.788,2262
2026-04-22T01:00:00+00:00,89.788,89.788,89.034,89.113,3223
2026-04-22T01:30:00+00:00,89.113,89.537,89.092,89.387,1849
2026-04-22T02:00:00+00:00,89.387,89.509,89.217,89.217,1236
2026-04-22T02:30:00+00:00,89.217,89.469,89.132,89.329,1465
2026-04-22T03:00:00+00:00,89.329,89.678,89.147,89.373,1590
2026-04-22T03:30:00+00:00,89.373,89.479,89.157,89.238,849
2026-04-22T04:00:00+00:00,89.238,89.524,89.167,89.507,920
2026-04-22T04:30:00+00:00,89.507,89.599,89.267,89.554,938
2026-04-22T05:00:00+00:00,89.554,89.579,87.622,88.327,5108
2026-04-22T05:30:00+00:00,88.327,88.819,88.092,88.743,3108
2026-04-22T06:00:00+00:00,88.743,88.938,88.607,88.737,1942
2026-04-22T06:30:00+00:00,88.737,88.878,88.597,88.697,2349
2026-04-22T07:00:00+00:00,88.697,89.397,88.487,89.029,3645
2026-04-22T07:30:00+00:00,89.029,89.369,88.958,89.348,2890
2026-04-22T08:00:00+00:00,89.348,90.759,89.202,90.747,6086
2026-04-22T08:30:00+00:00,90.747,91.394,90.547,90.787,6088
2026-04-22T09:00:00+00:00,90.787,90.942,90.117,90.252,4698
2026-04-22T09:30:00+00:00,90.252,91.129,90.153,90.852,3979
2026-04-22T10:00:00+00:00,90.852,90.93900000000001,90.012,90.127,3565
2026-04-22T10:30:00+00:00,90.127,90.414,89.927,90.092,3121
2026-04-22T11:00:00+00:00,90.092,90.559,89.992,90.392,3345
2026-04-22T11:30:00+00:00,90.392,90.629,89.777,90.194,3907
2026-04-22T12:00:00+00:00,90.194,90.538,89.68900000000001,90.517,5347
2026-04-22T12:30:00+00:00,90.517,91.583,90.412,91.412,7180
2026-04-22T13:00:00+00:00,91.412,91.858,90.422,91.143,13630
2026-04-22T13:30:00+00:00,91.143,92.069,91.107,91.717,9917
2026-04-22T14:00:00+00:00,91.717,91.802,91.122,91.262,7136
2026-04-22T14:30:00+00:00,91.262,92.428,90.943,92.187,11303
2026-04-22T15:00:00+00:00,92.187,92.43900000000001,91.287,92.257,12131
2026-04-22T15:30:00+00:00,92.257,93.242,92.142,93.084,7602
2026-04-22T16:00:00+00:00,93.084,93.479,92.862,93.198,5190
2026-04-22T16:30:00+00:00,93.198,93.712,93.167,93.602,5431
2026-04-22T17:00:00+00:00,93.602,93.669,92.507,93.009,7474
2026-04-22T17:30:00+00:00,93.009,93.173,92.324,92.607,5575
2026-04-22T18:00:00+00:00,92.607,93.297,92.588,92.997,5388
2026-04-22T18:30:00+00:00,92.997,93.129,92.777,92.922,2295
2026-04-22T19:00:00+00:00,92.922,93.069,92.494,92.568,2481
2026-04-22T19:30:00+00:00,92.568,92.679,92.389,92.593,2381
2026-04-22T20:00:00+00:00,92.593,92.613,92.403,92.492,1023
2026-04-22T20:30:00+00:00,92.492,93.063,92.492,92.854,1608
2026-04-22T22:00:00+00:00,92.854,92.854,92.437,92.599,585
2026-04-22T22:30:00+00:00,92.599,92.639,92.309,92.524,481
2026-04-22T23:00:00+00:00,92.508,92.563,92.402,92.452,268
2026-04-22T23:30:00+00:00,92.452,92.758,92.377,92.717,464
2026-04-23T00:00:00+00:00,92.717,97.209,92.588,93.423,14533
2026-04-23T00:30:00+00:00,93.423,93.543,92.852,92.907,3143
2026-04-23T01:00:00+00:00,92.907,93.649,92.81400000000001,93.582,3276
2026-04-23T01:30:00+00:00,93.582,93.698,93.097,93.453,2018
2026-04-23T02:00:00+00:00,93.453,94.599,93.442,94.309,2749
2026-04-23T02:30:00+00:00,94.309,95.168,93.918,95.053,3292
2026-04-23T03:00:00+00:00,95.053,95.257,94.563,94.762,3519
2026-04-23T03:30:00+00:00,94.762,95.069,94.414,94.533,1928
2026-04-23T04:00:00+00:00,94.533,94.637,94.342,94.522,1183
2026-04-23T04:30:00+00:00,94.522,94.534,94.022,94.047,1292
2026-04-23T05:00:00+00:00,94.047,94.428,93.954,94.299,1339
2026-04-23T05:30:00+00:00,94.299,94.387,93.827,93.848,2066
2026-04-23T06:00:00+00:00,93.848,94.348,93.637,94.157,2449
2026-04-23T06:30:00+00:00,94.157,94.637,94.119,94.399,2655
2026-04-23T07:00:00+00:00,94.399,94.719,94.143,94.358,3864
2026-04-23T07:30:00+00:00,94.358,94.493,93.217,93.667,5380
2026-04-23T08:00:00+00:00,93.667,94.457,93.634,94.217,5699
2026-04-23T08:30:00+00:00,94.217,95.034,94.139,94.889,4732
2026-04-23T09:00:00+00:00,94.889,95.629,94.392,94.612,5459
2026-04-23T09:30:00+00:00,94.612,94.969,94.262,94.912,2934
2026-04-23T10:00:00+00:00,94.912,95.032,94.237,94.294,2645
2026-04-23T10:30:00+00:00,94.294,94.644,93.753,93.932,2813
2026-04-23T11:00:00+00:00,93.932,94.137,93.747,94.042,3083
2026-04-23T11:30:00+00:00,94.042,94.199,93.012,93.227,6547
2026-04-23T12:00:00+00:00,93.227,93.313,92.303,92.897,8294
2026-04-23T12:30:00+00:00,92.897,93.953,92.437,93.198,8607
2026-04-23T13:00:00+00:00,93.198,93.978,92.972,93.943,7205
2026-04-23T13:30:00+00:00,93.943,94.422,93.737,93.968,7183
2026-04-23T14:00:00+00:00,93.968,94.599,93.242,93.364,9493
2026-04-23T14:30:00+00:00,93.364,93.719,93.027,93.06400000000001,7118
2026-04-23T15:00:00+00:00,93.06400000000001,93.763,92.947,93.643,7535
2026-04-23T15:30:00+00:00,93.643,94.627,93.594,94.424,7102
2026-04-23T16:00:00+00:00,94.424,94.687,94.272,94.327,4404
2026-04-23T16:30:00+00:00,94.327,94.629,93.918,94.428,4499
2026-04-23T17:00:00+00:00,94.428,96.919,94.409,96.728,16870
2026-04-23T17:30:00+00:00,96.728,98.377,95.912,96.173,22771
2026-04-23T18:00:00+00:00,96.173,96.288,95.204,95.748,16047
2026-04-23T18:30:00+00:00,95.748,96.809,95.298,96.678,6344
2026-04-23T19:00:00+00:00,96.678,96.857,95.942,96.242,3864
2026-04-23T19:30:00+00:00,96.242,96.728,96.159,96.382,3658
2026-04-23T20:00:00+00:00,96.382,97.293,96.372,96.543,2809
2026-04-23T20:30:00+00:00,96.543,97.388,96.433,96.982,2350
2026-04-23T22:00:00+00:00,96.982,96.982,96.342,96.863,951
2026-04-23T22:30:00+00:00,96.863,97.299,96.802,97.047,666
2026-04-23T23:00:00+00:00,97.047,97.109,96.934,96.934,330
2026-04-23T23:30:00+00:00,96.934,96.934,96.668,96.789,622
2026-04-24T00:00:00+00:00,96.789,97.039,96.667,96.694,1496
2026-04-24T00:30:00+00:00,96.694,97.502,96.667,97.147,2130
2026-04-24T01:00:00+00:00,97.147,97.158,96.667,97.133,2211
2026-04-24T01:30:00+00:00,97.133,97.567,96.917,96.979,2051
2026-04-24T02:00:00+00:00,96.979,97.063,96.667,96.744,1388
2026-04-24T02:30:00+00:00,96.744,96.789,96.374,96.447,1610
2026-04-24T03:00:00+00:00,96.447,96.669,96.084,96.333,1606
2026-04-24T03:30:00+00:00,96.333,96.652,96.333,96.613,1021
2026-04-24T04:00:00+00:00,96.613,96.709,96.413,96.473,861
2026-04-24T04:30:00+00:00,96.473,96.497,95.932,95.999,1044
2026-04-24T05:00:00+00:00,95.999,96.148,95.858,96.027,1323
2026-04-24T05:30:00+00:00,96.027,96.039,95.653,95.949,1944
2026-04-24T06:00:00+00:00,95.949,96.099,95.538,96.027,2029
2026-04-24T06:30:00+00:00,96.027,96.539,95.818,96.479,2965
2026-04-24T07:00:00+00:00,96.479,96.613,95.994,96.149,3105
2026-04-24T07:30:00+00:00,96.149,96.769,96.139,96.673,2799
2026-04-24T08:00:00+00:00,96.673,97.818,96.673,97.214,6808
2026-04-24T08:30:00+00:00,97.214,97.459,96.924,96.962,3645
2026-04-24T09:00:00+00:00,96.962,97.534,96.653,97.393,3530
2026-04-24T09:30:00+00:00,97.393,97.769,97.319,97.712,2645
2026-04-24T10:00:00+00:00,97.712,97.719,97.268,97.397,2610
2026-04-24T10:30:00+00:00,97.397,97.543,96.877,96.927,2484
2026-04-24T11:00:00+00:00,96.927,96.944,93.653,93.708,17428
2026-04-24T11:30:00+00:00,93.708,94.949,93.622,94.463,8171
2026-04-24T12:00:00+00:00,94.463,95.104,94.127,94.882,5966
2026-04-24T12:30:00+00:00,94.882,96.472,94.872,95.899,7584
2026-04-24T13:00:00+00:00,95.899,95.913,94.614,94.902,8402
2026-04-24T13:30:00+00:00,94.902,95.522,94.837,95.177,7680
2026-04-24T14:00:00+00:00,95.177,95.574,94.743,95.312,9078
2026-04-24T14:30:00+00:00,95.312,95.433,94.654,95.092,7537
2026-04-24T15:00:00+00:00,95.092,95.792,95.027,95.457,8351
2026-04-24T15:30:00+00:00,95.457,95.538,92.679,93.513,15608
2026-04-24T16:00:00+00:00,93.513,94.207,93.113,93.968,7528
2026-04-24T16:30:00+00:00,93.968,94.418,93.647,93.754,5891
2026-04-24T17:00:00+00:00,93.754,93.923,93.352,93.862,5396
2026-04-24T17:30:00+00:00,93.862,94.078,92.742,93.592,6365
2026-04-24T18:00:00+00:00,93.592,94.489,93.587,94.408,7021
2026-04-24T18:30:00+00:00,94.408,94.624,94.017,94.208,3035
2026-04-24T19:00:00+00:00,94.208,94.903,94.063,94.818,2799
2026-04-24T19:30:00+00:00,94.818,95.18900000000001,94.603,94.758,3491
2026-04-24T20:00:00+00:00,94.758,95.538,94.758,95.403,2028
2026-04-24T20:30:00+00:00,95.403,95.412,94.904,94.958,808
2026-04-26T22:00:00+00:00,94.958,96.648,94.958,96.472,2585
2026-04-26T22:30:00+00:00,96.472,96.607,95.942,96.003,1045
2026-04-26T23:00:00+00:00,96.003,96.267,95.938,96.157,766
2026-04-26T23:30:00+00:00,96.157,96.269,96.094,96.113,661
2026-04-27T00:00:00+00:00,96.113,96.519,95.962,96.183,1508
2026-04-27T00:30:00+00:00,96.183,96.469,95.764,96.053,1613
2026-04-27T01:00:00+00:00,96.053,96.093,95.413,95.884,3867
2026-04-27T01:30:00+00:00,95.884,96.033,95.672,95.854,1836
2026-04-27T02:00:00+00:00,95.854,95.854,95.353,95.454,1422
2026-04-27T02:30:00+00:00,95.454,95.563,95.224,95.228,1377
2026-04-27T03:00:00+00:00,95.228,95.339,94.972,95.179,1577
2026-04-27T03:30:00+00:00,95.179,95.309,95.118,95.279,976
2026-04-27T04:00:00+00:00,95.279,95.359,95.232,95.322,582
2026-04-27T04:30:00+00:00,95.322,95.647,95.174,95.568,897
2026-04-27T05:00:00+00:00,95.568,96.034,95.517,95.949,1423
2026-04-27T05:30:00+00:00,95.949,96.239,95.807,96.053,1858
2026-04-27T06:00:00+00:00,96.053,96.383,96.024,96.162,2029
2026-04-27T06:30:00+00:00,96.162,96.344,96.007,96.06400000000001,1635
2026-04-27T07:00:00+00:00,96.06400000000001,96.729,96.042,96.642,2962
2026-04-27T07:30:00+00:00,96.642,96.859,96.433,96.813,2759
2026-04-27T08:00:00+00:00,96.813,97.089,96.674,96.917,4598
2026-04-27T08:30:00+00:00,96.917,96.949,96.373,96.457,3148
2026-04-27T09:00:00+00:00,96.457,96.654,96.128,96.619,2639
2026-04-27T09:30:00+00:00,96.619,96.683,96.352,96.477,1752
2026-04-27T10:00:00+00:00,96.477,96.494,96.163,96.297,1835
2026-04-27T10:30:00+00:00,96.297,96.304,95.038,95.392,4169
2026-04-27T11:00:00+00:00,95.392,95.437,94.643,94.687,3802
2026-04-27T11:30:00+00:00,94.687,95.254,94.569,95.092,3323
2026-04-27T12:00:00+00:00,95.092,95.667,94.832,95.499,3725
2026-04-27T12:30:00+00:00,95.499,96.504,95.472,96.297,6191
2026-04-27T13:00:00+00:00,96.297,96.362,95.599,95.824,6509
2026-04-27T13:30:00+00:00,95.824,96.517,95.652,95.693,7854
2026-04-27T14:00:00+00:00,95.693,96.349,95.277,96.213,9732
2026-04-27T14:30:00+00:00,96.213,96.774,95.678,96.737,8899
2026-04-27T15:00:00+00:00,96.737,97.479,96.667,96.879,9413
2026-04-27T15:30:00+00:00,96.879,97.178,96.077,96.137,6694
2026-04-27T16:00:00+00:00,96.137,96.437,96.037,96.334,4541
2026-04-27T16:30:00+00:00,96.334,96.583,96.104,96.552,3118
2026-04-27T17:00:00+00:00,96.552,97.654,96.497,96.848,6409
2026-04-27T17:30:00+00:00,96.848,96.869,96.147,96.529,5399
2026-04-27T18:00:00+00:00,96.529,97.159,96.222,96.362,8948
2026-04-27T18:30:00+00:00,96.362,96.589,96.197,96.524,2798
2026-04-27T19:00:00+00:00,96.524,96.574,96.029,96.087,2104
2026-04-27T19:30:00+00:00,96.087,96.613,95.892,96.392,3227
2026-04-27T20:00:00+00:00,96.392,96.719,96.248,96.474,1343
2026-04-27T20:30:00+00:00,96.474,96.787,96.407,96.669,1366
2026-04-27T22:00:00+00:00,96.669,96.767,96.289,96.498,770
2026-04-27T22:30:00+00:00,96.498,96.683,96.288,96.622,536
2026-04-27T23:00:00+00:00,96.622,96.753,96.563,96.618,302
2026-04-27T23:30:00+00:00,96.618,96.777,96.578,96.649,394
2026-04-28T00:00:00+00:00,96.649,97.029,96.233,96.893,2397
2026-04-28T00:30:00+00:00,96.893,97.179,96.874,97.009,1189
2026-04-28T01:00:00+00:00,97.009,97.342,96.983,97.059,1902
2026-04-28T01:30:00+00:00,97.059,97.384,96.838,97.303,1368
2026-04-28T02:00:00+00:00,97.303,97.538,97.229,97.374,1009
2026-04-28T02:30:00+00:00,97.374,97.459,97.227,97.373,965
2026-04-28T03:00:00+00:00,97.373,97.413,97.167,97.289,955
2026-04-28T03:30:00+00:00,97.289,97.584,97.267,97.584,745
2026-04-28T04:00:00+00:00,97.584,97.798,97.378,97.397,924
2026-04-28T04:30:00+00:00,97.397,97.483,97.312,97.452,608
2026-04-28T05:00:00+00:00,97.452,97.603,97.389,97.479,717
2026-04-28T05:30:00+00:00,97.479,98.819,97.387,98.192,5179
2026-04-28T06:00:00+00:00,98.192,98.232,97.712,97.833,2995
2026-04-28T06:30:00+00:00,97.833,98.434,97.738,98.363,2705
2026-04-28T07:00:00+00:00,98.363,99.034,98.267,98.853,4511
2026-04-28T07:30:00+00:00,98.853,99.209,98.674,98.872,4980
2026-04-28T08:00:00+00:00,98.872,99.18900000000001,98.213,98.218,5959
2026-04-28T08:30:00+00:00,98.218,99.253,98.212,98.937,4366
2026-04-28T09:00:00+00:00,98.937,99.558,98.937,99.468,3675
2026-04-28T09:30:00+00:00,99.468,99.869,99.457,99.787,3059
2026-04-28T10:00:00+00:00,99.787,100.089,99.428,99.799,3558
2026-04-28T10:30:00+00:00,99.799,99.832,99.542,99.717,2492
2026-04-28T11:00:00+00:00,99.717,100.969,99.528,100.928,5229
2026-04-28T11:30:00+00:00,100.928,101.823,100.572,101.254,7613
2026-04-28T12:00:00+00:00,101.254,101.278,98.092,100.357,13887
2026-04-28T12:30:00+00:00,100.357,100.479,99.369,99.378,9301
2026-04-28T13:00:00+00:00,99.378,100.394,98.947,99.322,10754
2026-04-28T13:30:00+00:00,99.322,99.729,98.727,99.392,13501
2026-04-28T14:00:00+00:00,99.392,100.198,99.388,99.894,8542
2026-04-28T14:30:00+00:00,99.894,100.442,99.203,99.347,12499
2026-04-28T15:00:00+00:00,99.347,99.798,99.002,99.619,11197
2026-04-28T15:30:00+00:00,99.619,100.004,99.233,99.778,7550
2026-04-28T16:00:00+00:00,99.778,100.18900000000001,99.503,99.667,5536
2026-04-28T16:30:00+00:00,99.667,99.829,99.042,99.208,6309
2026-04-28T17:00:00+00:00,99.208,100.438,99.112,100.374,5253
2026-04-28T17:30:00+00:00,100.374,100.374,99.898,100.213,4128
2026-04-28T18:00:00+00:00,100.213,100.214,99.323,99.934,7238
2026-04-28T18:30:00+00:00,99.934,100.319,99.902,99.987,3058
2026-04-28T19:00:00+00:00,99.987,100.049,99.764,99.938,1678
2026-04-28T19:30:00+00:00,99.938,100.029,99.799,99.888,1492
2026-04-28T20:00:00+00:00,99.888,99.918,99.493,99.629,1686
2026-04-28T20:30:00+00:00,99.629,99.68900000000001,99.537,99.617,1374
2026-04-28T22:00:00+00:00,99.617,99.624,99.334,99.418,649
2026-04-28T22:30:00+00:00,99.418,99.677,99.367,99.598,333
2026-04-28T23:00:00+00:00,99.598,99.674,99.339,99.458,457
2026-04-28T23:30:00+00:00,99.458,99.502,99.367,99.404,270
2026-04-29T00:00:00+00:00,99.404,99.417,98.912,99.183,1979
2026-04-29T00:30:00+00:00,99.183,99.384,99.037,99.288,1035
2026-04-29T01:00:00+00:00,99.288,100.354,99.223,100.169,3284
2026-04-29T01:30:00+00:00,100.169,100.709,100.087,100.368,2231
2026-04-29T02:00:00+00:00,100.368,100.368,98.404,98.813,3351
2026-04-29T02:30:00+00:00,98.813,99.303,98.632,99.297,1911
2026-04-29T03:00:00+00:00,99.297,99.402,98.779,99.152,1821
2026-04-29T03:30:00+00:00,99.152,99.454,99.142,99.298,912
2026-04-29T04:00:00+00:00,99.298,99.378,99.229,99.354,633
2026-04-29T04:30:00+00:00,99.354,99.589,99.194,99.534,996
2026-04-29T05:00:00+00:00,99.534,99.829,99.534,99.68900000000001,1088
2026-04-29T05:30:00+00:00,99.68900000000001,99.844,99.549,99.823,1316
2026-04-29T06:00:00+00:00,99.823,100.114,99.577,100.097,1709
2026-04-29T06:30:00+00:00,100.097,100.614,100.049,100.557,3183
2026-04-29T07:00:00+00:00,100.557,100.979,100.332,100.868,3417
2026-04-29T07:30:00+00:00,100.868,101.909,100.792,101.673,5266
2026-04-29T08:00:00+00:00,101.673,103.099,101.613,102.974,7452
2026-04-29T08:30:00+00:00,102.974,103.768,102.799,103.578,7176
2026-04-29T09:00:00+00:00,103.578,103.699,103.297,103.443,4248
2026-04-29T09:30:00+00:00,103.443,103.637,102.898,103.544,4081
2026-04-29T10:00:00+00:00,103.544,103.798,103.233,103.419,3115
2026-04-29T10:30:00+00:00,103.419,103.419,103.068,103.122,2498
2026-04-29T11:00:00+00:00,103.122,103.428,102.948,103.173,3431
2026-04-29T11:30:00+00:00,103.173,103.419,102.719,103.393,4386
2026-04-29T12:00:00+00:00,103.393,103.758,102.963,103.719,4730
2026-04-29T12:30:00+00:00,103.719,104.329,103.567,103.803,7161
2026-04-29T13:00:00+00:00,103.803,104.614,103.042,104.514,10234
2026-04-29T13:30:00+00:00,104.514,105.228,104.382,104.942,11198
2026-04-29T14:00:00+00:00,104.942,105.069,104.392,104.718,7593
2026-04-29T14:30:00+00:00,104.718,105.397,104.463,105.153,9213
2026-04-29T15:00:00+00:00,105.153,105.612,104.907,105.513,8437
2026-04-29T15:30:00+00:00,105.513,107.019,105.403,106.768,11856
2026-04-29T16:00:00+00:00,106.768,106.849,106.168,106.677,8433
2026-04-29T16:30:00+00:00,106.677,107.249,106.507,107.122,6796
2026-04-29T17:00:00+00:00,107.122,107.663,106.757,106.793,8350
2026-04-29T17:30:00+00:00,106.793,107.188,106.263,106.524,10047
2026-04-29T18:00:00+00:00,106.524,107.173,106.452,106.963,9264
2026-04-29T18:30:00+00:00,106.963,107.437,106.757,106.787,6091
2026-04-29T19:00:00+00:00,106.787,107.544,106.677,107.529,3918
2026-04-29T19:30:00+00:00,107.529,108.473,107.529,107.767,5405
2026-04-29T20:00:00+00:00,107.767,108.313,107.514,107.919,3717
2026-04-29T20:30:00+00:00,107.919,108.568,107.853,108.468,2959
2026-04-29T22:00:00+00:00,108.468,108.468,107.562,108.412,2428
2026-04-29T22:30:00+00:00,108.412,108.843,108.212,108.399,1140
2026-04-29T23:00:00+00:00,108.399,108.474,108.162,108.163,800
2026-04-29T23:30:00+00:00,108.163,108.213,107.833,107.957,828
2026-04-30T00:00:00+00:00,107.957,107.989,106.434,106.989,4673
2026-04-30T00:30:00+00:00,106.989,107.628,106.894,107.393,2321
2026-04-30T01:00:00+00:00,107.393,107.584,107.083,107.243,3542
2026-04-30T01:30:00+00:00,107.243,107.572,107.122,107.154,2557
2026-04-30T02:00:00+00:00,107.154,108.522,107.147,108.444,3329
2026-04-30T02:30:00+00:00,108.444,109.224,108.242,108.384,5656
2026-04-30T03:00:00+00:00,108.384,109.559,108.117,108.989,4379
2026-04-30T03:30:00+00:00,108.989,109.424,108.724,109.082,3324
2026-04-30T04:00:00+00:00,109.082,110.273,109.043,109.957,6692
2026-04-30T04:30:00+00:00,109.957,110.902,109.673,109.837,4882
2026-04-30T05:00:00+00:00,109.837,109.838,109.027,109.444,3301
2026-04-30T05:30:00+00:00,109.444,109.494,108.823,109.342,3774
2026-04-30T06:00:00+00:00,109.342,110.294,109.013,110.133,4939
2026-04-30T06:30:00+00:00,110.133,110.133,108.237,108.293,7217
2026-04-30T07:00:00+00:00,108.293,108.533,107.623,108.152,6907
2026-04-30T07:30:00+00:00,108.152,108.617,107.738,108.233,5358
2026-04-30T08:00:00+00:00,108.233,108.474,107.744,107.847,6330
2026-04-30T08:30:00+00:00,107.847,108.287,107.487,107.987,5581
2026-04-30T09:00:00+00:00,107.987,108.844,107.193,107.202,7862
2026-04-30T09:30:00+00:00,107.202,107.394,106.384,106.907,11147
2026-04-30T10:00:00+00:00,106.907,107.009,106.18900000000001,106.842,7076
2026-04-30T10:30:00+00:00,106.842,107.287,106.332,106.414,5830
2026-04-30T11:00:00+00:00,106.414,106.43900000000001,103.487,103.688,12899
2026-04-30T11:30:00+00:00,103.688,104.589,103.653,104.504,9869
2026-04-30T12:00:00+00:00,104.504,105.159,104.449,104.793,6860
2026-04-30T12:30:00+00:00,104.793,105.807,104.772,105.279,7878
2026-04-30T13:00:00+00:00,105.279,105.284,103.824,104.629,11721
2026-04-30T13:30:00+00:00,104.629,105.949,104.582,105.434,11144
2026-04-30T14:00:00+00:00,105.434,105.739,104.672,105.042,12547
2026-04-30T14:30:00+00:00,105.042,106.444,104.972,105.967,12743
2026-04-30T15:00:00+00:00,105.967,106.609,104.067,104.419,20928
2026-04-30T15:30:00+00:00,104.419,104.878,103.542,104.077,11528
2026-04-30T16:00:00+00:00,104.077,104.739,103.999,104.643,6622
2026-04-30T16:30:00+00:00,104.643,105.139,104.362,104.757,5375
2026-04-30T17:00:00+00:00,104.757,104.839,103.889,104.507,7226
2026-04-30T17:30:00+00:00,104.507,104.513,103.319,103.659,10315
2026-04-30T18:00:00+00:00,103.659,105.288,103.422,105.134,11137
2026-04-30T18:30:00+00:00,105.134,105.587,105.109,105.382,4339
2026-04-30T19:00:00+00:00,105.382,105.424,104.68900000000001,104.788,3821
2026-04-30T19:30:00+00:00,104.788,105.268,104.748,105.197,3042
2026-04-30T20:00:00+00:00,105.197,105.992,105.094,105.514,3507
2026-04-30T20:30:00+00:00,105.514,106.137,105.333,105.402,2104
2026-04-30T22:00:00+00:00,105.402,105.697,105.252,105.697,470
2026-04-30T22:30:00+00:00,105.697,105.954,105.562,105.673,669
2026-04-30T23:00:00+00:00,105.673,105.788,105.492,105.737,538
2026-04-30T23:30:00+00:00,105.737,105.823,105.604,105.623,439
2026-05-01T00:00:00+00:00,105.623,106.019,105.353,105.568,1636
2026-05-01T00:30:00+00:00,105.568,105.799,105.402,105.617,1037
2026-05-01T01:00:00+00:00,105.617,105.973,105.607,105.662,1156
2026-05-01T01:30:00+00:00,105.662,105.664,105.134,105.293,1289
2026-05-01T02:00:00+00:00,105.293,105.949,105.074,105.844,1288
2026-05-01T02:30:00+00:00,105.844,106.357,105.433,105.453,1549
2026-05-01T03:00:00+00:00,105.453,105.712,105.352,105.694,1093
2026-05-01T03:30:00+00:00,105.694,105.727,105.414,105.502,796
2026-05-01T04:00:00+00:00,105.502,105.584,105.168,105.347,1021
2026-05-01T04:30:00+00:00,105.347,105.393,104.957,104.972,1312
2026-05-01T05:00:00+00:00,104.972,105.262,104.967,105.163,1355
2026-05-01T05:30:00+00:00,105.163,105.312,104.977,105.079,1070
2026-05-01T06:00:00+00:00,105.079,106.102,105.072,106.007,2171
2026-05-01T06:30:00+00:00,106.007,106.632,105.857,105.909,3204
2026-05-01T07:00:00+00:00,105.909,106.139,104.122,104.584,7076
2026-05-01T07:30:00+00:00,104.584,105.514,104.492,105.502,4816
2026-05-01T08:00:00+00:00,105.502,105.724,104.668,105.093,6482
2026-05-01T08:30:00+00:00,105.093,105.619,105.093,105.497,3178
2026-05-01T09:00:00+00:00,105.497,106.168,105.497,105.787,3754
2026-05-01T09:30:00+00:00,105.787,105.899,105.204,105.402,3070
2026-05-01T10:00:00+00:00,105.402,105.674,105.192,105.379,1823
2026-05-01T10:30:00+00:00,105.379,105.693,104.93900000000001,104.992,2372
2026-05-01T11:00:00+00:00,104.992,105.178,104.233,104.463,3257
2026-05-01T11:30:00+00:00,104.463,104.503,103.932,104.077,4461
2026-05-01T12:00:00+00:00,104.077,104.388,102.192,102.793,9138
2026-05-01T12:30:00+00:00,102.793,104.014,102.502,103.752,5901
2026-05-01T13:00:00+00:00,103.752,103.854,102.503,102.609,7972
2026-05-01T13:30:00+00:00,102.609,102.898,100.403,100.802,12732
2026-05-01T14:00:00+00:00,100.802,100.919,99.292,100.637,15779
2026-05-01T14:30:00+00:00,100.637,101.708,100.529,101.587,9383
2026-05-01T15:00:00+00:00,101.587,102.452,101.467,102.032,9933
2026-05-01T15:30:00+00:00,102.032,102.032,100.743,101.059,8868
2026-05-01T16:00:00+00:00,101.059,102.534,100.694,102.524,10017
2026-05-01T16:30:00+00:00,102.524,102.554,101.537,101.822,6724
2026-05-01T17:00:00+00:00,101.822,101.869,101.354,101.594,4528
2026-05-01T17:30:00+00:00,101.594,102.113,101.237,101.419,5490
2026-05-01T18:00:00+00:00,101.419,102.153,101.117,101.833,8840
2026-05-01T18:30:00+00:00,101.833,102.677,101.777,102.173,4642
2026-05-01T19:00:00+00:00,102.173,102.214,101.824,102.017,2435
2026-05-01T19:30:00+00:00,102.017,102.413,101.799,102.157,3042
2026-05-01T20:00:00+00:00,102.157,102.674,102.009,102.508,1995
2026-05-01T20:30:00+00:00,102.508,102.722,102.304,102.339,713
2026-05-03T22:00:00+00:00,102.339,102.339,99.594,101.248,4126
2026-05-03T22:30:00+00:00,101.248,101.478,100.842,101.049,1392
2026-05-03T23:00:00+00:00,101.049,101.524,100.972,101.523,1008
2026-05-03T23:30:00+00:00,101.523,101.749,101.203,101.704,1188
2026-05-04T00:00:00+00:00,101.704,102.304,101.703,102.147,2324
2026-05-04T00:30:00+00:00,102.147,102.148,101.053,101.143,2406
2026-05-04T01:00:00+00:00,101.143,101.929,101.142,101.918,1751
2026-05-04T01:30:00+00:00,101.918,101.973,101.563,101.608,1097
2026-05-04T02:00:00+00:00,101.608,102.077,101.387,102.027,1315
2026-05-04T02:30:00+00:00,102.027,102.027,101.703,101.788,873
2026-05-04T03:00:00+00:00,101.788,101.963,101.742,101.823,668
2026-05-04T03:30:00+00:00,101.823,102.178,101.797,101.888,1206
2026-05-04T04:00:00+00:00,101.888,101.904,101.113,101.603,1712
2026-05-04T04:30:00+00:00,101.603,101.774,101.542,101.667,700
2026-05-04T05:00:00+00:00,101.667,101.749,100.112,101.072,3700
2026-05-04T05:30:00+00:00,101.072,101.389,100.788,100.948,1899
2026-05-04T06:00:00+00:00,100.948,101.719,100.822,101.542,2529
2026-05-04T06:30:00+00:00,101.542,102.769,101.378,102.399,3637
2026-05-04T07:00:00+00:00,102.399,103.047,102.368,102.637,3841
2026-05-04T07:30:00+00:00,102.637,103.434,102.617,103.434,4021
2026-05-04T08:00:00+00:00,103.434,104.517,103.418,103.652,6846
2026-05-04T08:30:00+00:00,103.652,103.688,103.108,103.239,4376
2026-05-04T09:00:00+00:00,103.239,103.327,102.604,103.18900000000001,3138
2026-05-04T09:30:00+00:00,103.18900000000001,103.214,102.727,103.037,2248
2026-05-04T10:00:00+00:00,103.037,107.434,102.967,106.878,17192
2026-05-04T10:30:00+00:00,106.878,107.104,104.599,105.657,11148
2026-05-04T11:00:00+00:00,105.657,105.994,105.007,105.137,5770
2026-05-04T11:30:00+00:00,105.137,105.889,103.873,104.118,7086
2026-05-04T12:00:00+00:00,104.118,104.173,102.882,103.228,7541
2026-05-04T12:30:00+00:00,103.228,103.709,102.092,102.808,8273
2026-05-04T13:00:00+00:00,102.808,104.159,101.819,102.778,14541
2026-05-04T13:30:00+00:00,102.778,102.978,101.887,102.188,10086
2026-05-04T14:00:00+00:00,102.188,102.858,101.484,102.259,11462
2026-05-04T14:30:00+00:00,102.259,103.604,101.968,103.459,10000
2026-05-04T15:00:00+00:00,103.459,105.819,102.982,105.219,18854
2026-05-04T15:30:00+00:00,105.219,106.013,105.002,105.583,14005
2026-05-04T16:00:00+00:00,105.583,106.608,104.684,105.538,14142
2026-05-04T16:30:00+00:00,105.538,106.424,105.422,106.104,8910
2026-05-04T17:00:00+00:00,106.104,106.234,104.933,105.057,9664
2026-05-04T17:30:00+00:00,105.057,105.608,105.022,105.258,5833
2026-05-04T18:00:00+00:00,105.258,106.738,104.743,106.262,10030
2026-05-04T18:30:00+00:00,106.262,106.359,105.628,105.674,4774
2026-05-04T19:00:00+00:00,105.674,105.828,104.812,105.188,5757
2026-05-04T19:30:00+00:00,105.188,105.398,104.937,105.282,2901
2026-05-04T20:00:00+00:00,105.282,105.304,104.788,104.872,1639
2026-05-04T20:30:00+00:00,104.872,105.204,104.602,105.102,1471
2026-05-04T22:00:00+00:00,105.102,105.394,104.694,104.797,856
2026-05-04T22:30:00+00:00,104.797,104.977,104.742,104.902,301
2026-05-04T23:00:00+00:00,104.902,105.008,104.798,104.884,367
2026-05-04T23:30:00+00:00,104.884,105.049,104.864,104.963,356
2026-05-05T00:00:00+00:00,104.963,105.167,104.512,105.053,1771
2026-05-05T00:30:00+00:00,105.053,105.219,104.702,104.819,1338
2026-05-05T01:00:00+00:00,104.819,105.042,104.663,104.829,1433
2026-05-05T01:30:00+00:00,104.829,104.893,104.532,104.759,1566
2026-05-05T02:00:00+00:00,104.759,104.769,104.168,104.392,1912
2026-05-05T02:30:00+00:00,104.392,104.474,103.922,104.18900000000001,2254
2026-05-05T03:00:00+00:00,104.18900000000001,104.344,104.094,104.324,857
2026-05-05T03:30:00+00:00,104.324,104.499,104.304,104.364,1109
2026-05-05T04:00:00+00:00,104.364,104.369,104.002,104.097,877
2026-05-05T04:30:00+00:00,104.097,104.228,103.847,104.163,1071
2026-05-05T05:00:00+00:00,104.163,104.554,104.143,104.344,2385
2026-05-05T05:30:00+00:00,104.344,104.539,104.243,104.258,1635
2026-05-05T06:00:00+00:00,104.258,105.328,103.974,104.988,3736
2026-05-05T06:30:00+00:00,104.988,105.014,104.182,104.397,3367
2026-05-05T07:00:00+00:00,104.397,104.487,103.868,104.393,4985
2026-05-05T07:30:00+00:00,104.393,104.818,103.112,104.532,7176
2026-05-05T08:00:00+00:00,104.532,104.68900000000001,103.309,103.917,8719
2026-05-05T08:30:00+00:00,103.917,103.954,103.062,103.418,5970
2026-05-05T09:00:00+00:00,103.418,104.473,103.408,103.889,5214
2026-05-05T09:30:00+00:00,103.889,104.339,103.697,104.003,3612
2026-05-05T10:00:00+00:00,104.003,104.368,103.992,104.078,3060
2026-05-05T10:30:00+00:00,104.078,104.393,103.492,104.163,3734
2026-05-05T11:00:00+00:00,104.163,105.068,104.068,104.212,5363
2026-05-05T11:30:00+00:00,104.212,104.342,103.713,103.733,3568
2026-05-05T12:00:00+00:00,103.733,104.202,102.702,102.827,10434
2026-05-05T12:30:00+00:00,102.827,103.352,102.577,103.193,5972
2026-05-05T13:00:00+00:00,103.193,103.347,102.028,102.427,8833
2026-05-05T13:30:00+00:00,102.427,102.693,102.044,102.077,8192
2026-05-05T14:00:00+00:00,102.077,102.979,101.049,101.864,17329
2026-05-05T14:30:00+00:00,101.864,102.608,101.563,101.599,9597
2026-05-05T15:00:00+00:00,101.599,102.502,101.487,101.954,9686
2026-05-05T15:30:00+00:00,101.954,102.207,101.267,102.072,8937
2026-05-05T16:00:00+00:00,102.072,102.362,101.744,102.139,5457
2026-05-05T16:30:00+00:00,102.139,102.394,101.897,102.297,4631
2026-05-05T17:00:00+00:00,102.297,102.364,101.612,101.733,5073
2026-05-05T17:30:00+00:00,101.733,102.114,101.427,102.054,5526
2026-05-05T18:00:00+00:00,102.054,102.614,101.813,102.142,7390
2026-05-05T18:30:00+00:00,102.142,102.273,101.947,102.263,3049
2026-05-05T19:00:00+00:00,102.263,102.539,102.142,102.527,1973
2026-05-05T19:30:00+00:00,102.527,102.883,102.493,102.757,2885
2026-05-05T20:00:00+00:00,102.757,102.784,102.503,102.604,1977
2026-05-05T20:30:00+00:00,102.604,102.719,102.342,102.653,2786
2026-05-05T22:00:00+00:00,102.653,102.653,102.404,102.434,747
2026-05-05T22:30:00+00:00,102.434,102.503,99.122,100.998,3357
2026-05-05T23:00:00+00:00,100.998,101.104,99.184,100.054,2608
2026-05-05T23:30:00+00:00,100.054,100.243,99.652,99.768,1312
2026-05-06T00:00:00+00:00,99.768,101.383,99.592,101.237,3690
2026-05-06T00:30:00+00:00,101.237,101.322,100.852,100.873,2039
2026-05-06T01:00:00+00:00,100.873,101.267,100.343,100.963,4178
2026-05-06T01:30:00+00:00,100.963,100.968,100.097,100.558,3037
2026-05-06T02:00:00+00:00,100.558,100.709,100.442,100.593,1589
2026-05-06T02:30:00+00:00,100.593,100.767,100.543,100.628,1259
2026-05-06T03:00:00+00:00,100.628,100.967,100.557,100.917,1127
2026-05-06T03:30:00+00:00,100.917,100.924,100.308,100.567,1041
2026-05-06T04:00:00+00:00,100.567,100.722,100.309,100.349,753
2026-05-06T04:30:00+00:00,100.349,100.409,100.197,100.363,996
2026-05-06T05:00:00+00:00,100.363,101.354,100.332,100.908,1938
2026-05-06T05:30:00+00:00,100.908,101.063,100.182,100.269,2497
2026-05-06T06:00:00+00:00,100.269,100.707,99.724,100.409,4049
2026-05-06T06:30:00+00:00,100.409,101.299,100.202,100.834,3629
2026-05-06T07:00:00+00:00,100.834,101.179,100.242,100.339,3709
2026-05-06T07:30:00+00:00,100.339,100.734,97.687,97.774,9719
2026-05-06T08:00:00+00:00,97.774,99.073,97.598,99.003,10570
2026-05-06T08:30:00+00:00,99.003,99.053,95.172,95.447,16004
2026-05-06T09:00:00+00:00,95.447,96.204,94.292,95.368,15025
2026-05-06T09:30:00+00:00,95.368,95.562,93.289,93.343,14861
2026-05-06T10:00:00+00:00,93.343,93.364,92.072,92.997,14230
2026-05-06T10:30:00+00:00,92.997,92.998,89.532,89.789,22024
2026-05-06T11:00:00+00:00,89.789,90.929,88.659,90.484,22523
2026-05-06T11:30:00+00:00,90.484,92.608,90.242,92.553,14808
2026-05-06T12:00:00+00:00,92.553,96.068,92.452,94.109,20576
2026-05-06T12:30:00+00:00,94.109,95.658,94.012,95.399,11572
2026-05-06T13:00:00+00:00,95.399,96.757,95.107,96.248,15567
2026-05-06T13:30:00+00:00,96.248,96.607,95.407,96.018,13752
2026-05-06T14:00:00+00:00,96.018,97.317,94.857,95.572,15707
2026-05-06T14:30:00+00:00,95.572,95.849,94.454,94.764,12447
2026-05-06T15:00:00+00:00,94.764,96.078,94.752,94.984,12081
2026-05-06T15:30:00+00:00,94.984,95.534,94.608,95.307,8256
2026-05-06T16:00:00+00:00,95.307,95.709,94.743,94.843,6077
2026-05-06T16:30:00+00:00,94.843,96.328,94.552,95.844,6724
2026-05-06T17:00:00+00:00,95.844,95.928,95.122,95.244,5119
2026-05-06T17:30:00+00:00,95.244,95.679,94.967,95.213,4557
2026-05-06T18:00:00+00:00,95.069,95.294,94.317,95.209,9193
2026-05-06T18:30:00+00:00,95.209,95.263,94.808,95.194,3482
2026-05-06T19:00:00+00:00,95.194,95.227,94.812,95.178,2770
2026-05-06T19:30:00+00:00,95.178,95.557,94.877,95.333,3116
2026-05-06T20:00:00+00:00,95.333,95.658,95.044,95.549,2322
2026-05-06T20:30:00+00:00,95.549,96.354,95.408,96.208,2663
2026-05-06T22:00:00+00:00,96.208,96.208,95.602,95.817,722
2026-05-06T22:30:00+00:00,95.817,96.207,95.802,95.844,546
2026-05-06T23:00:00+00:00,95.844,96.014,95.712,95.944,343
2026-05-06T23:30:00+00:00,95.944,96.053,95.842,95.868,359
2026-05-07T00:00:00+00:00,95.868,96.449,95.724,96.219,2422
2026-05-07T00:30:00+00:00,96.219,96.408,96.019,96.149,1568
2026-05-07T01:00:00+00:00,96.149,96.424,95.572,95.637,3455
2026-05-07T01:30:00+00:00,95.637,95.774,95.367,95.408,2231
2026-05-07T02:00:00+00:00,95.408,95.724,94.817,95.583,2674
2026-05-07T02:30:00+00:00,95.583,95.758,95.464,95.667,1505
2026-05-07T03:00:00+00:00,95.667,95.929,95.662,95.859,1310
2026-05-07T03:30:00+00:00,95.859,95.914,95.334,95.787,1114
2026-05-07T04:00:00+00:00,95.787,95.827,95.632,95.692,542
2026-05-07T04:30:00+00:00,95.692,95.812,95.492,95.527,829
2026-05-07T05:00:00+00:00,95.527,95.753,95.502,95.658,917
2026-05-07T05:30:00+00:00,95.658,95.659,95.243,95.334,1260
2026-05-07T06:00:00+00:00,95.334,95.654,94.958,95.483,2224
2026-05-07T06:30:00+00:00,95.483,95.537,94.162,94.629,5079
2026-05-07T07:00:00+00:00,94.629,94.719,91.902,92.772,14543
2026-05-07T07:30:00+00:00,92.772,93.704,92.637,93.324,6663
2026-05-07T08:00:00+00:00,93.324,94.559,92.922,93.894,9503
2026-05-07T08:30:00+00:00,93.894,93.914,92.717,92.873,5746
2026-05-07T09:00:00+00:00,92.873,93.183,92.447,92.462,4552
2026-05-07T09:30:00+00:00,92.462,93.078,92.119,92.859,5843
2026-05-07T10:00:00+00:00,92.859,93.054,92.217,92.684,5132
2026-05-07T10:30:00+00:00,92.684,93.312,92.624,92.824,4281
2026-05-07T11:00:00+00:00,92.824,92.929,91.318,91.677,6143
2026-05-07T11:30:00+00:00,91.677,92.137,91.487,91.807,5054
2026-05-07T12:00:00+00:00,91.807,92.052,90.524,90.609,8091
2026-05-07T12:30:00+00:00,90.609,90.757,89.842,90.674,8419
2026-05-07T13:00:00+00:00,90.674,91.769,90.672,91.272,10261
2026-05-07T13:30:00+00:00,91.272,92.667,91.052,91.137,12155
2026-05-07T14:00:00+00:00,91.137,91.268,90.288,90.954,9964
2026-05-07T14:30:00+00:00,90.954,91.56400000000001,90.823,91.174,8409
2026-05-07T15:00:00+00:00,91.174,92.679,91.138,92.112,12402
2026-05-07T15:30:00+00:00,92.112,93.418,91.667,93.299,9823
2026-05-07T16:00:00+00:00,93.299,95.06400000000001,93.257,93.988,13895
2026-05-07T16:30:00+00:00,93.988,95.869,93.922,95.627,9942
2026-05-07T17:00:00+00:00,95.627,97.422,95.147,96.963,15122
2026-05-07T17:30:00+00:00,96.963,97.169,94.547,94.852,15276
2026-05-07T18:00:00+00:00,94.852,95.294,94.557,94.873,12233
2026-05-07T18:30:00+00:00,94.873,96.569,94.827,95.594,11589
2026-05-07T19:00:00+00:00,95.594,97.213,95.453,96.643,8515
2026-05-07T19:30:00+00:00,96.643,97.184,95.684,96.367,9400
2026-05-07T20:00:00+00:00,96.367,96.373,94.707,95.984,8470
2026-05-07T20:30:00+00:00,95.984,97.967,95.812,97.604,8743
2026-05-07T22:00:00+00:00,97.604,98.003,96.113,96.852,3758
2026-05-07T22:30:00+00:00,96.852,97.704,96.693,97.242,1397
2026-05-07T23:00:00+00:00,97.242,97.248,96.833,96.923,737
2026-05-07T23:30:00+00:00,96.923,97.224,96.684,96.953,592
2026-05-08T00:00:00+00:00,96.953,97.289,96.402,97.052,2535
2026-05-08T00:30:00+00:00,97.052,97.092,96.553,96.579,1363
2026-05-08T01:00:00+00:00,96.579,96.579,95.514,95.767,4433
2026-05-08T01:30:00+00:00,95.767,96.109,95.707,96.008,1736
2026-05-08T02:00:00+00:00,96.008,96.018,95.704,95.893,1224
2026-05-08T02:30:00+00:00,95.893,96.43900000000001,95.063,95.729,3302
2026-05-08T03:00:00+00:00,95.729,95.737,95.532,95.658,1124
2026-05-08T03:30:00+00:00,95.658,95.799,95.338,95.687,1082
2026-05-08T04:00:00+00:00,95.687,96.464,95.652,96.262,1363
2026-05-08T04:30:00+00:00,96.262,96.333,95.642,95.763,1423
2026-05-08T05:00:00+00:00,95.763,95.887,95.289,95.768,1587
2026-05-08T05:30:00+00:00,95.768,95.818,95.332,95.397,1769
2026-05-08T06:00:00+00:00,95.397,95.778,94.142,94.597,4382
2026-05-08T06:30:00+00:00,94.597,95.518,94.487,95.114,4697
2026-05-08T07:00:00+00:00,95.114,95.907,94.744,95.467,5621
2026-05-08T07:30:00+00:00,95.467,95.607,94.997,95.247,4513
2026-05-08T08:00:00+00:00,95.247,95.524,94.352,94.429,6995
2026-05-08T08:30:00+00:00,94.429,94.773,94.149,94.56400000000001,5934
2026-05-08T09:00:00+00:00,94.56400000000001,94.707,93.804,94.139,4753
2026-05-08T09:30:00+00:00,94.139,95.364,94.058,95.137,5123
2026-05-08T10:00:00+00:00,95.137,95.283,94.509,94.644,4655
2026-05-08T10:30:00+00:00,94.644,95.277,94.434,94.889,4761
2026-05-08T11:00:00+00:00,94.889,94.918,94.192,94.584,4599
2026-05-08T11:30:00+00:00,94.584,95.248,94.579,94.944,4107
2026-05-08T12:00:00+00:00,94.944,95.323,94.587,95.063,5257
2026-05-08T12:30:00+00:00,95.063,95.597,94.613,95.323,6268
2026-05-08T13:00:00+00:00,95.323,95.359,93.892,94.099,10091
2026-05-08T13:30:00+00:00,94.099,94.839,93.993,94.309,8744
2026-05-08T14:00:00+00:00,94.309,95.56400000000001,94.292,95.512,11241
2026-05-08T14:30:00+00:00,95.512,95.818,94.744,95.398,8998
2026-05-08T15:00:00+00:00,95.398,96.048,95.077,95.608,11270
2026-05-08T15:30:00+00:00,95.608,96.108,95.178,95.804,9876
2026-05-08T16:00:00+00:00,95.804,96.069,95.433,95.607,6000
2026-05-08T16:30:00+00:00,95.607,96.159,95.543,96.108,4542
2026-05-08T17:00:00+00:00,96.108,96.128,95.288,95.424,4181
2026-05-08T17:30:00+00:00,95.424,95.764,95.337,95.458,3914
2026-05-08T18:00:00+00:00,95.458,95.612,94.573,95.377,10476
2026-05-08T18:30:00+00:00,95.377,95.782,94.797,95.538,4319
2026-05-08T19:00:00+00:00,95.538,95.623,95.287,95.362,2171
2026-05-08T19:30:00+00:00,95.362,95.458,94.683,94.907,3883
2026-05-08T20:00:00+00:00,94.907,95.029,94.594,94.833,1811
2026-05-08T20:30:00+00:00,94.833,94.859,94.497,94.574,674
2026-05-10T22:00:00+00:00,94.574,98.553,94.574,97.872,3390
2026-05-10T22:30:00+00:00,97.872,98.399,97.813,98.283,1385
2026-05-10T23:00:00+00:00,98.283,98.453,98.174,98.318,982
2026-05-10T23:30:00+00:00,98.318,98.899,98.243,98.853,1234
2026-05-11T00:00:00+00:00,98.853,98.904,98.494,98.614,1727
2026-05-11T00:30:00+00:00,98.614,99.902,98.599,99.229,3062
2026-05-11T01:00:00+00:00,99.229,99.283,98.818,99.003,3391
2026-05-11T01:30:00+00:00,99.003,99.358,98.927,98.988,1967
2026-05-11T02:00:00+00:00,98.988,99.099,98.872,99.094,1146
2026-05-11T02:30:00+00:00,99.094,99.842,99.027,99.789,2192
2026-05-11T03:00:00+00:00,99.789,100.288,99.673,99.819,2184
2026-05-11T03:30:00+00:00,99.819,99.969,99.667,99.932,1295
2026-05-11T04:00:00+00:00,99.932,100.259,99.927,100.094,1153
2026-05-11T04:30:00+00:00,100.094,100.358,100.038,100.278,831
2026-05-11T05:00:00+00:00,100.278,100.319,99.829,99.979,1906
2026-05-11T05:30:00+00:00,99.979,100.124,99.613,99.742,1988
2026-05-11T06:00:00+00:00,99.742,100.107,99.687,99.828,2049
2026-05-11T06:30:00+00:00,99.828,99.828,98.887,98.998,3497
2026-05-11T07:00:00+00:00,98.998,99.302,98.704,98.948,4002
2026-05-11T07:30:00+00:00,98.948,99.093,98.223,98.284,3014
2026-05-11T08:00:00+00:00,98.284,98.418,96.907,97.539,8581
2026-05-11T08:30:00+00:00,97.539,97.683,97.308,97.568,3608
2026-05-11T09:00:00+00:00,97.568,97.849,97.357,97.624,2868
2026-05-11T09:30:00+00:00,97.624,98.078,97.459,98.078,2291
2026-05-11T10:00:00+00:00,98.078,98.099,97.262,97.669,3747
2026-05-11T10:30:00+00:00,97.669,98.018,97.454,98.007,2702
2026-05-11T11:00:00+00:00,98.007,98.054,97.812,97.893,1988
2026-05-11T11:30:00+00:00,97.893,98.558,97.692,98.293,2705
2026-05-11T12:00:00+00:00,98.293,98.687,97.462,97.533,3718
2026-05-11T12:30:00+00:00,97.533,98.637,96.573,98.053,7497
2026-05-11T13:00:00+00:00,98.053,98.109,96.394,96.838,8487
2026-05-11T13:30:00+00:00,96.838,97.259,96.124,96.609,8074
2026-05-11T14:00:00+00:00,96.609,97.303,96.538,97.247,5689
2026-05-11T14:30:00+00:00,97.247,97.917,97.108,97.658,8531
2026-05-11T15:00:00+00:00,97.658,97.909,97.199,97.478,6330
2026-05-11T15:30:00+00:00,97.478,98.273,97.173,97.847,6447
2026-05-11T16:00:00+00:00,97.847,98.743,97.833,98.702,4575
2026-05-11T16:30:00+00:00,98.702,99.813,98.607,99.239,7651
2026-05-11T17:00:00+00:00,99.239,99.249,98.387,98.619,4780
2026-05-11T17:30:00+00:00,98.619,98.657,98.098,98.329,4254
2026-05-11T18:00:00+00:00,98.329,98.888,97.81400000000001,98.054,11032
2026-05-11T18:30:00+00:00,98.054,98.269,97.867,98.118,3055
2026-05-11T19:00:00+00:00,98.118,98.142,97.823,98.007,1765
2026-05-11T19:30:00+00:00,98.007,98.479,97.914,98.304,2315
2026-05-11T20:00:00+00:00,98.304,98.947,98.152,98.247,2714
2026-05-11T20:30:00+00:00,98.247,98.499,98.172,98.254,1112
2026-05-11T22:00:00+00:00,98.254,98.337,98.002,98.117,404
2026-05-11T22:30:00+00:00,98.117,98.257,98.022,98.209,287
2026-05-11T23:00:00+00:00,98.209,98.258,98.133,98.173,177
2026-05-11T23:30:00+00:00,98.173,98.174,97.993,98.078,232
2026-05-12T00:00:00+00:00,98.078,98.469,98.078,98.418,1538
2026-05-12T00:30:00+00:00,98.418,98.767,98.297,98.724,1384
2026-05-12T01:00:00+00:00,98.724,98.883,98.353,98.797,1557
2026-05-12T01:30:00+00:00,98.797,99.118,98.707,99.008,1700
2026-05-12T02:00:00+00:00,99.008,99.254,98.917,99.097,1093
2026-05-12T02:30:00+00:00,99.097,99.199,98.937,98.958,835
2026-05-12T03:00:00+00:00,98.958,99.078,98.932,99.037,597
2026-05-12T03:30:00+00:00,99.037,99.198,98.809,99.139,887
2026-05-12T04:00:00+00:00,99.139,99.147,98.658,98.942,940
2026-05-12T04:30:00+00:00,98.942,99.009,98.748,98.997,595
2026-05-12T05:00:00+00:00,98.997,99.027,98.788,98.952,632
2026-05-12T05:30:00+00:00,98.952,99.507,98.822,99.188,1430
2026-05-12T06:00:00+00:00,99.188,99.774,99.172,99.454,2548
2026-05-12T06:30:00+00:00,99.454,100.684,99.397,100.513,3846
2026-05-12T07:00:00+00:00,100.513,100.664,100.232,100.352,3757
2026-05-12T07:30:00+00:00,100.352,100.694,100.294,100.652,2840
2026-05-12T08:00:00+00:00,100.652,101.448,100.583,101.159,5947
2026-05-12T08:30:00+00:00,101.159,101.288,100.793,100.889,3475
2026-05-12T09:00:00+00:00,100.889,101.729,100.832,101.447,4060
2026-05-12T09:30:00+00:00,101.447,101.458,100.944,101.074,4102
2026-05-12T10:00:00+00:00,101.074,101.258,100.818,101.088,3293
2026-05-12T10:30:00+00:00,101.088,101.943,101.057,101.657,3440
2026-05-12T11:00:00+00:00,101.657,102.019,101.122,101.229,4328
2026-05-12T11:30:00+00:00,101.229,101.489,101.142,101.254,2470
2026-05-12T12:00:00+00:00,101.254,101.738,101.138,101.529,4087
2026-05-12T12:30:00+00:00,101.529,101.603,100.582,100.754,5130
2026-05-12T13:00:00+00:00,100.754,101.659,100.662,101.642,5839
2026-05-12T13:30:00+00:00,101.642,102.094,101.282,101.742,7133
2026-05-12T14:00:00+00:00,101.742,101.968,101.362,101.932,5680
2026-05-12T14:30:00+00:00,101.932,102.149,101.487,101.922,6681
2026-05-12T15:00:00+00:00,101.922,102.214,101.573,101.903,7037
2026-05-12T15:30:00+00:00,101.903,101.928,101.143,101.479,5713
2026-05-12T16:00:00+00:00,101.479,101.729,101.207,101.678,3784
2026-05-12T16:30:00+00:00,101.678,101.944,101.597,101.619,3935
2026-05-12T17:00:00+00:00,101.619,101.619,101.228,101.339,3595
2026-05-12T17:30:00+00:00,101.339,101.699,101.218,101.669,3707
2026-05-12T18:00:00+00:00,101.669,102.639,101.514,102.282,8539
2026-05-12T18:30:00+00:00,102.282,102.703,102.224,102.532,3045
2026-05-12T19:00:00+00:00,102.532,102.539,102.193,102.254,1551
2026-05-12T19:30:00+00:00,102.254,102.479,102.207,102.363,1672
2026-05-12T20:00:00+00:00,102.363,102.449,102.207,102.258,842
2026-05-12T20:30:00+00:00,102.258,102.323,101.887,102.034,1575
2026-05-12T22:00:00+00:00,102.034,102.249,101.694,101.809,613
2026-05-12T22:30:00+00:00,101.809,101.937,101.753,101.913,293
2026-05-12T23:00:00+00:00,101.913,102.039,101.909,101.953,328
2026-05-12T23:30:00+00:00,101.953,102.099,101.944,102.049,242
2026-05-13T00:00:00+00:00,102.049,102.053,101.432,101.514,2178
2026-05-13T00:30:00+00:00,101.514,101.682,100.962,101.434,1765
2026-05-13T01:00:00+00:00,101.434,101.524,101.252,101.443,1754
2026-05-13T01:30:00+00:00,101.443,101.624,101.412,101.568,1346
2026-05-13T02:00:00+00:00,101.568,101.694,101.462,101.554,832
2026-05-13T02:30:00+00:00,101.554,101.624,100.758,101.047,1363
2026-05-13T03:00:00+00:00,101.047,101.18900000000001,100.832,101.018,1481
2026-05-13T03:30:00+00:00,101.018,101.152,100.822,101.049,923
2026-05-13T04:00:00+00:00,101.049,101.049,100.837,100.862,604
2026-05-13T04:30:00+00:00,100.862,100.963,100.574,100.744,1077
2026-05-13T05:00:00+00:00,100.744,100.872,100.614,100.734,890
2026-05-13T05:30:00+00:00,100.734,100.773,100.542,100.643,1297
2026-05-13T06:00:00+00:00,100.643,101.049,100.548,100.738,2219
2026-05-13T06:30:00+00:00,100.738,101.108,100.717,100.964,1880
2026-05-13T07:00:00+00:00,100.964,101.329,100.638,100.769,3093
2026-05-13T07:30:00+00:00,100.769,101.312,100.707,101.227,2467
2026-05-13T08:00:00+00:00,101.227,101.409,101.033,101.183,4356
2026-05-13T08:30:00+00:00,101.183,101.794,101.097,101.554,3027
2026-05-13T09:00:00+00:00,101.554,101.962,101.342,101.467,2984
2026-05-13T09:30:00+00:00,101.467,101.664,101.168,101.308,2658
2026-05-13T10:00:00+00:00,101.308,102.052,101.298,102.014,2858
2026-05-13T10:30:00+00:00,102.014,102.374,101.922,102.283,3021
2026-05-13T11:00:00+00:00,102.283,102.338,101.934,102.044,2657
2026-05-13T11:30:00+00:00,102.044,102.108,101.652,101.839,2689
2026-05-13T12:00:00+00:00,101.839,102.259,101.739,102.188,2675
2026-05-13T12:30:00+00:00,102.188,102.738,102.139,102.317,4323
2026-05-13T13:00:00+00:00,102.317,102.627,102.008,102.559,4810
2026-05-13T13:30:00+00:00,102.559,102.869,102.263,102.847,5663
2026-05-13T14:00:00+00:00,102.847,103.649,102.847,103.528,5559
2026-05-13T14:30:00+00:00,103.528,103.638,102.672,103.122,6698
2026-05-13T15:00:00+00:00,103.122,103.229,102.537,102.578,6058
2026-05-13T15:30:00+00:00,102.578,102.769,102.002,102.203,5936
2026-05-13T16:00:00+00:00,102.203,102.359,100.822,101.259,7304
2026-05-13T16:30:00+00:00,101.259,102.203,101.118,102.083,6093
2026-05-13T17:00:00+00:00,102.083,102.167,101.677,101.679,3675
2026-05-13T17:30:00+00:00,101.679,101.694,101.209,101.313,3908
2026-05-13T18:00:00+00:00,101.313,101.382,100.913,100.993,6005
2026-05-13T18:30:00+00:00,100.993,101.098,100.692,101.004,3290
2026-05-13T19:00:00+00:00,101.004,101.174,100.932,101.133,1529
2026-05-13T19:30:00+00:00,101.133,101.389,101.084,101.349,1824
2026-05-13T20:00:00+00:00,101.349,101.554,101.163,101.222,1473
2026-05-13T20:30:00+00:00,101.222,101.229,100.688,100.988,1409
2026-05-13T22:00:00+00:00,100.988,101.249,100.732,100.813,636
2026-05-13T22:30:00+00:00,100.813,100.929,100.762,100.827,269
2026-05-13T23:00:00+00:00,100.827,101.049,100.784,100.987,268
2026-05-13T23:30:00+00:00,100.987,101.044,100.907,101.014,278
2026-05-14T00:00:00+00:00,101.014,101.252,100.879,101.093,1048
2026-05-14T00:30:00+00:00,101.093,101.258,101.023,101.112,821
2026-05-14T01:00:00+00:00,101.112,101.389,100.852,101.063,1916
2026-05-14T01:30:00+00:00,101.063,101.114,100.712,101.039,1611
2026-05-14T02:00:00+00:00,101.039,101.213,100.907,101.144,993
2026-05-14T02:30:00+00:00,101.144,101.508,101.127,101.464,1108
2026-05-14T03:00:00+00:00,101.464,101.469,101.142,101.213,1016
2026-05-14T03:30:00+00:00,101.213,101.719,101.213,101.374,1336
2026-05-14T04:00:00+00:00,101.374,101.559,101.344,101.438,739
2026-05-14T04:30:00+00:00,101.438,101.558,101.382,101.452,643
2026-05-14T05:00:00+00:00,101.452,101.708,101.452,101.614,947
2026-05-14T05:30:00+00:00,101.614,101.788,101.333,101.444,1680
2026-05-14T06:00:00+00:00,101.444,101.444,101.073,101.222,1818
2026-05-14T06:30:00+00:00,101.222,101.227,99.602,101.027,5544
2026-05-14T07:00:00+00:00,101.027,101.547,100.913,101.247,4339
2026-05-14T07:30:00+00:00,101.247,102.089,100.992,101.924,3807
2026-05-14T08:00:00+00:00,101.924,102.333,101.284,101.539,7879
2026-05-14T08:30:00+00:00,101.539,101.619,100.988,101.327,5268
2026-05-14T09:00:00+00:00,101.327,101.998,101.193,101.778,4027
2026-05-14T09:30:00+00:00,101.778,101.799,100.792,101.052,3984
2026-05-14T10:00:00+00:00,101.052,101.124,100.103,100.733,6770
2026-05-14T10:30:00+00:00,100.733,101.718,100.673,101.062,6239
2026-05-14T11:00:00+00:00,101.062,101.293,100.709,100.807,4262
2026-05-14T11:30:00+00:00,100.807,100.999,100.017,100.264,4648
2026-05-14T12:00:00+00:00,100.264,100.499,99.382,100.458,7321
2026-05-14T12:30:00+00:00,100.458,100.918,100.163,100.342,5785
2026-05-14T13:00:00+00:00,100.342,100.748,100.154,100.332,6467
2026-05-14T13:30:00+00:00,100.332,101.092,100.223,100.882,10140
2026-05-14T14:00:00+00:00,100.882,101.739,100.747,101.302,6614
2026-05-14T14:30:00+00:00,101.302,101.509,100.308,100.572,8563
2026-05-14T15:00:00+00:00,100.572,100.958,100.382,100.717,8225
2026-05-14T15:30:00+00:00,100.717,101.049,100.578,100.953,5428
2026-05-14T16:00:00+00:00,100.953,101.053,100.233,100.859,5082
2026-05-14T16:30:00+00:00,100.859,101.167,100.753,101.049,4496
2026-05-14T17:00:00+00:00,101.049,101.648,100.892,101.504,3462
2026-05-14T17:30:00+00:00,101.504,102.018,101.493,101.728,3658
2026-05-14T18:00:00+00:00,101.728,101.978,101.059,101.144,5351
2026-05-14T18:30:00+00:00,101.144,101.638,101.052,101.398,1914
2026-05-14T19:00:00+00:00,101.398,101.734,101.322,101.599,1211
2026-05-14T19:30:00+00:00,101.599,101.994,101.588,101.982,1230
2026-05-14T20:00:00+00:00,101.982,102.163,101.809,101.897,1294
2026-05-14T20:30:00+00:00,101.897,102.109,101.873,102.002,945
2026-05-14T22:00:00+00:00,102.002,102.002,101.467,101.537,792
2026-05-14T22:30:00+00:00,101.537,101.944,101.504,101.929,402
2026-05-14T23:00:00+00:00,101.929,102.018,101.682,101.889,440
2026-05-14T23:30:00+00:00,101.889,102.009,101.859,101.888,506
2026-05-15T00:00:00+00:00,101.888,101.949,101.574,101.733,1315
2026-05-15T00:30:00+00:00,101.733,102.007,101.727,101.812,796
2026-05-15T01:00:00+00:00,101.812,102.589,101.673,102.512,2073
2026-05-15T01:30:00+00:00,102.512,102.879,102.132,102.389,2588
2026-05-15T02:00:00+00:00,102.389,102.718,102.293,102.713,1242
2026-05-15T02:30:00+00:00,102.713,102.904,102.012,102.618,2946
2026-05-15T03:00:00+00:00,102.618,102.679,102.403,102.514,1239
2026-05-15T03:30:00+00:00,102.514,102.609,102.322,102.328,963
2026-05-15T04:00:00+00:00,102.328,102.579,102.322,102.469,713
2026-05-15T04:30:00+00:00,102.469,102.528,102.344,102.372,663
2026-05-15T05:00:00+00:00,102.372,102.684,102.372,102.514,859
2026-05-15T05:30:00+00:00,102.514,103.768,102.512,103.312,2544
2026-05-15T06:00:00+00:00,103.312,103.598,103.099,103.354,2875
2026-05-15T06:30:00+00:00,103.354,103.409,103.054,103.228,2385
2026-05-15T07:00:00+00:00,103.228,103.457,102.647,102.929,2392
2026-05-15T07:30:00+00:00,102.929,103.583,102.829,103.558,2126
2026-05-15T08:00:00+00:00,103.558,104.979,103.388,104.898,6471
2026-05-15T08:30:00+00:00,104.898,105.207,104.718,104.843,4758
2026-05-15T09:00:00+00:00,104.843,104.979,104.402,104.663,3487
2026-05-15T09:30:00+00:00,104.663,105.307,104.607,105.197,3538
2026-05-15T10:00:00+00:00,105.197,105.219,104.244,104.487,3871
2026-05-15T10:30:00+00:00,104.487,104.789,102.833,103.203,7669
2026-05-15T11:00:00+00:00,103.203,104.033,103.014,103.849,4027
2026-05-15T11:30:00+00:00,103.849,104.599,103.744,104.444,2791
2026-05-15T12:00:00+00:00,104.444,104.698,103.987,104.313,3432
2026-05-15T12:30:00+00:00,104.313,104.507,104.162,104.208,2795
2026-05-15T13:00:00+00:00,104.208,104.244,103.653,103.859,3359
2026-05-15T13:30:00+00:00,103.859,104.269,103.452,104.259,4858
2026-05-15T14:00:00+00:00,104.259,104.43900000000001,103.508,104.104,5064
2026-05-15T14:30:00+00:00,104.104,104.974,104.018,104.634,5298
2026-05-15T15:00:00+00:00,104.634,104.769,104.302,104.504,4507
2026-05-15T15:30:00+00:00,104.504,105.702,104.317,105.418,4567
2026-05-15T16:00:00+00:00,105.418,105.774,104.987,105.044,3124
2026-05-15T16:30:00+00:00,105.044,105.202,104.942,105.083,2497
2026-05-15T17:00:00+00:00,105.083,105.134,104.707,105.018,2392
2026-05-15T17:30:00+00:00,105.018,105.293,104.963,105.057,2389
2026-05-15T18:00:00+00:00,105.057,105.488,105.024,105.483,4614
2026-05-15T18:30:00+00:00,105.483,105.779,105.283,105.304,2077
2026-05-15T19:00:00+00:00,105.304,105.589,105.204,105.444,1693
2026-05-15T19:30:00+00:00,105.444,105.717,105.293,105.579,2131
2026-05-15T20:00:00+00:00,105.579,105.969,105.552,105.717,1650
2026-05-15T20:30:00+00:00,105.717,105.757,105.412,105.438,576
2026-05-17T22:00:00+00:00,105.438,106.964,104.992,106.692,954
2026-05-17T22:30:00+00:00,106.692,106.874,104.992,106.412,501
2026-05-17T23:00:00+00:00,106.412,107.033,104.992,106.784,567
2026-05-17T23:30:00+00:00,106.784,107.147,106.452,106.632,903
2026-05-18T00:00:00+00:00,106.632,106.814,106.112,106.674,1881
2026-05-18T00:30:00+00:00,106.674,107.498,106.642,107.293,1858
2026-05-18T01:00:00+00:00,107.293,108.692,107.002,108.384,4769
2026-05-18T01:30:00+00:00,108.384,108.392,107.553,107.742,3249
2026-05-18T02:00:00+00:00,107.742,108.193,107.692,107.762,2942
2026-05-18T02:30:00+00:00,107.762,107.849,107.572,107.743,1686
2026-05-18T03:00:00+00:00,107.743,107.799,107.543,107.652,1551
2026-05-18T03:30:00+00:00,107.652,107.849,107.563,107.638,1568
2026-05-18T04:00:00+00:00,107.638,107.779,107.493,107.762,1592
2026-05-18T04:30:00+00:00,107.762,107.793,107.487,107.643,1455
2026-05-18T05:00:00+00:00,107.643,107.754,107.352,107.642,1224
2026-05-18T05:30:00+00:00,107.642,107.727,107.052,107.313,2118
2026-05-18T06:00:00+00:00,107.313,107.852,107.232,107.808,2696
2026-05-18T06:30:00+00:00,107.808,108.004,107.332,107.407,2502
2026-05-18T07:00:00+00:00,107.407,107.489,106.582,106.643,3336
2026-05-18T07:30:00+00:00,106.643,106.798,106.192,106.663,5226
2026-05-18T08:00:00+00:00,106.663,106.829,106.149,106.502,5382
2026-05-18T08:30:00+00:00,106.502,106.564,105.992,106.033,3537
2026-05-18T09:00:00+00:00,106.033,106.829,105.988,106.498,3028
2026-05-18T09:30:00+00:00,106.498,106.508,106.063,106.263,2707
2026-05-18T10:00:00+00:00,106.263,106.472,106.142,106.179,2203
2026-05-18T10:30:00+00:00,106.179,106.588,106.112,106.533,2205
2026-05-18T11:00:00+00:00,106.533,107.382,106.423,106.639,4170
2026-05-18T11:30:00+00:00,106.639,106.727,104.392,105.113,11104
2026-05-18T12:00:00+00:00,105.113,105.474,104.932,105.119,5469
2026-05-18T12:30:00+00:00,105.119,105.119,102.652,102.912,12476
2026-05-18T13:00:00+00:00,102.912,103.883,102.813,103.434,7977
2026-05-18T13:30:00+00:00,103.434,103.874,102.604,103.164,7167
2026-05-18T14:00:00+00:00,103.164,105.414,103.122,105.398,8209
2026-05-18T14:30:00+00:00,105.398,106.409,105.252,106.248,6348
2026-05-18T15:00:00+00:00,106.248,107.033,106.052,107.033,8830
2026-05-18T15:30:00+00:00,107.033,107.154,106.612,106.828,5236
2026-05-18T16:00:00+00:00,106.828,107.619,106.752,107.339,4585
2026-05-18T16:30:00+00:00,107.339,107.482,106.567,106.794,4098
2026-05-18T17:00:00+00:00,106.794,106.954,106.148,106.594,4405
2026-05-18T17:30:00+00:00,106.594,107.198,106.574,107.138,2934
2026-05-18T18:00:00+00:00,107.138,109.438,107.123,108.742,9340
2026-05-18T18:30:00+00:00,108.742,108.903,108.292,108.897,4113
2026-05-18T19:00:00+00:00,108.897,109.032,105.972,106.433,9450
2026-05-18T19:30:00+00:00,106.433,106.494,105.564,106.183,4682
2026-05-18T20:00:00+00:00,106.183,106.383,105.522,106.103,3542
2026-05-18T20:30:00+00:00,106.103,107.393,106.003,107.343,2194
2026-05-18T22:00:00+00:00,107.343,107.343,102.202,102.378,701
2026-05-18T22:30:00+00:00,102.378,102.517,102.323,102.447,394
2026-05-18T23:00:00+00:00,102.447,102.494,102.324,102.422,422
2026-05-18T23:30:00+00:00,102.422,102.498,102.247,102.292,438
2026-05-19T00:00:00+00:00,102.292,102.722,102.237,102.494,2116
2026-05-19T00:30:00+00:00,102.494,102.549,102.218,102.477,1719
2026-05-19T01:00:00+00:00,102.477,102.973,102.462,102.763,3172
2026-05-19T01:30:00+00:00,102.763,102.799,102.227,102.498,1982
2026-05-19T02:00:00+00:00,102.498,102.808,102.407,102.574,1355
2026-05-19T02:30:00+00:00,102.574,103.079,102.552,102.889,1598
2026-05-19T03:00:00+00:00,102.889,103.112,102.777,102.809,1380
2026-05-19T03:30:00+00:00,102.809,102.893,102.657,102.828,953
2026-05-19T04:00:00+00:00,102.828,102.894,102.632,102.69300000000001,714
2026-05-19T04:30:00+00:00,102.69300000000001,102.89800000000001,102.56800000000001,102.62200000000001,961
2026-05-19T05:00:00+00:00,102.62200000000001,103.349,102.563,103.019,1650
2026-05-19T05:30:00+00:00,103.019,103.429,103.00300000000001,103.12400000000001,1851
2026-05-19T06:00:00+00:00,103.12400000000001,103.67800000000001,102.712,103.409,3888
2026-05-19T06:30:00+00:00,103.409,103.81400000000001,103.328,103.71300000000001,2877
2026-05-19T07:00:00+00:00,103.71300000000001,103.968,103.468,103.51700000000001,2998
2026-05-19T07:30:00+00:00,103.51700000000001,103.739,102.99700000000001,103.12700000000001,3966
2026-05-19T08:00:00+00:00,103.12700000000001,103.837,102.99700000000001,103.418,5392
2026-05-19T08:30:00+00:00,103.418,103.49300000000001,102.99900000000001,103.212,2804
2026-05-19T09:00:00+00:00,103.212,103.558,103.049,103.30900000000001,2740
2026-05-19T09:30:00+00:00,103.30900000000001,103.39900000000002,102.53000000000002,102.75500000000002,2925
2026-05-19T10:00:00+00:00,102.75500000000002,103.19000000000001,102.69200000000002,103.00200000000002,2213
2026-05-19T10:30:00+00:00,103.00200000000002,104.14000000000001,102.94100000000002,103.39700000000002,5627
2026-05-19T11:00:00+00:00,103.39700000000002,104.06100000000002,103.38200000000002,103.80100000000002,3612
2026-05-19T11:30:00+00:00,103.80100000000002,103.94500000000002,103.65000000000002,103.92400000000002,2161
2026-05-19T12:00:00+00:00,103.92400000000002,103.96000000000002,103.22300000000003,103.41900000000003,3305
2026-05-19T12:30:00+00:00,103.41900000000003,103.56800000000003,103.17900000000002,103.45500000000003,2855
2026-05-19T13:00:00+00:00,103.45500000000003,104.56400000000002,103.08900000000003,104.35900000000002,6481
2026-05-19T13:30:00+00:00,104.35900000000002,104.65500000000002,103.15300000000002,103.41800000000002,7777
2026-05-19T14:00:00+00:00,103.41800000000002,103.72800000000002,102.57900000000002,103.09500000000003,7524
2026-05-19T14:30:00+00:00,103.09500000000003,103.69000000000003,102.75400000000002,103.44500000000002,5676
2026-05-19T15:00:00+00:00,103.44500000000002,103.63800000000002,102.90800000000002,103.43000000000002,5801
2026-05-19T15:30:00+00:00,103.43000000000002,103.85400000000003,103.16400000000002,103.78500000000003,3957
2026-05-19T16:00:00+00:00,103.78500000000003,103.98900000000002,103.61300000000003,103.77300000000002,3216
2026-05-19T16:30:00+00:00,103.77300000000002,104.09400000000002,103.47000000000003,103.66400000000002,3314
2026-05-19T17:00:00+00:00,103.66400000000002,104.03500000000003,103.62900000000002,103.85900000000002,2644
2026-05-19T17:30:00+00:00,103.85900000000002,103.87400000000002,103.23000000000002,103.38500000000002,4019
2026-05-19T18:00:00+00:00,103.38500000000002,104.40500000000002,103.05300000000003,104.35400000000003,6611
2026-05-19T18:30:00+00:00,104.35400000000003,104.80800000000002,104.17300000000002,104.59800000000003,3759
2026-05-19T19:00:00+00:00,104.59800000000003,104.61000000000003,104.08300000000003,104.39800000000002,2056
2026-05-19T19:30:00+00:00,104.39800000000002,104.45000000000002,104.17000000000002,104.42300000000002,1466
2026-05-19T20:00:00+00:00,104.42300000000002,104.53800000000003,104.11400000000002,104.17000000000002,1150
2026-05-19T20:30:00+00:00,104.17000000000002,104.17000000000002,103.89800000000002,103.99500000000002,1943
2026-05-19T22:00:00+00:00,104.029,104.322,104.029,104.204,506
2026-05-19T22:30:00+00:00,104.204,104.228,104.088,104.193,252
2026-05-19T23:00:00+00:00,104.193,104.268,104.013,104.033,272
2026-05-19T23:30:00+00:00,104.033,104.069,103.742,103.928,455
2026-05-20T00:00:00+00:00,103.928,103.987,103.707,103.792,1350
2026-05-20T00:30:00+00:00,103.792,103.897,103.688,103.832,777
2026-05-20T01:00:00+00:00,103.832,104.414,103.829,104.108,2561
2026-05-20T01:30:00+00:00,104.108,104.364,103.112,103.573,3257
2026-05-20T02:00:00+00:00,103.573,103.933,103.382,103.892,1735
2026-05-20T02:30:00+00:00,103.892,104.437,103.872,104.179,2248
2026-05-20T03:00:00+00:00,104.179,104.31400000000001,103.994,104.048,1478
2026-05-20T03:30:00+00:00,104.048,104.068,103.557,103.672,1178
2026-05-20T04:00:00+00:00,103.672,103.672,103.307,103.508,1123
2026-05-20T04:30:00+00:00,103.508,103.949,103.487,103.883,888
2026-05-20T05:00:00+00:00,103.883,103.888,103.572,103.753,882
2026-05-20T05:30:00+00:00,103.753,103.928,103.567,103.833,1489
2026-05-20T06:00:00+00:00,103.833,103.994,102.908,103.012,3220
2026-05-20T06:30:00+00:00,103.012,103.333,102.617,102.762,3410
2026-05-20T07:00:00+00:00,102.762,103.164,102.488,102.647,3599
2026-05-20T07:30:00+00:00,102.647,103.143,102.647,103.033,3395
2026-05-20T08:00:00+00:00,103.033,103.094,102.494,102.759,5405
2026-05-20T08:30:00+00:00,102.759,102.824,101.807,102.057,5935
2026-05-20T09:00:00+00:00,102.057,102.654,101.637,102.474,4609
2026-05-20T09:30:00+00:00,102.474,102.703,102.264,102.322,2883
2026-05-20T10:00:00+00:00,102.322,102.493,102.083,102.148,2703
2026-05-20T10:30:00+00:00,102.148,102.149,100.852,101.468,6177
2026-05-20T11:00:00+00:00,101.468,102.259,101.397,102.063,3255
2026-05-20T11:30:00+00:00,102.063,102.753,102.027,102.509,4088
2026-05-20T12:00:00+00:00,102.509,102.624,101.203,101.254,5354
2026-05-20T12:30:00+00:00,101.254,101.777,100.734,101.653,6628
2026-05-20T13:00:00+00:00,101.653,102.069,101.272,102.032,6594
2026-05-20T13:30:00+00:00,102.032,102.303,101.637,102.259,6725
2026-05-20T14:00:00+00:00,102.259,102.792,99.443,100.303,23250
2026-05-20T14:30:00+00:00,100.303,100.963,99.448,100.469,13880
2026-05-20T15:00:00+00:00,100.469,100.652,96.993,99.694,23503
2026-05-20T15:30:00+00:00,99.694,99.738,98.703,99.207,11004
2026-05-20T16:00:00+00:00,99.207,99.624,98.343,99.413,8749
2026-05-20T16:30:00+00:00,99.413,99.484,97.592,97.842,9075
2026-05-20T17:00:00+00:00,97.842,98.034,96.933,97.419,9311
2026-05-20T17:30:00+00:00,97.419,98.303,97.114,98.298,7198
2026-05-20T18:00:00+00:00,98.298,98.682,97.962,98.163,9156
2026-05-20T18:30:00+00:00,98.163,98.257,97.744,97.927,4174
2026-05-20T19:00:00+00:00,97.927,98.249,97.752,98.202,2474
2026-05-20T19:30:00+00:00,98.202,98.549,97.823,98.492,3279
2026-05-20T20:00:00+00:00,98.492,98.569,98.307,98.409,1803
2026-05-20T20:30:00+00:00,98.409,99.103,98.324,99.058,2124
2026-05-20T22:00:00+00:00,99.058,99.199,98.742,99.193,783
2026-05-20T22:30:00+00:00,99.193,99.193,98.848,98.954,404
2026-05-20T23:00:00+00:00,98.954,99.128,98.922,99.087,281
2026-05-20T23:30:00+00:00,99.087,99.202,98.742,98.849,514
2026-05-21T00:00:00+00:00,98.849,100.049,98.769,99.529,3288
2026-05-21T00:30:00+00:00,99.529,99.594,99.057,99.094,1817
2026-05-21T01:00:00+00:00,99.094,99.147,98.588,98.783,3831
2026-05-21T01:30:00+00:00,98.783,98.889,98.488,98.589,2631
2026-05-21T02:00:00+00:00,98.589,98.848,98.502,98.659,1273
2026-05-21T02:30:00+00:00,98.659,99.237,98.623,99.137,1835
2026-05-21T03:00:00+00:00,99.137,99.239,99.012,99.032,1332
2026-05-21T03:30:00+00:00,99.032,99.177,98.923,99.073,754
2026-05-21T04:00:00+00:00,99.073,99.254,99.053,99.224,749
2026-05-21T04:30:00+00:00,99.224,99.264,98.782,98.843,1077
2026-05-21T05:00:00+00:00,98.843,99.218,98.789,99.202,1506
2026-05-21T05:30:00+00:00,99.202,100.044,99.102,99.399,3167
2026-05-21T06:00:00+00:00,99.399,99.804,98.844,99.274,3598
2026-05-21T06:30:00+00:00,99.274,99.843,99.227,99.552,3168
2026-05-21T07:00:00+00:00,99.552,99.899,99.528,99.619,2949
2026-05-21T07:30:00+00:00,99.619,99.644,99.228,99.269,2807
2026-05-21T08:00:00+00:00,99.269,99.319,98.032,98.723,8408
2026-05-21T08:30:00+00:00,98.723,99.574,98.312,98.452,6205
2026-05-21T09:00:00+00:00,98.452,98.494,97.567,97.614,6147
2026-05-21T09:30:00+00:00,97.614,97.873,97.248,97.569,5229
2026-05-21T10:00:00+00:00,97.569,99.804,97.463,99.624,7852
2026-05-21T10:30:00+00:00,99.624,101.313,99.562,101.034,12323
2026-05-21T11:00:00+00:00,101.034,101.059,100.137,100.367,6159
2026-05-21T11:30:00+00:00,100.367,100.688,100.312,100.562,3688
2026-05-21T12:00:00+00:00,100.562,101.187,100.472,101.142,3777
2026-05-21T12:30:00+00:00,101.142,101.277,100.437,101.072,7178
2026-05-21T13:00:00+00:00,101.072,102.168,100.732,101.909,8750
2026-05-21T13:30:00+00:00,101.909,102.623,100.267,100.517,14837
2026-05-21T14:00:00+00:00,100.517,101.534,100.263,100.579,10435
2026-05-21T14:30:00+00:00,100.579,101.438,100.343,101.342,6970
2026-05-21T15:00:00+00:00,101.342,102.128,101.159,101.747,10113
2026-05-21T15:30:00+00:00,101.747,101.784,100.702,100.708,5750
2026-05-21T16:00:00+00:00,100.708,100.708,99.772,100.408,8159
2026-05-21T16:30:00+00:00,100.408,100.512,99.987,99.994,3790
2026-05-21T17:00:00+00:00,99.994,100.418,97.563,98.462,19206
2026-05-21T17:30:00+00:00,98.462,98.859,95.753,96.318,15584
2026-05-21T18:00:00+00:00,96.318,97.239,95.979,96.259,14892
2026-05-21T18:30:00+00:00,96.259,98.284,96.178,97.989,12017
2026-05-21T19:00:00+00:00,97.989,98.069,97.162,97.432,6270
2026-05-21T19:30:00+00:00,97.432,98.198,97.063,97.368,6722
2026-05-21T20:00:00+00:00,97.368,97.863,97.182,97.848,2864
2026-05-21T20:30:00+00:00,97.848,98.163,97.794,97.984,2076
2026-05-21T22:00:00+00:00,97.984,97.984,97.304,97.514,747
2026-05-21T22:30:00+00:00,97.514,97.833,97.504,97.704,446
2026-05-21T23:00:00+00:00,97.704,97.892,97.597,97.609,395
2026-05-21T23:30:00+00:00,97.609,97.758,97.503,97.708,410
2026-05-22T00:00:00+00:00,97.708,98.129,97.588,98.053,1730
2026-05-22T00:30:00+00:00,98.053,98.127,97.727,97.912,1027
2026-05-22T01:00:00+00:00,97.912,98.328,97.764,98.068,2335
2026-05-22T01:30:00+00:00,98.068,98.128,97.608,97.663,1925
2026-05-22T02:00:00+00:00,97.663,97.948,97.627,97.804,1226
2026-05-22T02:30:00+00:00,97.804,97.804,97.317,97.443,1612
2026-05-22T03:00:00+00:00,97.443,97.537,97.212,97.534,1198
2026-05-22T03:30:00+00:00,97.534,97.538,97.394,97.454,515
2026-05-22T04:00:00+00:00,97.454,97.454,96.902,97.239,1026
2026-05-22T04:30:00+00:00,97.239,97.407,97.194,97.337,606
2026-05-22T05:00:00+00:00,97.337,97.729,97.322,97.682,983
2026-05-22T05:30:00+00:00,97.682,98.542,97.647,98.368,1868
2026-05-22T06:00:00+00:00,98.368,98.717,97.938,97.967,2413
2026-05-22T06:30:00+00:00,97.967,98.334,97.893,97.972,2155
2026-05-22T07:00:00+00:00,97.972,98.558,97.937,98.143,3008
2026-05-22T07:30:00+00:00,98.143,98.908,98.143,98.443,4229
2026-05-22T08:00:00+00:00,98.443,98.724,98.083,98.352,5791
2026-05-22T08:30:00+00:00,98.352,99.413,98.252,98.688,5237
2026-05-22T09:00:00+00:00,98.688,99.06400000000001,98.688,98.783,2950
2026-05-22T09:30:00+00:00,98.783,98.833,97.888,98.499,3344
2026-05-22T10:00:00+00:00,98.499,98.519,97.654,98.483,2908
2026-05-22T10:30:00+00:00,98.483,98.773,98.068,98.288,2718
2026-05-22T11:00:00+00:00,98.288,98.613,98.124,98.568,2021
2026-05-22T11:30:00+00:00,98.568,98.644,97.152,97.497,3567
2026-05-22T12:00:00+00:00,97.497,97.744,95.632,96.593,11914
2026-05-22T12:30:00+00:00,96.593,96.93900000000001,96.152,96.193,5133
2026-05-22T13:00:00+00:00,96.193,96.864,95.449,96.558,9321
2026-05-22T13:30:00+00:00,96.558,98.093,96.357,97.749,10444
2026-05-22T14:00:00+00:00,97.749,98.149,97.447,97.534,5879
2026-05-22T14:30:00+00:00,97.534,97.759,97.272,97.56400000000001,4647
2026-05-22T15:00:00+00:00,97.56400000000001,97.938,97.394,97.427,6253
2026-05-22T15:30:00+00:00,97.427,97.454,96.792,97.038,5153
2026-05-22T16:00:00+00:00,97.038,97.384,96.829,96.879,4854
2026-05-22T16:30:00+00:00,96.879,97.198,96.512,96.819,4331
2026-05-22T17:00:00+00:00,96.819,97.218,94.712,94.962,9676
2026-05-22T17:30:00+00:00,94.962,96.244,94.784,96.049,9186
2026-05-22T18:00:00+00:00,96.049,96.739,95.977,96.734,8269
2026-05-22T18:30:00+00:00,96.734,96.749,95.992,96.222,3231
2026-05-22T19:00:00+00:00,96.222,96.927,96.174,96.787,2977
2026-05-22T19:30:00+00:00,96.787,96.922,96.067,96.214,2950
2026-05-22T20:00:00+00:00,96.214,96.467,95.952,96.168,1804
2026-05-22T20:30:00+00:00,96.168,97.247,96.053,97.147,2498
2026-05-24T22:00:00+00:00,97.147,97.147,91.362,92.104,4670
2026-05-24T22:30:00+00:00,92.104,92.182,91.282,91.517,2290
2026-05-24T23:00:00+00:00,91.517,91.809,91.294,91.752,1464
2026-05-24T23:30:00+00:00,91.752,92.168,91.412,92.104,1567
2026-05-25T00:00:00+00:00,92.104,92.273,91.848,92.002,2014
2026-05-25T00:30:00+00:00,92.002,92.164,90.859,91.898,3011
2026-05-25T01:00:00+00:00,91.898,92.344,91.687,92.279,4275
2026-05-25T01:30:00+00:00,92.279,92.508,92.202,92.392,2274
2026-05-25T02:00:00+00:00,92.392,92.529,92.028,92.102,1518
2026-05-25T02:30:00+00:00,92.102,92.133,91.698,91.712,1978
2026-05-25T03:00:00+00:00,91.712,91.774,90.663,90.793,3890
2026-05-25T03:30:00+00:00,90.793,91.203,90.302,90.938,3304
2026-05-25T04:00:00+00:00,90.938,91.278,90.929,91.018,1421
2026-05-25T04:30:00+00:00,91.018,91.129,90.847,90.968,1187
2026-05-25T05:00:00+00:00,90.968,91.019,90.574,90.868,1714
2026-05-25T05:30:00+00:00,90.868,91.029,90.743,90.969,2315
2026-05-25T06:00:00+00:00,90.969,91.359,90.844,91.244,2435
2026-05-25T06:30:00+00:00,91.244,91.589,91.232,91.409,2174
2026-05-25T07:00:00+00:00,91.409,92.678,91.214,92.393,4688
2026-05-25T07:30:00+00:00,92.393,92.542,91.582,91.738,4069
2026-05-25T08:00:00+00:00,91.738,92.452,91.609,92.422,4100
2026-05-25T08:30:00+00:00,92.422,92.509,91.667,91.738,3194
2026-05-25T09:00:00+00:00,91.738,91.844,91.447,91.813,2511
2026-05-25T09:30:00+00:00,91.813,91.813,91.003,91.207,3111
2026-05-25T10:00:00+00:00,91.207,91.328,90.693,91.148,2858
2026-05-25T10:30:00+00:00,91.148,91.259,90.777,90.898,2370
2026-05-25T11:00:00+00:00,90.898,91.399,90.653,91.229,2452
2026-05-25T11:30:00+00:00,91.229,91.229,90.532,90.882,2930
2026-05-25T12:00:00+00:00,90.882,91.043,90.322,90.912,3371
2026-05-25T12:30:00+00:00,90.912,91.548,90.844,91.468,3016
2026-05-25T13:00:00+00:00,91.468,91.848,91.422,91.728,3576
2026-05-25T13:30:00+00:00,91.728,91.853,91.292,91.367,3077
2026-05-25T14:00:00+00:00,91.367,91.489,90.867,90.973,3228
2026-05-25T14:30:00+00:00,90.973,91.503,90.943,91.413,3158
2026-05-25T15:00:00+00:00,91.413,91.798,90.412,90.892,7282
2026-05-25T15:30:00+00:00,90.892,91.097,90.797,91.073,2632
2026-05-25T16:00:00+00:00,91.073,91.584,91.059,91.247,2501
2026-05-25T16:30:00+00:00,91.247,91.294,89.738,89.832,6923
2026-05-25T17:00:00+00:00,89.832,90.047,89.403,89.854,6506
2026-05-25T17:30:00+00:00,89.854,90.413,89.854,90.307,1634
2026-05-25T18:00:00+00:00,90.307,90.407,90.134,90.287,2015
2026-05-25T18:30:00+00:00,90.287,90.304,90.242,90.302,17
2026-05-25T22:00:00+00:00,90.302,91.208,90.302,90.528,1333
2026-05-25T22:30:00+00:00,90.528,90.754,90.372,90.737,727
2026-05-25T23:00:00+00:00,90.737,91.007,90.592,90.889,682
2026-05-25T23:30:00+00:00,90.889,91.109,90.848,90.913,467
2026-05-26T00:00:00+00:00,90.913,91.579,90.897,91.258,4376
2026-05-26T00:30:00+00:00,91.258,91.567,91.027,91.473,2192
2026-05-26T01:00:00+00:00,91.473,91.964,91.362,91.892,2174
2026-05-26T01:30:00+00:00,91.892,92.024,91.757,91.833,1593
2026-05-26T02:00:00+00:00,91.833,91.918,91.654,91.723,1043
2026-05-26T02:30:00+00:00,91.723,91.743,91.374,91.56400000000001,1440
2026-05-26T03:00:00+00:00,91.56400000000001,91.609,91.387,91.468,1064
2026-05-26T03:30:00+00:00,91.468,91.699,91.408,91.637,671
2026-05-26T04:00:00+00:00,91.637,91.874,91.557,91.819,722
2026-05-26T04:30:00+00:00,91.819,92.099,91.679,92.003,1032
2026-05-26T05:00:00+00:00,92.003,92.517,91.969,92.023,1466
2026-05-26T05:30:00+00:00,92.023,92.178,91.772,91.873,1871
2026-05-26T06:00:00+00:00,91.873,92.294,91.559,91.938,2345
2026-05-26T06:30:00+00:00,91.938,92.168,91.387,91.654,2518
2026-05-26T07:00:00+00:00,91.654,92.727,91.512,92.284,5624
2026-05-26T07:30:00+00:00,92.284,92.934,92.254,92.452,4868
2026-05-26T08:00:00+00:00,92.452,92.832,92.319,92.753,5711
2026-05-26T08:30:00+00:00,92.753,93.592,92.657,93.199,4846
2026-05-26T09:00:00+00:00,93.199,93.268,92.677,92.999,3644
2026-05-26T09:30:00+00:00,92.999,93.098,92.513,92.597,2850
2026-05-26T10:00:00+00:00,92.597,92.702,91.763,91.843,3759
2026-05-26T10:30:00+00:00,91.843,92.072,91.487,91.994,3844
2026-05-26T11:00:00+00:00,91.994,92.482,91.954,92.408,2994
2026-05-26T11:30:00+00:00,92.408,92.868,92.149,92.694,4111
2026-05-26T12:00:00+00:00,92.694,93.327,92.404,92.702,4132
2026-05-26T12:30:00+00:00,92.702,92.997,92.469,92.784,2879
2026-05-26T13:00:00+00:00,92.784,93.034,92.522,93.032,4380
2026-05-26T13:30:00+00:00,93.032,94.494,92.783,94.158,8875
2026-05-26T14:00:00+00:00,94.158,94.417,93.508,93.799,6505
2026-05-26T14:30:00+00:00,93.799,94.379,93.152,94.159,7557
2026-05-26T15:00:00+00:00,94.159,94.678,94.113,94.624,7035
2026-05-26T15:30:00+00:00,94.624,94.624,93.787,93.884,5285
2026-05-26T16:00:00+00:00,93.884,94.352,93.828,94.047,3726
2026-05-26T16:30:00+00:00,94.047,94.294,93.692,94.013,4004
2026-05-26T17:00:00+00:00,94.013,94.132,93.812,94.037,3200
2026-05-26T17:30:00+00:00,94.037,94.124,93.548,93.754,4889
2026-05-26T18:00:00+00:00,93.754,94.073,93.537,93.862,7652
2026-05-26T18:30:00+00:00,93.862,94.039,93.387,93.664,3599
2026-05-26T19:00:00+00:00,93.664,94.042,93.664,93.947,2980
2026-05-26T19:30:00+00:00,93.947,94.002,93.492,93.498,2567
2026-05-26T20:00:00+00:00,93.498,93.709,93.187,93.683,1764
2026-05-26T20:30:00+00:00,93.683,93.857,93.463,93.562,1587
2026-05-26T22:00:00+00:00,93.562,93.664,93.304,93.642,596
2026-05-26T22:30:00+00:00,93.642,93.648,93.537,93.559,249
2026-05-26T23:00:00+00:00,93.559,93.594,93.272,93.309,456
2026-05-26T23:30:00+00:00,93.309,93.382,93.093,93.299,427
2026-05-27T00:00:00+00:00,93.299,93.403,92.807,93.129,2217
2026-05-27T00:30:00+00:00,93.129,93.218,92.797,92.953,1451
2026-05-27T01:00:00+00:00,92.953,93.197,92.527,92.874,3495
2026-05-27T01:30:00+00:00,92.874,92.949,92.712,92.844,1501
2026-05-27T02:00:00+00:00,92.844,92.844,92.403,92.612,1533
2026-05-27T02:30:00+00:00,92.612,92.738,92.138,92.379,2297
2026-05-27T03:00:00+00:00,92.379,92.383,91.858,92.018,2345
2026-05-27T03:30:00+00:00,92.018,92.289,91.989,92.087,1165
2026-05-27T04:00:00+00:00,92.087,92.124,91.797,91.953,919
2026-05-27T04:30:00+00:00,91.953,92.039,91.859,91.927,1052
2026-05-27T05:00:00+00:00,91.927,92.074,91.717,91.914,1146
2026-05-27T05:30:00+00:00,91.914,92.204,91.713,91.837,2284
2026-05-27T06:00:00+00:00,91.837,92.029,91.512,91.877,3105
2026-05-27T06:30:00+00:00,91.877,92.019,91.388,91.523,3269
2026-05-27T07:00:00+00:00,91.523,91.639,90.994,91.154,4226
2026-05-27T07:30:00+00:00,91.154,91.469,90.832,91.093,3969
2026-05-27T08:00:00+00:00,91.093,91.248,90.359,90.559,6216
2026-05-27T08:30:00+00:00,90.559,90.807,89.677,90.143,5868
2026-05-27T09:00:00+00:00,90.143,90.513,89.629,89.979,4712
2026-05-27T09:30:00+00:00,89.979,90.438,89.758,89.847,3762
2026-05-27T10:00:00+00:00,89.847,90.334,89.809,90.317,2672
2026-05-27T10:30:00+00:00,90.317,90.494,90.069,90.194,2995
2026-05-27T11:00:00+00:00,90.194,90.819,89.979,90.668,4814
2026-05-27T11:30:00+00:00,90.668,90.829,90.347,90.523,3893
2026-05-27T12:00:00+00:00,90.523,90.757,88.244,88.507,12874
2026-05-27T12:30:00+00:00,88.507,88.987,87.753,88.833,10582
2026-05-27T13:00:00+00:00,88.833,89.739,88.744,89.68900000000001,8302
2026-05-27T13:30:00+00:00,89.68900000000001,89.964,89.334,89.783,7242
2026-05-27T14:00:00+00:00,89.783,90.272,89.454,89.562,7573
2026-05-27T14:30:00+00:00,89.562,90.989,89.458,90.804,9357
2026-05-27T15:00:00+00:00,90.804,91.173,90.452,90.602,8030
2026-05-27T15:30:00+00:00,90.602,90.752,89.928,90.013,8293
2026-05-27T16:00:00+00:00,90.013,90.382,89.637,89.862,5136
2026-05-27T16:30:00+00:00,89.862,90.059,89.412,89.882,3897
2026-05-27T17:00:00+00:00,89.882,90.088,89.502,89.639,3954
2026-05-27T17:30:00+00:00,89.639,89.744,89.153,89.504,3969
2026-05-27T18:00:00+00:00,89.504,89.589,88.553,88.594,7375
2026-05-27T18:30:00+00:00,88.594,89.044,88.464,88.923,2351
2026-05-27T19:00:00+00:00,88.923,89.389,88.807,89.318,1564
2026-05-27T19:30:00+00:00,89.318,89.549,89.107,89.414,2256
2026-05-27T20:00:00+00:00,89.414,89.583,89.302,89.483,941
2026-05-27T20:30:00+00:00,89.483,89.542,89.332,89.413,775
2026-05-27T22:00:00+00:00,89.413,89.839,89.322,89.813,620
2026-05-27T22:30:00+00:00,89.813,90.017,89.394,89.702,814
2026-05-27T23:00:00+00:00,89.703,90.148,89.602,89.972,713
2026-05-27T23:30:00+00:00,89.972,90.378,89.878,90.183,882
2026-05-28T00:00:00+00:00,90.183,90.657,90.169,90.292,2351
2026-05-28T00:30:00+00:00,90.292,90.649,90.288,90.458,1389
2026-05-28T01:00:00+00:00,90.458,90.458,90.037,90.082,2222
2026-05-28T01:30:00+00:00,90.082,90.389,89.959,90.173,1358
2026-05-28T02:00:00+00:00,90.173,90.259,90.002,90.182,941
2026-05-28T02:30:00+00:00,90.182,90.954,89.919,90.922,2618
2026-05-28T03:00:00+00:00,90.922,91.879,90.857,91.427,3646
2026-05-28T03:30:00+00:00,91.427,92.204,91.392,92.172,2678
2026-05-28T04:00:00+00:00,92.172,92.507,91.974,92.409,2269
2026-05-28T04:30:00+00:00,92.409,92.409,92.012,92.152,1470
2026-05-28T05:00:00+00:00,92.152,92.217,91.902,92.009,1187
2026-05-28T05:30:00+00:00,92.009,92.009,91.407,91.559,2504
2026-05-28T06:00:00+00:00,91.559,91.598,91.132,91.268,2070
2026-05-28T06:30:00+00:00,91.268,91.309,90.742,91.127,2506
2026-05-28T07:00:00+00:00,91.127,91.279,90.819,91.192,2688
2026-05-28T07:30:00+00:00,91.192,91.397,90.789,90.909,2760
2026-05-28T08:00:00+00:00,90.909,91.019,90.544,90.817,5340
2026-05-28T08:30:00+00:00,90.817,90.999,90.467,90.548,2961
2026-05-28T09:00:00+00:00,90.548,90.647,90.132,90.428,3051
2026-05-28T09:30:00+00:00,90.428,90.757,89.857,90.237,3041
2026-05-28T10:00:00+00:00,90.237,90.354,89.983,90.207,2236
2026-05-28T10:30:00+00:00,90.207,91.352,90.202,90.977,3808
2026-05-28T11:00:00+00:00,90.977,91.368,90.727,91.218,3647
2026-05-28T11:30:00+00:00,91.218,91.549,91.178,91.289,3300
2026-05-28T12:00:00+00:00,91.289,91.429,90.987,91.014,3348
2026-05-28T12:30:00+00:00,91.014,91.078,90.384,90.529,4436
2026-05-28T13:00:00+00:00,90.529,90.994,90.278,90.979,4804
2026-05-28T13:30:00+00:00,90.979,91.329,90.527,90.823,5729
2026-05-28T14:00:00+00:00,90.823,91.129,87.148,89.104,9021
2026-05-28T14:30:00+00:00,89.104,89.928,88.872,89.484,8213
2026-05-28T15:00:00+00:00,89.484,90.114,88.979,89.753,7166
2026-05-28T15:30:00+00:00,89.753,90.012,89.377,89.764,5172
2026-05-28T16:00:00+00:00,89.764,90.172,88.782,89.158,6610
2026-05-28T16:30:00+00:00,89.158,89.259,88.012,88.228,5671
2026-05-28T17:00:00+00:00,88.228,89.138,88.179,89.023,4739
2026-05-28T17:30:00+00:00,89.023,89.048,88.623,88.832,3334
2026-05-28T18:00:00+00:00,88.832,89.329,88.577,88.909,8321
2026-05-28T18:30:00+00:00,88.909,89.508,88.847,89.229,2743
2026-05-28T19:00:00+00:00,89.229,89.313,89.093,89.287,1129
2026-05-28T19:30:00+00:00,89.287,89.467,88.993,89.462,2315
2026-05-28T20:00:00+00:00,89.462,89.612,88.702,88.789,1685
2026-05-28T20:30:00+00:00,88.789,88.949,88.524,88.539,1440
2026-05-28T22:00:00+00:00,88.539,88.834,88.252,88.764,807
2026-05-28T22:30:00+00:00,88.764,88.789,88.457,88.492,397
2026-05-28T23:00:00+00:00,88.492,88.559,88.192,88.454,637
2026-05-28T23:30:00+00:00,88.454,88.548,88.31400000000001,88.502,363
2026-05-29T00:00:00+00:00,88.502,88.513,87.614,87.883,2629
2026-05-29T00:30:00+00:00,87.883,88.423,87.853,88.342,1214
2026-05-29T01:00:00+00:00,88.342,88.419,87.653,88.288,2921
2026-05-29T01:30:00+00:00,88.288,88.428,87.848,87.889,1731
2026-05-29T02:00:00+00:00,87.889,88.018,87.547,87.874,1911
2026-05-29T02:30:00+00:00,87.874,88.042,87.709,87.764,1484
2026-05-29T03:00:00+00:00,87.764,87.844,87.349,87.624,1881
2026-05-29T03:30:00+00:00,87.624,88.274,87.607,88.172,2249
2026-05-29T04:00:00+00:00,88.172,88.228,87.453,87.692,4538
2026-05-29T04:30:00+00:00,87.692,87.968,87.539,87.702,1948
2026-05-29T05:00:00+00:00,87.702,87.813,87.682,87.748,862
2026-05-29T05:30:00+00:00,87.748,88.117,87.644,87.998,1911
2026-05-29T06:00:00+00:00,87.998,88.032,87.358,87.392,1976
2026-05-29T06:30:00+00:00,87.392,87.674,87.153,87.457,2271
2026-05-29T07:00:00+00:00,87.457,88.153,87.312,88.023,2464
2026-05-29T07:30:00+00:00,88.023,88.984,87.998,88.718,3542
2026-05-29T08:00:00+00:00,88.718,89.008,88.558,88.727,3155
2026-05-29T08:30:00+00:00,88.727,88.964,88.508,88.668,2450
2026-05-29T09:00:00+00:00,88.668,88.693,86.848,87.069,7892
2026-05-29T09:30:00+00:00,87.069,87.513,86.952,87.487,3534
2026-05-29T10:00:00+00:00,87.487,87.804,87.344,87.682,2274
2026-05-29T10:30:00+00:00,87.682,87.734,86.714,87.339,3404
2026-05-29T11:00:00+00:00,87.339,87.479,87.142,87.263,2913
2026-05-29T11:30:00+00:00,87.263,88.298,87.259,87.587,3535
2026-05-29T12:00:00+00:00,87.587,87.978,87.514,87.667,2761
2026-05-29T12:30:00+00:00,87.667,88.148,87.192,87.312,4547
2026-05-29T13:00:00+00:00,87.312,87.858,86.712,87.529,6472
2026-05-29T13:30:00+00:00,87.529,87.832,87.177,87.673,5450
2026-05-29T14:00:00+00:00,87.673,88.539,87.657,88.433,6422
2026-05-29T14:30:00+00:00,88.433,88.928,87.443,87.947,10990
2026-05-29T15:00:00+00:00,87.947,87.979,86.332,87.238,13353
2026-05-29T15:30:00+00:00,87.238,87.779,86.902,87.583,8617
2026-05-29T16:00:00+00:00,87.583,87.954,87.372,87.437,4336
2026-05-29T16:30:00+00:00,87.437,87.437,86.417,86.558,6815
2026-05-29T17:00:00+00:00,86.558,87.304,86.553,87.089,4097
2026-05-29T17:30:00+00:00,87.089,87.247,86.547,87.169,4428
2026-05-29T18:00:00+00:00,87.169,87.529,86.987,87.409,7010
2026-05-29T18:30:00+00:00,87.409,87.977,87.097,87.647,5112
2026-05-29T19:00:00+00:00,87.647,87.758,87.487,87.603,2241
2026-05-29T19:30:00+00:00,87.603,88.154,87.577,88.06400000000001,2885
2026-05-29T20:00:00+00:00,88.06400000000001,88.129,87.687,87.842,1427
2026-05-29T20:30:00+00:00,87.842,87.954,87.659,87.679,508
2026-05-31T22:00:00+00:00,87.679,90.059,87.679,89.639,2144
2026-05-31T22:30:00+00:00,89.639,89.657,89.333,89.589,1011
2026-05-31T23:00:00+00:00,89.589,89.602,89.202,89.312,829
2026-05-31T23:30:00+00:00,89.312,89.624,89.093,89.419,1054
2026-06-01T00:00:00+00:00,89.419,89.879,89.387,89.694,1118
2026-06-01T00:30:00+00:00,89.694,89.927,89.227,89.31400000000001,1367
2026-06-01T01:00:00+00:00,89.31400000000001,89.782,89.009,89.714,2398
2026-06-01T01:30:00+00:00,89.714,90.119,89.68900000000001,89.863,2101
2026-06-01T02:00:00+00:00,89.863,89.982,89.714,89.839,1066
2026-06-01T02:30:00+00:00,89.839,89.922,89.494,89.602,1175
2026-06-01T03:00:00+00:00,89.602,90.019,89.443,89.623,1505
2026-06-01T03:30:00+00:00,89.623,89.782,89.142,89.724,1397
2026-06-01T04:00:00+00:00,89.724,89.913,89.678,89.703,693
2026-06-01T04:30:00+00:00,89.703,89.718,89.243,89.628,1231
2026-06-01T05:00:00+00:00,89.628,89.769,89.469,89.699,697
2026-06-01T05:30:00+00:00,89.699,89.994,89.672,89.719,1449
2026-06-01T06:00:00+00:00,89.719,90.109,89.682,89.998,1628
2026-06-01T06:30:00+00:00,89.998,90.722,89.892,90.137,2669
2026-06-01T07:00:00+00:00,90.137,90.488,90.057,90.374,2434
2026-06-01T07:30:00+00:00,90.374,90.699,90.252,90.354,2172
2026-06-01T08:00:00+00:00,90.354,90.903,90.188,90.838,3247
2026-06-01T08:30:00+00:00,90.838,91.244,90.722,90.804,3042
2026-06-01T09:00:00+00:00,90.804,91.229,90.528,91.014,2533
2026-06-01T09:30:00+00:00,91.014,91.043,90.704,90.778,1665
2026-06-01T10:00:00+00:00,90.778,90.929,90.452,90.557,1914
2026-06-01T10:30:00+00:00,90.557,90.783,90.508,90.612,1325
2026-06-01T11:00:00+00:00,90.612,90.772,90.337,90.503,1923
2026-06-01T11:30:00+00:00,90.503,90.543,90.153,90.233,2128
2026-06-01T12:00:00+00:00,90.233,90.463,89.692,89.928,3514
2026-06-01T12:30:00+00:00,89.928,89.994,89.257,89.639,4895
2026-06-01T13:00:00+00:00,89.639,92.723,89.427,92.548,18163
2026-06-01T13:30:00+00:00,92.548,94.169,92.088,94.137,13094
2026-06-01T14:00:00+00:00,94.137,94.359,92.893,94.168,11527
2026-06-01T14:30:00+00:00,94.168,94.638,93.757,94.504,6237
2026-06-01T15:00:00+00:00,94.504,94.739,93.572,93.714,7216
2026-06-01T15:30:00+00:00,93.714,93.927,92.243,93.757,9940
2026-06-01T16:00:00+00:00,93.757,94.424,93.467,94.138,5872
2026-06-01T16:30:00+00:00,94.138,94.433,92.727,92.809,8095
2026-06-01T17:00:00+00:00,92.809,93.177,91.293,91.444,6338
2026-06-01T17:30:00+00:00,91.444,92.039,90.81400000000001,91.778,10131
2026-06-01T18:00:00+00:00,91.778,92.254,91.417,92.177,7208
2026-06-01T18:30:00+00:00,92.177,92.624,92.098,92.504,2313
2026-06-01T19:00:00+00:00,92.504,92.628,92.084,92.182,2160
2026-06-01T19:30:00+00:00,92.182,92.604,92.078,92.43900000000001,2239
2026-06-01T20:00:00+00:00,92.43900000000001,92.534,92.128,92.269,1163
2026-06-01T20:30:00+00:00,92.269,92.533,92.067,92.457,1422
2026-06-01T22:00:00+00:00,92.457,92.579,92.129,92.203,430
2026-06-01T22:30:00+00:00,92.203,92.417,92.167,92.283,382
2026-06-01T23:00:00+00:00,92.283,92.358,92.223,92.31400000000001,247
2026-06-01T23:30:00+00:00,92.31400000000001,92.359,91.684,91.907,671
2026-06-02T00:00:00+00:00,91.907,92.073,91.627,91.847,1233
2026-06-02T00:30:00+00:00,91.847,92.477,91.798,92.364,1252
2026-06-02T01:00:00+00:00,92.364,92.627,91.573,92.004,4134
2026-06-02T01:30:00+00:00,92.004,92.004,91.472,91.669,2754
2026-06-02T02:00:00+00:00,91.669,91.809,91.453,91.758,1771
2026-06-02T02:30:00+00:00,91.758,91.857,91.553,91.758,1709
2026-06-02T03:00:00+00:00,91.758,91.799,91.539,91.627,1115
2026-06-02T03:30:00+00:00,91.627,91.719,91.254,91.437,936
2026-06-02T04:00:00+00:00,91.437,91.489,91.167,91.273,795
2026-06-02T04:30:00+00:00,91.273,91.417,91.143,91.204,527
2026-06-02T05:00:00+00:00,91.204,91.384,91.108,91.347,722
2026-06-02T05:30:00+00:00,91.347,91.454,90.987,91.358,2195
2026-06-02T06:00:00+00:00,91.358,91.474,91.083,91.128,1871
2026-06-02T06:30:00+00:00,91.128,91.674,90.967,91.537,2414
2026-06-02T07:00:00+00:00,91.537,91.729,91.007,91.428,3516
2026-06-02T07:30:00+00:00,91.428,91.654,90.544,90.782,4007
2026-06-02T08:00:00+00:00,90.782,91.219,90.474,91.118,6602
2026-06-02T08:30:00+00:00,91.118,91.118,90.138,90.622,3987
2026-06-02T09:00:00+00:00,90.622,90.682,90.103,90.629,3115
2026-06-02T09:30:00+00:00,90.629,91.074,90.572,91.002,3148
2026-06-02T10:00:00+00:00,91.002,91.509,90.908,91.248,2592
2026-06-02T10:30:00+00:00,91.248,91.308,91.009,91.147,1794
2026-06-02T11:00:00+00:00,91.147,91.162,90.724,91.042,2316
2026-06-02T11:30:00+00:00,91.042,91.229,90.907,91.018,1968
2026-06-02T12:00:00+00:00,91.018,91.077,90.558,90.787,2810
2026-06-02T12:30:00+00:00,90.787,91.593,90.758,91.123,4324
2026-06-02T13:00:00+00:00,91.123,92.18900000000001,91.078,92.142,7989
2026-06-02T13:30:00+00:00,92.142,92.429,91.919,92.252,6639
2026-06-02T14:00:00+00:00,92.252,92.474,91.802,92.133,6575
2026-06-02T14:30:00+00:00,92.133,92.134,91.672,91.903,5101
2026-06-02T15:00:00+00:00,91.903,91.942,91.428,91.782,5408
2026-06-02T15:30:00+00:00,91.782,93.079,91.772,92.848,5369
2026-06-02T16:00:00+00:00,92.848,93.218,92.442,93.177,5398
2026-06-02T16:30:00+00:00,93.177,93.384,93.028,93.097,3724
2026-06-02T17:00:00+00:00,93.097,93.789,92.887,93.633,4120
2026-06-02T17:30:00+00:00,93.633,93.929,93.487,93.823,3280
2026-06-02T18:00:00+00:00,93.823,93.859,93.192,93.718,6556
2026-06-02T18:30:00+00:00,93.718,93.979,93.698,93.883,2110
2026-06-02T19:00:00+00:00,93.883,93.889,93.528,93.562,1271
2026-06-02T19:30:00+00:00,93.562,93.739,93.427,93.658,1482
2026-06-02T20:00:00+00:00,93.658,93.704,93.448,93.488,800
2026-06-02T20:30:00+00:00,93.488,93.509,93.329,93.378,1510
2026-06-02T22:00:00+00:00,93.378,94.042,93.378,93.828,907
2026-06-02T22:30:00+00:00,93.828,94.473,93.787,94.244,974
2026-06-02T23:00:00+00:00,94.244,96.029,94.124,95.592,2836
2026-06-02T23:30:00+00:00,95.592,95.752,94.537,94.597,2118
2026-06-03T00:00:00+00:00,94.597,94.874,94.224,94.602,2604
2026-06-03T00:30:00+00:00,94.602,94.678,94.312,94.379,1175
2026-06-03T01:00:00+00:00,94.379,95.094,94.178,94.804,2722
2026-06-03T01:30:00+00:00,94.804,94.958,94.722,94.828,1325
2026-06-03T02:00:00+00:00,94.828,94.878,94.572,94.618,1032
2026-06-03T02:30:00+00:00,94.618,94.798,94.512,94.698,1010
2026-06-03T03:00:00+00:00,94.698,94.728,94.503,94.649,743
2026-06-03T03:30:00+00:00,94.649,94.793,94.507,94.698,563
2026-06-03T04:00:00+00:00,94.698,94.934,94.687,94.872,560
2026-06-03T04:30:00+00:00,94.872,95.168,94.868,94.889,687
2026-06-03T05:00:00+00:00,94.889,94.964,94.769,94.934,828
2026-06-03T05:30:00+00:00,94.934,95.563,94.864,95.549,2075
2026-06-03T06:00:00+00:00,95.549,95.584,95.132,95.268,2668
2026-06-03T06:30:00+00:00,95.268,95.827,95.268,95.727,2641
2026-06-03T07:00:00+00:00,95.727,95.889,95.477,95.794,3244
2026-06-03T07:30:00+00:00,95.794,95.998,95.647,95.864,2791
2026-06-03T08:00:00+00:00,95.864,96.549,95.594,95.992,6480
2026-06-03T08:30:00+00:00,95.992,96.417,95.923,96.317,3393
2026-06-03T09:00:00+00:00,96.317,96.528,95.867,96.269,3632
2026-06-03T09:30:00+00:00,96.269,96.969,96.137,96.853,4141
2026-06-03T10:00:00+00:00,96.853,96.979,95.622,96.279,7372
2026-06-03T10:30:00+00:00,96.279,96.498,95.847,95.979,2926
2026-06-03T11:00:00+00:00,95.979,96.028,95.572,95.692,2765
2026-06-03T11:30:00+00:00,95.692,95.964,95.517,95.692,2558
2026-06-03T12:00:00+00:00,95.692,96.379,95.297,96.312,3715
2026-06-03T12:30:00+00:00,96.312,96.479,95.959,95.997,4055
2026-06-03T13:00:00+00:00,95.997,96.132,94.943,95.098,6789
2026-06-03T13:30:00+00:00,95.098,95.149,94.422,94.474,7263
2026-06-03T14:00:00+00:00,94.474,95.367,94.318,95.153,6485
2026-06-03T14:30:00+00:00,95.153,95.639,94.947,95.232,6502
2026-06-03T15:00:00+00:00,95.232,95.839,95.047,95.458,7070
2026-06-03T15:30:00+00:00,95.458,96.294,95.433,95.872,6071
2026-06-03T16:00:00+00:00,95.872,96.299,95.678,96.153,4927
2026-06-03T16:30:00+00:00,96.153,96.184,95.628,95.654,4636
2026-06-03T17:00:00+00:00,95.654,96.308,95.294,96.139,4439
2026-06-03T17:30:00+00:00,96.139,96.434,96.062,96.209,3005
2026-06-03T18:00:00+00:00,96.209,96.364,95.838,96.002,5355
2026-06-03T18:30:00+00:00,96.002,96.549,95.977,96.039,2493
2026-06-03T19:00:00+00:00,96.039,96.144,95.663,96.122,1683
2026-06-03T19:30:00+00:00,96.122,96.214,95.902,96.204,1469
2026-06-03T20:00:00+00:00,96.204,96.458,96.147,96.224,1378
2026-06-03T20:30:00+00:00,96.224,96.474,96.004,96.177,1825
2026-06-03T22:00:00+00:00,96.177,96.177,95.452,95.81400000000001,760
2026-06-03T22:30:00+00:00,95.81400000000001,95.828,94.992,95.227,1411
2026-06-03T23:00:00+00:00,95.227,95.468,95.137,95.384,642
2026-06-03T23:30:00+00:00,95.384,95.432,95.222,95.379,390
2026-06-04T00:00:00+00:00,95.379,95.749,95.223,95.642,2175
2026-06-04T00:30:00+00:00,95.642,95.658,95.273,95.293,1117
2026-06-04T01:00:00+00:00,95.293,95.493,95.048,95.078,2559
2026-06-04T01:30:00+00:00,95.078,95.158,94.824,94.988,1528
2026-06-04T02:00:00+00:00,94.988,95.078,94.773,94.914,1242
2026-06-04T02:30:00+00:00,94.914,94.963,94.792,94.809,909
2026-06-04T03:00:00+00:00,94.809,94.929,94.738,94.927,867
2026-06-04T03:30:00+00:00,94.927,95.509,94.923,95.103,1259
2026-06-04T04:00:00+00:00,95.103,95.332,95.044,95.184,922
2026-06-04T04:30:00+00:00,95.184,95.323,95.092,95.182,859
2026-06-04T05:00:00+00:00,95.182,95.593,95.172,95.544,1056
2026-06-04T05:30:00+00:00,95.544,95.577,95.147,95.149,1583
2026-06-04T06:00:00+00:00,95.149,95.448,94.967,95.172,1756
2026-06-04T06:30:00+00:00,95.172,95.299,94.903,95.204,1883
2026-06-04T07:00:00+00:00,95.204,95.414,94.878,95.284,2486
2026-06-04T07:30:00+00:00,95.284,95.603,95.049,95.429,2866
2026-06-04T08:00:00+00:00,95.429,95.679,94.772,94.772,6231
2026-06-04T08:30:00+00:00,94.772,95.373,94.368,94.863,5014
2026-06-04T09:00:00+00:00,94.863,95.024,94.443,94.807,3522
2026-06-04T09:30:00+00:00,94.807,94.968,94.047,94.493,3977
2026-06-04T10:00:00+00:00,94.493,95.224,94.489,95.063,3558
2026-06-04T10:30:00+00:00,95.063,95.288,94.807,94.879,2417
2026-06-04T11:00:00+00:00,94.879,94.912,93.618,93.773,4993
2026-06-04T11:30:00+00:00,93.773,94.054,92.332,92.453,7558
2026-06-04T12:00:00+00:00,92.453,92.938,91.928,92.759,10421
2026-06-04T12:30:00+00:00,92.759,92.979,92.303,92.657,4896
2026-06-04T13:00:00+00:00,92.657,93.114,92.343,93.069,6686
2026-06-04T13:30:00+00:00,93.069,93.138,92.112,92.354,6833
2026-06-04T14:00:00+00:00,92.354,92.68900000000001,92.004,92.593,6040
2026-06-04T14:30:00+00:00,92.593,93.099,92.587,93.049,4066
2026-06-04T15:00:00+00:00,93.049,93.244,92.617,92.727,6233
2026-06-04T15:30:00+00:00,92.727,93.159,92.629,92.983,4354
2026-06-04T16:00:00+00:00,92.983,93.139,92.732,92.954,2798
2026-06-04T16:30:00+00:00,92.954,93.009,92.262,92.373,3250
2026-06-04T17:00:00+00:00,92.373,92.592,92.129,92.162,2558
2026-06-04T17:30:00+00:00,92.162,92.378,91.923,92.31400000000001,2828
2026-06-04T18:00:00+00:00,92.31400000000001,93.219,91.923,93.062,8025
2026-06-04T18:30:00+00:00,93.062,93.434,93.047,93.299,3266
2026-06-04T19:00:00+00:00,93.299,93.347,93.068,93.107,1192
2026-06-04T19:30:00+00:00,93.107,93.229,92.962,93.139,1421
2026-06-04T20:00:00+00:00,93.139,93.179,92.948,93.013,1083
2026-06-04T20:30:00+00:00,93.013,93.067,92.827,92.908,816
2026-06-04T22:00:00+00:00,92.908,92.908,92.612,92.774,635
2026-06-04T22:30:00+00:00,92.774,92.874,92.752,92.872,205
2026-06-04T23:00:00+00:00,92.872,92.883,92.813,92.838,129
2026-06-04T23:30:00+00:00,92.838,93.019,92.832,92.959,201
2026-06-05T00:00:00+00:00,92.959,93.004,92.677,92.698,1095
2026-06-05T00:30:00+00:00,92.698,92.917,92.602,92.683,1009
2026-06-05T01:00:00+00:00,92.683,93.119,92.507,93.068,2069
2026-06-05T01:30:00+00:00,93.068,93.169,92.907,93.117,1149
2026-06-05T02:00:00+00:00,93.117,93.473,93.077,93.359,1360
2026-06-05T02:30:00+00:00,93.359,93.523,93.352,93.394,1093
2026-06-05T03:00:00+00:00,93.394,93.469,93.073,93.207,1143
2026-06-05T03:30:00+00:00,93.207,93.213,92.989,93.153,760
2026-06-05T04:00:00+00:00,93.153,93.18900000000001,92.928,93.093,626
2026-06-05T04:30:00+00:00,93.093,93.137,92.93900000000001,93.019,740
2026-06-05T05:00:00+00:00,93.019,93.174,93.007,93.014,842
2026-06-05T05:30:00+00:00,93.014,93.204,92.919,92.938,1341
2026-06-05T06:00:00+00:00,92.938,93.112,92.563,92.808,2099
2026-06-05T06:30:00+00:00,92.808,92.919,92.663,92.753,1823
2026-06-05T07:00:00+00:00,92.753,92.832,92.057,92.082,2850
2026-06-05T07:30:00+00:00,92.082,92.769,92.017,92.672,2610
2026-06-05T08:00:00+00:00,92.672,92.884,91.479,91.524,5589
2026-06-05T08:30:00+00:00,91.524,92.968,91.517,92.812,5207
2026-06-05T09:00:00+00:00,92.812,93.139,91.929,92.442,6841
2026-06-05T09:30:00+00:00,92.442,92.959,92.359,92.828,3085
2026-06-05T10:00:00+00:00,92.828,92.919,92.453,92.597,2490
2026-06-05T10:30:00+00:00,92.597,93.117,92.482,92.847,2243
2026-06-05T11:00:00+00:00,92.847,93.613,92.819,92.979,3166
2026-06-05T11:30:00+00:00,92.979,93.049,92.573,92.888,2795
2026-06-05T12:00:00+00:00,92.888,93.124,92.499,92.802,2863
2026-06-05T12:30:00+00:00,92.802,93.019,92.337,92.389,3771
2026-06-05T13:00:00+00:00,92.389,92.572,91.493,91.859,6330
2026-06-05T13:30:00+00:00,91.859,91.917,91.242,91.462,7164
2026-06-05T14:00:00+00:00,91.462,91.649,90.552,91.307,10195
2026-06-05T14:30:00+00:00,91.307,91.643,91.017,91.297,4913
2026-06-05T15:00:00+00:00,91.297,91.498,90.884,91.089,6356
2026-06-05T15:30:00+00:00,91.089,91.173,90.457,90.759,5259
2026-06-05T16:00:00+00:00,90.759,91.004,89.928,90.094,5190
2026-06-05T16:30:00+00:00,90.094,90.164,89.662,90.058,4683
2026-06-05T17:00:00+00:00,90.058,90.209,89.907,90.089,2936
2026-06-05T17:30:00+00:00,90.089,90.338,89.933,90.013,3504
2026-06-05T18:00:00+00:00,90.013,90.629,89.877,90.544,6098
2026-06-05T18:30:00+00:00,90.544,90.708,90.033,90.272,3051
2026-06-05T19:00:00+00:00,90.272,90.354,90.002,90.134,2011
2026-06-05T19:30:00+00:00,90.134,90.399,90.077,90.214,1909
2026-06-05T20:00:00+00:00,90.214,90.428,90.172,90.343,1160
2026-06-05T20:30:00+00:00,90.343,90.348,90.202,90.242,514
2026-06-07T22:00:00+00:00,90.242,93.879,90.242,92.949,4114
2026-06-07T22:30:00+00:00,92.949,93.209,92.507,92.874,1797
2026-06-07T23:00:00+00:00,92.874,92.909,92.497,92.539,945
2026-06-07T23:30:00+00:00,92.539,92.828,92.358,92.737,846
2026-06-08T00:00:00+00:00,92.737,92.837,92.407,92.527,1539
2026-06-08T00:30:00+00:00,92.527,92.649,92.287,92.384,1448
2026-06-08T01:00:00+00:00,92.384,94.467,92.188,94.373,7673
2026-06-08T01:30:00+00:00,94.373,94.784,93.182,93.289,6249
2026-06-08T02:00:00+00:00,93.289,94.153,93.208,93.928,2908
2026-06-08T02:30:00+00:00,93.928,94.347,93.264,93.629,4594
2026-06-08T03:00:00+00:00,93.629,94.012,93.543,93.653,2563
2026-06-08T03:30:00+00:00,93.653,93.653,93.342,93.514,2073
2026-06-08T04:00:00+00:00,93.514,94.067,93.508,93.958,1909
2026-06-08T04:30:00+00:00,93.958,94.582,93.898,94.449,3180
2026-06-08T05:00:00+00:00,94.449,94.617,94.117,94.207,2604
2026-06-08T05:30:00+00:00,94.207,94.834,94.067,94.464,4055
2026-06-08T06:00:00+00:00,94.464,94.664,93.928,94.174,4270
2026-06-08T06:30:00+00:00,94.174,94.832,94.167,94.607,3579
2026-06-08T07:00:00+00:00,94.607,94.914,94.18900000000001,94.363,4062
2026-06-08T07:30:00+00:00,94.363,94.719,93.998,94.589,3786
2026-06-08T08:00:00+00:00,94.589,95.224,94.422,94.447,6270
2026-06-08T08:30:00+00:00,94.447,95.063,94.18900000000001,94.653,3987
2026-06-08T09:00:00+00:00,94.653,94.754,94.378,94.754,2617
2026-06-08T09:30:00+00:00,94.754,94.899,94.232,94.662,4608
2026-06-08T10:00:00+00:00,94.662,95.452,94.162,94.523,5170
2026-06-08T10:30:00+00:00,94.523,94.599,93.434,93.742,5969
2026-06-08T11:00:00+00:00,93.742,94.054,91.844,91.852,10461
2026-06-08T11:30:00+00:00,91.852,92.214,91.032,91.207,6445
2026-06-08T12:00:00+00:00,91.207,92.094,91.008,91.594,5955
2026-06-08T12:30:00+00:00,91.594,92.132,91.397,91.888,4602
2026-06-08T13:00:00+00:00,91.888,92.052,90.942,91.212,6132
2026-06-08T13:30:00+00:00,91.212,91.249,90.377,91.044,7622
2026-06-08T14:00:00+00:00,91.044,91.578,90.957,91.397,5679
2026-06-08T14:30:00+00:00,91.397,92.217,91.252,91.748,5283
2026-06-08T15:00:00+00:00,91.748,92.372,91.388,91.837,6184
2026-06-08T15:30:00+00:00,91.837,91.854,91.373,91.599,3996
2026-06-08T16:00:00+00:00,91.599,91.769,91.127,91.734,3930
2026-06-08T16:30:00+00:00,91.734,91.742,91.023,91.393,3390
2026-06-08T17:00:00+00:00,91.393,91.434,90.942,90.954,3229
2026-06-08T17:30:00+00:00,90.954,91.142,90.753,91.103,3718
2026-06-08T18:00:00+00:00,91.103,91.469,91.072,91.242,5682
2026-06-08T18:30:00+00:00,91.242,91.297,90.892,91.132,1981
2026-06-08T19:00:00+00:00,91.132,91.319,90.997,91.313,1245
2026-06-08T19:30:00+00:00,91.313,91.479,91.117,91.237,1294
2026-06-08T20:00:00+00:00,91.237,91.522,91.178,91.222,1142
2026-06-08T20:30:00+00:00,91.222,91.329,91.087,91.267,1700
2026-06-08T22:00:00+00:00,91.267,91.524,91.252,91.412,424
2026-06-08T22:30:00+00:00,91.412,91.419,91.244,91.354,299
2026-06-08T23:00:00+00:00,91.354,91.408,91.297,91.353,230
2026-06-08T23:30:00+00:00,91.353,91.412,91.292,91.359,336
2026-06-09T00:00:00+00:00,91.359,91.457,90.842,90.893,1518
2026-06-09T00:30:00+00:00,90.893,91.369,90.704,91.022,1696
2026-06-09T01:00:00+00:00,91.022,91.123,90.807,90.827,2544
2026-06-09T01:30:00+00:00,90.827,91.054,90.562,90.933,2194
2026-06-09T02:00:00+00:00,90.933,90.989,90.459,90.909,1780
2026-06-09T02:30:00+00:00,90.909,90.909,90.479,90.608,1782
2026-06-09T03:00:00+00:00,90.608,90.68900000000001,90.288,90.382,2149
2026-06-09T03:30:00+00:00,90.382,90.382,89.842,90.133,2060
2026-06-09T04:00:00+00:00,90.133,90.263,90.014,90.213,943
2026-06-09T04:30:00+00:00,90.213,90.358,89.998,90.252,1510
2026-06-09T05:00:00+00:00,90.252,90.348,89.862,90.014,1462
2026-06-09T05:30:00+00:00,90.014,90.159,89.794,90.117,3292
2026-06-09T06:00:00+00:00,90.117,90.142,89.608,89.889,2837
2026-06-09T06:30:00+00:00,89.889,90.119,89.712,89.898,2773
2026-06-09T07:00:00+00:00,89.898,90.099,89.632,89.703,3122
2026-06-09T07:30:00+00:00,89.703,89.858,89.323,89.68900000000001,3492
2026-06-09T08:00:00+00:00,89.68900000000001,89.883,89.033,89.198,5627
2026-06-09T08:30:00+00:00,89.198,89.424,88.793,89.237,4078
2026-06-09T09:00:00+00:00,89.237,89.347,88.818,88.872,3071
2026-06-09T09:30:00+00:00,88.872,89.203,88.788,89.138,2798
2026-06-09T10:00:00+00:00,89.138,89.447,89.052,89.224,3038
2026-06-09T10:30:00+00:00,89.224,89.348,88.684,88.982,2803
2026-06-09T11:00:00+00:00,88.982,89.603,88.948,89.357,2687
2026-06-09T11:30:00+00:00,89.357,89.772,89.288,89.547,3518
2026-06-09T12:00:00+00:00,89.547,89.624,89.192,89.589,3486
2026-06-09T12:30:00+00:00,89.589,89.659,88.838,89.028,4174
2026-06-09T13:00:00+00:00,89.028,89.527,88.647,88.739,7702
2026-06-09T13:30:00+00:00,88.739,88.769,87.447,87.844,10436
2026-06-09T14:00:00+00:00,87.844,88.194,87.432,87.493,8448
2026-06-09T14:30:00+00:00,87.493,88.099,87.373,87.759,7311
2026-06-09T15:00:00+00:00,87.759,87.898,87.367,87.742,6490
2026-06-09T15:30:00+00:00,87.742,87.819,86.679,86.692,6919
2026-06-09T16:00:00+00:00,86.692,86.704,85.952,86.522,8240
2026-06-09T16:30:00+00:00,86.522,89.428,86.278,87.849,22593
2026-06-09T17:00:00+00:00,87.849,88.378,87.098,87.543,10757
2026-06-09T17:30:00+00:00,87.543,88.479,87.487,88.132,7097
2026-06-09T18:00:00+00:00,88.132,88.603,87.937,88.148,8502
2026-06-09T18:30:00+00:00,88.148,88.354,87.967,88.053,3114
2026-06-09T19:00:00+00:00,88.053,88.207,87.917,88.127,2021
2026-06-09T19:30:00+00:00,88.127,88.594,88.037,88.283,2839
2026-06-09T20:00:00+00:00,88.283,88.558,88.222,88.457,1914
2026-06-09T20:30:00+00:00,88.457,88.759,88.309,88.672,2034
2026-06-09T22:00:00+00:00,88.672,89.878,88.643,88.823,2087
2026-06-09T22:30:00+00:00,88.823,89.248,88.823,89.113,704
2026-06-09T23:00:00+00:00,89.113,89.208,88.842,89.133,509
2026-06-09T23:30:00+00:00,89.133,89.327,88.959,89.168,388
2026-06-10T00:00:00+00:00,89.168,89.784,88.842,89.619,2440
2026-06-10T00:30:00+00:00,89.619,89.964,88.744,88.847,2137
2026-06-10T01:00:00+00:00,88.847,89.082,88.252,88.678,3149
2026-06-10T01:30:00+00:00,88.678,89.332,88.627,89.254,1869
2026-06-10T02:00:00+00:00,89.254,89.384,88.738,88.933,1505
2026-06-10T02:30:00+00:00,88.933,89.019,88.709,88.952,999
2026-06-10T03:00:00+00:00,88.952,89.139,88.812,89.019,923
2026-06-10T03:30:00+00:00,89.019,89.019,88.553,88.603,971
2026-06-10T04:00:00+00:00,88.603,88.874,88.592,88.853,783
2026-06-10T04:30:00+00:00,88.853,88.919,88.623,88.667,1000
2026-06-10T05:00:00+00:00,88.667,88.759,88.054,88.172,1743
2026-06-10T05:30:00+00:00,88.172,88.249,87.853,88.057,2406
2026-06-10T06:00:00+00:00,88.057,88.144,87.593,87.894,2764
2026-06-10T06:30:00+00:00,87.894,88.278,87.789,88.233,2085
2026-06-10T07:00:00+00:00,88.233,88.259,87.673,88.193,3071
2026-06-10T07:30:00+00:00,88.193,88.659,87.993,87.994,3223
2026-06-10T08:00:00+00:00,87.994,88.834,87.942,88.612,5030
2026-06-10T08:30:00+00:00,88.612,88.704,87.387,87.659,3790
2026-06-10T09:00:00+00:00,87.659,87.813,87.387,87.752,3006
2026-06-10T09:30:00+00:00,87.752,88.483,87.559,87.908,3078
2026-06-10T10:00:00+00:00,87.908,88.459,87.842,88.139,2515
2026-06-10T10:30:00+00:00,88.139,88.258,87.732,88.004,2791
2026-06-10T11:00:00+00:00,88.004,90.388,87.757,89.832,14548
2026-06-10T11:30:00+00:00,89.832,90.249,89.622,90.019,6407
2026-06-10T12:00:00+00:00,90.019,90.078,89.542,89.717,6243
2026-06-10T12:30:00+00:00,89.717,89.818,88.687,89.068,6331
2026-06-10T13:00:00+00:00,89.068,89.613,88.887,89.334,5117
2026-06-10T13:30:00+00:00,89.334,89.874,89.138,89.774,5714
2026-06-10T14:00:00+00:00,89.774,89.973,89.473,89.692,5061
2026-06-10T14:30:00+00:00,89.692,90.369,89.642,90.242,5718
2026-06-10T15:00:00+00:00,90.242,90.278,89.392,89.528,5611
2026-06-10T15:30:00+00:00,89.528,91.448,89.348,90.617,11760
2026-06-10T16:00:00+00:00,90.617,91.229,90.517,90.903,6756
2026-06-10T16:30:00+00:00,90.903,91.247,90.882,91.029,4007
2026-06-10T17:00:00+00:00,91.029,91.43900000000001,90.809,91.407,3337
2026-06-10T17:30:00+00:00,91.407,91.813,90.842,90.878,5020
2026-06-10T18:00:00+00:00,90.878,90.893,89.789,89.912,7019
2026-06-10T18:30:00+00:00,89.912,90.474,89.892,90.172,3515
2026-06-10T19:00:00+00:00,90.172,90.557,90.113,90.359,1838
2026-06-10T19:30:00+00:00,90.359,90.599,90.332,90.398,1522
2026-06-10T20:00:00+00:00,90.398,91.129,90.248,91.017,2588
2026-06-10T20:30:00+00:00,91.017,91.853,90.993,91.842,2684
2026-06-10T22:00:00+00:00,91.842,92.409,91.842,92.294,1220
2026-06-10T22:30:00+00:00,92.294,93.327,92.002,93.319,1820
2026-06-10T23:00:00+00:00,93.319,93.613,92.493,92.632,2978
2026-06-10T23:30:00+00:00,92.632,93.082,92.432,92.474,1364
2026-06-11T00:00:00+00:00,92.474,92.732,91.898,92.358,4841
2026-06-11T00:30:00+00:00,92.358,92.589,92.122,92.329,3308
2026-06-11T01:00:00+00:00,92.329,92.359,91.479,91.542,5332
2026-06-11T01:30:00+00:00,91.542,91.68900000000001,91.197,91.637,3410
2026-06-11T02:00:00+00:00,91.637,91.979,91.413,91.844,2915
2026-06-11T02:30:00+00:00,91.844,91.887,91.438,91.553,2482
2026-06-11T03:00:00+00:00,91.553,91.937,91.512,91.847,1973
2026-06-11T03:30:00+00:00,91.847,92.094,91.687,91.802,1793
2026-06-11T04:00:00+00:00,91.802,91.938,91.572,91.609,1652
2026-06-11T04:30:00+00:00,91.609,91.684,90.988,91.097,2420
2026-06-11T05:00:00+00:00,91.097,91.172,90.748,90.93900000000001,2427
2026-06-11T05:30:00+00:00,90.93900000000001,90.93900000000001,90.322,90.619,4323
2026-06-11T06:00:00+00:00,90.619,90.947,90.429,90.469,3038
2026-06-11T06:30:00+00:00,90.469,90.667,90.378,90.474,2864
2026-06-11T07:00:00+00:00,90.474,90.518,89.807,89.844,4594
2026-06-11T07:30:00+00:00,89.844,89.857,89.352,89.818,4600
2026-06-11T08:00:00+00:00,89.818,89.894,89.024,89.478,6132
2026-06-11T08:30:00+00:00,89.478,89.543,88.753,89.084,4872
2026-06-11T09:00:00+00:00,89.084,89.619,89.077,89.387,3783
2026-06-11T09:30:00+00:00,89.387,89.788,89.053,89.288,3196
2026-06-11T10:00:00+00:00,89.288,89.479,88.992,89.263,3603
2026-06-11T10:30:00+00:00,89.263,89.358,88.738,88.943,3921
2026-06-11T11:00:00+00:00,88.943,89.359,88.857,89.132,4131
2026-06-11T11:30:00+00:00,89.132,89.254,88.624,89.029,4758
2026-06-11T12:00:00+00:00,89.029,91.403,88.932,90.574,11126
2026-06-11T12:30:00+00:00,90.574,91.234,89.862,90.037,12638
2026-06-11T13:00:00+00:00,90.037,90.654,89.967,90.184,6740
2026-06-11T13:30:00+00:00,90.184,90.233,89.032,89.329,10462
2026-06-11T14:00:00+00:00,89.329,90.214,89.327,90.133,7502
2026-06-11T14:30:00+00:00,90.133,90.384,89.872,90.054,5940
2026-06-11T15:00:00+00:00,90.054,90.544,89.947,90.458,7763
2026-06-11T15:30:00+00:00,90.458,91.18900000000001,90.342,90.817,6720
2026-06-11T16:00:00+00:00,90.817,91.468,90.638,91.173,4745
2026-06-11T16:30:00+00:00,91.173,91.409,90.657,90.824,5125
2026-06-11T17:00:00+00:00,90.824,90.909,88.262,88.313,8197
2026-06-11T17:30:00+00:00,88.313,88.364,86.517,87.369,25427
2026-06-11T18:00:00+00:00,87.369,88.264,87.102,87.798,16022
2026-06-11T18:30:00+00:00,87.798,88.298,87.748,87.788,5779
2026-06-11T19:00:00+00:00,87.788,87.839,86.678,86.734,8442
2026-06-11T19:30:00+00:00,86.734,86.734,85.804,86.524,10315
2026-06-11T20:00:00+00:00,86.524,86.579,85.724,85.963,5008
2026-06-11T20:30:00+00:00,85.963,86.572,85.882,86.424,3968
2026-06-11T22:00:00+00:00,86.424,86.424,85.122,86.048,2340
2026-06-11T22:30:00+00:00,86.048,86.077,85.642,85.922,755
2026-06-11T23:00:00+00:00,85.922,85.93900000000001,85.673,85.828,579
2026-06-11T23:30:00+00:00,85.828,86.188,85.827,86.052,475
2026-06-12T00:00:00+00:00,86.052,86.424,86.023,86.262,1977
2026-06-12T00:30:00+00:00,86.262,86.717,86.233,86.627,1446
2026-06-12T01:00:00+00:00,86.627,86.914,86.597,86.678,3273
2026-06-12T01:30:00+00:00,86.678,86.873,86.558,86.787,1644
2026-06-12T02:00:00+00:00,86.787,86.878,86.657,86.873,1050
2026-06-12T02:30:00+00:00,86.873,86.873,86.487,86.728,1161
2026-06-12T03:00:00+00:00,86.728,86.964,86.667,86.698,1329
2026-06-12T03:30:00+00:00,86.698,86.739,86.203,86.239,1684
2026-06-12T04:00:00+00:00,86.239,86.333,86.054,86.159,1297
2026-06-12T04:30:00+00:00,86.159,86.347,86.053,86.069,1046
2026-06-12T05:00:00+00:00,86.069,86.113,85.864,85.913,2134
2026-06-12T05:30:00+00:00,85.913,86.143,85.669,86.048,3026
2026-06-12T06:00:00+00:00,86.048,86.122,85.798,85.937,2581
2026-06-12T06:30:00+00:00,85.937,86.129,85.718,86.069,2530
2026-06-12T07:00:00+00:00,86.069,86.379,85.958,86.038,3470
2026-06-12T07:30:00+00:00,86.038,86.174,84.893,85.178,4997
2026-06-12T08:00:00+00:00,85.178,85.212,83.392,83.407,10356
2026-06-12T08:30:00+00:00,83.407,83.987,83.173,83.854,6773
2026-06-12T09:00:00+00:00,83.854,84.069,83.452,83.793,5151
2026-06-12T09:30:00+00:00,83.793,84.208,83.547,84.142,3684
2026-06-12T10:00:00+00:00,84.142,85.028,83.997,84.903,4681
2026-06-12T10:30:00+00:00,84.903,85.267,84.487,84.677,4729
2026-06-12T11:00:00+00:00,84.677,84.748,84.027,84.284,3618
2026-06-12T11:30:00+00:00,84.284,85.184,84.163,84.882,4066
2026-06-12T12:00:00+00:00,84.882,85.223,84.703,85.223,4331
2026-06-12T12:30:00+00:00,85.223,85.679,85.078,85.084,6125
2026-06-12T13:00:00+00:00,85.084,85.574,84.938,85.324,5022
2026-06-12T13:30:00+00:00,85.324,87.028,85.283,87.003,11106
2026-06-12T14:00:00+00:00,87.003,87.223,86.134,86.453,8090
2026-06-12T14:30:00+00:00,86.453,86.659,84.729,84.937,11214
2026-06-12T15:00:00+00:00,84.937,85.012,84.214,84.427,9611
2026-06-12T15:30:00+00:00,84.427,84.729,84.114,84.389,6579
2026-06-12T16:00:00+00:00,84.389,84.809,84.152,84.779,6484
2026-06-12T16:30:00+00:00,84.779,84.988,84.448,84.837,4585
2026-06-12T17:00:00+00:00,84.837,84.958,84.443,84.537,5035
2026-06-12T17:30:00+00:00,84.537,85.032,84.528,84.894,3811
2026-06-12T18:00:00+00:00,84.894,85.068,84.699,84.862,5361
2026-06-12T18:30:00+00:00,84.862,84.869,84.298,84.434,2362
2026-06-12T19:00:00+00:00,84.434,84.604,84.317,84.427,1457
2026-06-12T19:30:00+00:00,84.427,84.638,84.228,84.293,2633
2026-06-12T20:00:00+00:00,84.293,84.437,84.193,84.238,997
2026-06-12T20:30:00+00:00,84.238,84.279,84.187,84.264,507
2026-06-14T22:00:00+00:00,84.264,84.264,80.244,81.347,6479
2026-06-14T22:30:00+00:00,81.347,81.659,81.072,81.268,2879
2026-06-14T23:00:00+00:00,81.268,81.337,80.873,81.102,1666
2026-06-14T23:30:00+00:00,81.102,81.134,80.852,80.983,852
2026-06-15T00:00:00+00:00,80.983,80.998,80.428,80.833,2743
2026-06-15T00:30:00+00:00,80.833,81.204,80.762,80.957,2150
2026-06-15T01:00:00+00:00,80.957,81.199,80.497,80.624,4394
2026-06-15T01:30:00+00:00,80.624,80.938,80.477,80.887,2276
2026-06-15T02:00:00+00:00,80.887,80.887,80.307,80.327,1500
2026-06-15T02:30:00+00:00,80.327,80.334,79.987,80.078,2361
2026-06-15T03:00:00+00:00,80.078,80.259,79.987,80.108,1954
2026-06-15T03:30:00+00:00,80.108,80.648,80.108,80.519,2753
2026-06-15T04:00:00+00:00,80.519,80.627,80.438,80.583,976
2026-06-15T04:30:00+00:00,80.583,80.694,80.484,80.527,1286
2026-06-15T05:00:00+00:00,80.527,80.884,80.488,80.794,1617
2026-06-15T05:30:00+00:00,80.794,80.989,80.642,80.773,2726
2026-06-15T06:00:00+00:00,80.773,81.093,80.447,80.712,3325
2026-06-15T06:30:00+00:00,80.712,80.839,80.422,80.484,2808
2026-06-15T07:00:00+00:00,80.484,80.663,79.793,79.828,3562
2026-06-15T07:30:00+00:00,79.828,80.524,79.687,80.494,3155
2026-06-15T08:00:00+00:00,80.494,80.828,80.248,80.268,5535
2026-06-15T08:30:00+00:00,80.268,80.514,80.152,80.398,3747
2026-06-15T09:00:00+00:00,80.398,80.399,79.957,80.089,4233
2026-06-15T09:30:00+00:00,80.089,80.473,79.998,80.237,3449
2026-06-15T10:00:00+00:00,80.237,80.372,80.038,80.343,3064
2026-06-15T10:30:00+00:00,80.343,80.669,80.297,80.577,2930
2026-06-15T11:00:00+00:00,80.577,80.594,80.099,80.143,3006
2026-06-15T11:30:00+00:00,80.143,80.469,80.053,80.398,2831
2026-06-15T12:00:00+00:00,80.398,80.598,80.114,80.214,3414
2026-06-15T12:30:00+00:00,80.214,80.408,79.954,80.318,3005
2026-06-15T13:00:00+00:00,80.318,80.629,80.242,80.489,4105
2026-06-15T13:30:00+00:00,80.489,80.648,80.197,80.219,4662
2026-06-15T14:00:00+00:00,80.219,80.334,79.809,79.894,4518
2026-06-15T14:30:00+00:00,79.894,80.473,79.787,80.459,4765
2026-06-15T15:00:00+00:00,80.459,80.849,80.324,80.613,5467
2026-06-15T15:30:00+00:00,80.613,80.739,80.133,80.253,4338
2026-06-15T16:00:00+00:00,80.253,80.358,80.002,80.077,3194
2026-06-15T16:30:00+00:00,80.077,80.489,80.063,80.483,2796
2026-06-15T17:00:00+00:00,80.483,80.704,80.359,80.547,2657
2026-06-15T17:30:00+00:00,80.547,80.614,80.267,80.572,2856
2026-06-15T18:00:00+00:00,80.572,80.912,80.349,80.882,4737
2026-06-15T18:30:00+00:00,80.882,80.994,80.773,80.862,2170
2026-06-15T19:00:00+00:00,80.862,81.168,80.857,81.068,1181
2026-06-15T19:30:00+00:00,81.068,81.452,81.038,81.298,1603
2026-06-15T20:00:00+00:00,81.298,81.594,81.272,81.297,1160
2026-06-15T20:30:00+00:00,81.297,81.362,81.097,81.142,1078
2026-06-15T22:00:00+00:00,81.142,81.408,80.904,81.284,533
2026-06-15T22:30:00+00:00,81.284,81.458,81.238,81.393,276
2026-06-15T23:00:00+00:00,81.393,81.457,81.293,81.373,170
2026-06-15T23:30:00+00:00,81.373,81.517,81.362,81.508,223
2026-06-16T00:00:00+00:00,81.508,81.508,81.202,81.313,929
2026-06-16T00:30:00+00:00,81.313,81.392,81.202,81.302,779
2026-06-16T01:00:00+00:00,81.302,81.344,80.927,81.004,2213
2026-06-16T01:30:00+00:00,81.004,81.138,80.832,80.899,1500
2026-06-16T02:00:00+00:00,80.899,80.969,80.744,80.903,931
2026-06-16T02:30:00+00:00,80.903,80.964,80.559,80.698,1597
2026-06-16T03:00:00+00:00,80.698,80.734,80.567,80.663,1155
2026-06-16T03:30:00+00:00,80.663,80.692,80.559,80.669,549
2026-06-16T04:00:00+00:00,80.669,80.804,80.593,80.653,784
2026-06-16T04:30:00+00:00,80.653,80.738,80.557,80.599,660
2026-06-16T05:00:00+00:00,80.599,80.614,80.363,80.382,717
2026-06-16T05:30:00+00:00,80.382,80.492,80.268,80.449,1917
2026-06-16T06:00:00+00:00,80.449,80.514,80.354,80.404,1389
2026-06-16T06:30:00+00:00,80.404,80.782,80.369,80.539,1627
2026-06-16T07:00:00+00:00,80.539,80.542,79.938,79.974,2889
2026-06-16T07:30:00+00:00,79.974,80.013,79.293,79.362,3966
2026-06-16T08:00:00+00:00,79.362,79.567,78.457,78.568,6371
2026-06-16T08:30:00+00:00,78.568,78.893,78.402,78.652,3733
2026-06-16T09:00:00+00:00,78.652,78.93900000000001,78.647,78.842,2870
2026-06-16T09:30:00+00:00,78.842,79.232,78.737,78.914,2423
2026-06-16T10:00:00+00:00,78.914,78.947,78.477,78.592,2735
2026-06-16T10:30:00+00:00,78.592,78.679,78.252,78.408,2397
2026-06-16T11:00:00+00:00,78.408,78.409,78.139,78.239,2655
2026-06-16T11:30:00+00:00,78.239,78.547,78.133,78.399,2946
2026-06-16T12:00:00+00:00,78.399,78.423,77.548,77.548,4993
2026-06-16T12:30:00+00:00,77.548,77.578,76.847,77.31400000000001,6895
2026-06-16T13:00:00+00:00,77.31400000000001,77.742,77.233,77.587,6084
2026-06-16T13:30:00+00:00,77.587,78.048,77.537,77.759,4924
2026-06-16T14:00:00+00:00,77.759,77.848,77.342,77.427,4345
2026-06-16T14:30:00+00:00,77.427,77.473,76.823,77.062,5259
2026-06-16T15:00:00+00:00,77.062,77.258,76.892,76.974,5487
2026-06-16T15:30:00+00:00,76.974,77.053,75.668,75.994,7625
2026-06-16T16:00:00+00:00,75.994,76.162,75.824,75.849,5155
2026-06-16T16:30:00+00:00,75.849,76.014,75.492,75.753,5339
2026-06-16T17:00:00+00:00,75.753,76.134,75.724,75.783,4932
2026-06-16T17:30:00+00:00,75.783,75.927,75.594,75.853,3565
2026-06-16T18:00:00+00:00,75.853,76.099,75.712,76.039,4024
2026-06-16T18:30:00+00:00,76.039,76.478,75.934,76.423,2204
2026-06-16T19:00:00+00:00,76.423,77.074,76.368,77.042,2162
2026-06-16T19:30:00+00:00,77.042,77.148,76.817,76.864,1903
2026-06-16T20:00:00+00:00,76.864,76.899,76.498,76.538,1572
2026-06-16T20:30:00+00:00,76.538,76.724,76.484,76.588,1829
2026-06-16T22:00:00+00:00,76.588,76.809,76.279,76.774,1134
2026-06-16T22:30:00+00:00,76.774,76.774,76.592,76.703,400
2026-06-16T23:00:00+00:00,76.703,76.742,76.532,76.542,397
2026-06-16T23:30:00+00:00,76.542,76.598,76.433,76.594,300
2026-06-17T00:00:00+00:00,76.594,76.599,76.393,76.584,1278
2026-06-17T00:30:00+00:00,76.584,76.619,76.444,76.578,610
2026-06-17T01:00:00+00:00,76.578,76.619,76.233,76.289,2008
2026-06-17T01:30:00+00:00,76.289,76.417,76.043,76.148,1643
2026-06-17T02:00:00+00:00,76.148,76.229,76.019,76.093,897
2026-06-17T02:30:00+00:00,76.093,76.168,75.994,76.054,882
2026-06-17T03:00:00+00:00,76.054,76.058,75.647,75.678,885
2026-06-17T03:30:00+00:00,75.678,75.832,75.324,75.389,1140
2026-06-17T04:00:00+00:00,75.389,75.768,75.389,75.698,961
2026-06-17T04:30:00+00:00,75.698,75.732,75.367,75.499,933
2026-06-17T05:00:00+00:00,75.499,75.538,75.108,75.138,1293
2026-06-17T05:30:00+00:00,75.138,76.348,75.058,76.117,2739
2026-06-17T06:00:00+00:00,76.117,76.269,75.862,75.912,2119
2026-06-17T06:30:00+00:00,75.912,75.959,75.037,75.324,2794
2026-06-17T07:00:00+00:00,75.324,75.584,74.567,75.544,3538
2026-06-17T07:30:00+00:00,75.544,75.639,75.063,75.578,3177
2026-06-17T08:00:00+00:00,75.578,76.274,75.463,76.113,4953
2026-06-17T08:30:00+00:00,76.113,76.454,75.872,76.043,3175
2026-06-17T09:00:00+00:00,76.043,76.302,75.677,75.804,2572
2026-06-17T09:30:00+00:00,75.804,76.087,75.489,76.018,2571
2026-06-17T10:00:00+00:00,76.018,76.444,76.007,76.332,2132
2026-06-17T10:30:00+00:00,76.332,76.607,75.882,76.469,3046
2026-06-17T11:00:00+00:00,76.469,76.678,76.328,76.418,2352
2026-06-17T11:30:00+00:00,76.418,77.014,76.418,76.763,2382
2026-06-17T12:00:00+00:00,76.763,76.789,76.333,76.642,2468
2026-06-17T12:30:00+00:00,76.642,76.739,76.474,76.558,2492
2026-06-17T13:00:00+00:00,76.558,76.853,76.492,76.827,3676
2026-06-17T13:30:00+00:00,76.827,77.334,76.763,77.208,3958
2026-06-17T14:00:00+00:00,77.208,77.889,76.948,77.379,6225
2026-06-17T14:30:00+00:00,77.379,79.987,77.373,77.802,12062
2026-06-17T15:00:00+00:00,77.802,78.022,76.694,76.907,7229
2026-06-17T15:30:00+00:00,76.907,77.087,76.508,76.613,3644
2026-06-17T16:00:00+00:00,76.613,76.959,76.504,76.733,2818
2026-06-17T16:30:00+00:00,76.733,76.839,76.352,76.397,2749
2026-06-17T17:00:00+00:00,76.397,77.018,76.168,76.254,3782
2026-06-17T17:30:00+00:00,76.254,76.559,76.167,76.473,2517
2026-06-17T18:00:00+00:00,76.473,76.908,76.302,76.873,4927
2026-06-17T18:30:00+00:00,76.873,77.014,76.43900000000001,76.502,4781
2026-06-17T19:00:00+00:00,76.502,76.623,75.964,76.057,2803
2026-06-17T19:30:00+00:00,76.057,76.243,75.898,75.953,1970
2026-06-17T20:00:00+00:00,75.953,76.028,75.842,75.904,1208
2026-06-17T20:30:00+00:00,75.904,75.928,75.533,75.599,935
2026-06-17T22:00:00+00:00,75.599,76.399,75.599,76.193,996
2026-06-17T22:30:00+00:00,76.193,76.279,75.963,76.062,463
2026-06-17T23:00:00+00:00,76.062,76.083,75.852,75.953,388
2026-06-17T23:30:00+00:00,75.953,76.142,75.904,75.999,307
2026-06-18T00:00:00+00:00,75.999,76.048,75.692,75.778,1416
2026-06-18T00:30:00+00:00,75.778,76.078,75.697,76.038,918
2026-06-18T01:00:00+00:00,76.038,76.164,75.433,75.519,1940
2026-06-18T01:30:00+00:00,75.519,75.659,75.348,75.512,1516
2026-06-18T02:00:00+00:00,75.512,75.589,75.273,75.437,905
2026-06-18T02:30:00+00:00,75.437,75.739,75.402,75.544,1486
2026-06-18T03:00:00+00:00,75.544,75.569,75.272,75.297,795
2026-06-18T03:30:00+00:00,75.297,75.419,75.193,75.243,593
2026-06-18T04:00:00+00:00,75.243,75.31400000000001,74.892,74.899,812
2026-06-18T04:30:00+00:00,74.899,74.993,74.774,74.843,1054
2026-06-18T05:00:00+00:00,74.843,74.973,74.492,74.527,1480
2026-06-18T05:30:00+00:00,74.527,74.898,74.472,74.774,1742
2026-06-18T06:00:00+00:00,74.774,74.788,74.142,74.288,2634
2026-06-18T06:30:00+00:00,74.288,75.072,74.202,74.918,3176
2026-06-18T07:00:00+00:00,74.918,75.467,74.684,75.058,3045
2026-06-18T07:30:00+00:00,75.058,75.199,74.852,75.044,2540
2026-06-18T08:00:00+00:00,75.044,75.098,74.722,75.017,3528
2026-06-18T08:30:00+00:00,75.017,75.209,74.512,74.748,3200
2026-06-18T09:00:00+00:00,74.748,75.048,74.472,74.792,2758
2026-06-18T09:30:00+00:00,74.792,74.978,74.323,74.392,2552
2026-06-18T10:00:00+00:00,74.392,75.017,74.362,74.908,2479
2026-06-18T10:30:00+00:00,74.908,75.714,74.888,75.289,3689
2026-06-18T11:00:00+00:00,75.289,75.517,75.074,75.499,2445
2026-06-18T11:30:00+00:00,75.499,75.604,75.092,75.428,2088
2026-06-18T12:00:00+00:00,75.428,75.503,74.932,75.203,2350
2026-06-18T12:30:00+00:00,75.203,75.334,74.937,75.052,2126
2026-06-18T13:00:00+00:00,75.052,75.273,74.252,74.792,6068
2026-06-18T13:30:00+00:00,74.792,74.808,73.623,73.742,7025
2026-06-18T14:00:00+00:00,73.742,74.038,73.557,73.878,5585
2026-06-18T14:30:00+00:00,73.878,74.252,73.857,74.087,4094
2026-06-18T15:00:00+00:00,74.087,74.559,73.718,74.453,5544
2026-06-18T15:30:00+00:00,74.453,74.803,74.407,74.709,4959
2026-06-18T16:00:00+00:00,74.709,75.099,74.573,74.663,4089
2026-06-18T16:30:00+00:00,74.663,75.313,74.487,75.149,3614
2026-06-18T17:00:00+00:00,75.149,75.363,74.987,75.328,3540
2026-06-18T17:30:00+00:00,75.328,75.544,75.072,75.358,4216
2026-06-18T18:00:00+00:00,75.358,76.779,75.342,76.578,9375
2026-06-18T18:30:00+00:00,76.578,76.849,76.517,76.612,2451
2026-06-18T19:00:00+00:00,76.612,76.902,76.612,76.842,1754
2026-06-18T19:30:00+00:00,76.842,76.899,76.482,76.873,1597
2026-06-18T20:00:00+00:00,76.873,76.977,76.373,76.542,882
2026-06-18T20:30:00+00:00,76.542,76.597,76.392,76.573,784
2026-06-18T22:00:00+00:00,76.573,77.013,76.342,76.643,182
2026-06-18T22:30:00+00:00,76.643,76.743,76.212,76.342,326
2026-06-18T23:00:00+00:00,76.342,76.408,75.902,75.912,304
2026-06-18T23:30:00+00:00,75.912,76.174,75.862,76.162,170
2026-06-19T00:00:00+00:00,76.162,76.162,75.752,75.863,989
2026-06-19T00:30:00+00:00,75.863,75.964,75.802,75.813,244
2026-06-19T01:00:00+00:00,75.813,76.408,75.712,76.114,841
2026-06-19T01:30:00+00:00,76.114,76.434,76.093,76.392,1164
2026-06-19T02:00:00+00:00,76.392,76.56400000000001,76.303,76.342,1027
2026-06-19T02:30:00+00:00,76.342,76.404,76.242,76.323,513
2026-06-19T03:00:00+00:00,76.323,76.544,76.242,76.293,630
2026-06-19T03:30:00+00:00,76.293,76.324,75.922,75.983,793
2026-06-19T04:00:00+00:00,75.983,76.263,75.912,76.224,800
2026-06-19T04:30:00+00:00,76.224,76.644,76.182,76.382,1186
2026-06-19T05:00:00+00:00,76.382,77.31400000000001,76.372,76.974,1204
2026-06-19T05:30:00+00:00,76.974,77.264,76.972,77.053,622
2026-06-19T06:00:00+00:00,77.053,78.022,77.052,77.363,1770
2026-06-19T06:30:00+00:00,77.363,77.774,77.122,77.213,1106
2026-06-19T07:00:00+00:00,77.213,77.554,77.212,77.463,640
2026-06-19T07:30:00+00:00,77.463,77.797,77.462,77.523,1223
2026-06-19T08:00:00+00:00,77.523,78.202,77.522,77.742,3832
2026-06-19T08:30:00+00:00,77.742,78.364,77.742,78.162,2951
2026-06-19T09:00:00+00:00,78.162,78.162,76.682,76.794,1680
2026-06-19T09:30:00+00:00,76.794,77.154,76.544,77.113,2600
2026-06-19T10:00:00+00:00,77.113,77.124,76.642,76.732,2387
2026-06-19T10:30:00+00:00,76.732,77.324,76.473,76.672,3026
2026-06-19T11:00:00+00:00,76.672,77.274,76.512,76.872,3126
2026-06-19T11:30:00+00:00,76.872,77.143,76.582,76.842,2397
2026-06-19T12:00:00+00:00,76.842,77.489,76.822,77.034,1882
2026-06-19T12:30:00+00:00,77.034,77.477,75.942,75.993,7428
2026-06-19T13:00:00+00:00,75.993,76.544,75.892,76.383,4721
2026-06-19T13:30:00+00:00,76.383,76.819,76.242,76.692,3517
2026-06-19T14:00:00+00:00,76.692,76.884,76.612,76.81400000000001,2492
2026-06-19T14:30:00+00:00,76.81400000000001,76.944,76.642,76.873,2200
2026-06-19T15:00:00+00:00,76.873,77.149,76.822,77.124,3777
2026-06-19T15:30:00+00:00,77.124,77.404,77.092,77.334,2979
2026-06-19T16:00:00+00:00,77.334,77.534,77.212,77.274,1931
2026-06-19T16:30:00+00:00,77.274,77.539,77.222,77.323,2018
2026-06-21T22:00:00+00:00,77.323,77.979,77.312,77.614,2519
2026-06-21T22:30:00+00:00,77.614,77.637,77.198,77.458,1106
2026-06-21T23:00:00+00:00,77.458,77.729,77.437,77.712,968
2026-06-21T23:30:00+00:00,77.712,77.839,77.588,77.667,1008
2026-06-22T00:00:00+00:00,77.667,77.799,77.119,77.238,1538
2026-06-22T00:30:00+00:00,77.238,77.679,76.909,76.992,1781
2026-06-22T01:00:00+00:00,76.992,76.998,75.637,75.714,6276
2026-06-22T01:30:00+00:00,75.714,75.804,75.479,75.748,2614
2026-06-22T02:00:00+00:00,75.748,75.762,75.392,75.463,1559
2026-06-22T02:30:00+00:00,75.463,75.463,74.998,75.312,1923
2026-06-22T03:00:00+00:00,75.312,75.758,75.283,75.749,1436
2026-06-22T03:30:00+00:00,75.749,75.838,75.537,75.622,886
2026-06-22T04:00:00+00:00,75.622,75.694,75.474,75.577,633
2026-06-22T04:30:00+00:00,75.577,75.577,75.388,75.393,650
2026-06-22T05:00:00+00:00,75.393,75.399,75.062,75.062,912
2026-06-22T05:30:00+00:00,75.062,75.394,75.007,75.279,1898
2026-06-22T06:00:00+00:00,75.279,75.357,74.884,75.127,2104
2026-06-22T06:30:00+00:00,75.127,75.458,75.082,75.322,2181
2026-06-22T07:00:00+00:00,75.322,75.534,75.178,75.432,2335
2026-06-22T07:30:00+00:00,75.432,75.994,75.357,75.617,3037
2026-06-22T08:00:00+00:00,75.617,76.177,75.337,75.398,6479
2026-06-22T08:30:00+00:00,75.398,75.668,75.077,75.214,3407
2026-06-22T09:00:00+00:00,75.214,75.459,75.079,75.284,2473
2026-06-22T09:30:00+00:00,75.284,75.464,75.093,75.333,2424
2026-06-22T10:00:00+00:00,75.333,75.414,75.168,75.354,2029
2026-06-22T10:30:00+00:00,75.354,75.454,75.239,75.317,1831
2026-06-22T11:00:00+00:00,75.317,75.453,74.619,75.404,4399
2026-06-22T11:30:00+00:00,75.404,75.43900000000001,74.897,74.994,2781
2026-06-22T12:00:00+00:00,74.994,75.067,74.489,74.588,3229
2026-06-22T12:30:00+00:00,74.588,74.799,74.407,74.509,3229
2026-06-22T13:00:00+00:00,74.509,75.037,74.124,74.217,6575
2026-06-22T13:30:00+00:00,74.217,74.279,73.492,73.742,6959
2026-06-22T14:00:00+00:00,73.742,73.958,73.498,73.848,4779
2026-06-22T14:30:00+00:00,73.848,74.299,73.827,73.994,4676
2026-06-22T15:00:00+00:00,73.994,74.019,73.253,73.613,6091
2026-06-22T15:30:00+00:00,73.613,73.739,73.217,73.383,4272
2026-06-22T16:00:00+00:00,73.383,73.693,73.352,73.643,2241
2026-06-22T16:30:00+00:00,73.643,73.808,73.532,73.559,2481
2026-06-22T17:00:00+00:00,73.559,73.699,73.427,73.512,1784
2026-06-22T17:30:00+00:00,73.512,73.734,73.274,73.312,2393
2026-06-22T18:00:00+00:00,73.312,73.909,73.309,73.883,3969
2026-06-22T18:30:00+00:00,73.883,74.039,73.657,73.993,1587
2026-06-22T19:00:00+00:00,73.993,74.209,73.982,74.184,1126
2026-06-22T19:30:00+00:00,74.184,74.339,74.157,74.263,915
2026-06-22T20:00:00+00:00,74.263,74.278,73.972,74.007,755
2026-06-22T20:30:00+00:00,74.007,74.089,73.957,74.048,621
2026-06-22T22:00:00+00:00,74.048,74.229,74.013,74.213,433
2026-06-22T22:30:00+00:00,74.213,74.417,74.202,74.304,278
2026-06-22T23:00:00+00:00,74.304,74.304,74.087,74.142,241
2026-06-22T23:30:00+00:00,74.142,74.193,74.082,74.153,153
2026-06-23T00:00:00+00:00,74.153,74.257,74.042,74.113,702
2026-06-23T00:30:00+00:00,74.113,74.223,73.982,74.184,759
2026-06-23T01:00:00+00:00,74.184,74.258,73.773,74.162,2107
2026-06-23T01:30:00+00:00,74.162,74.238,73.888,73.907,1065
2026-06-23T02:00:00+00:00,73.907,74.067,73.758,74.042,852
2026-06-23T02:30:00+00:00,74.042,74.287,73.897,73.902,1367
2026-06-23T03:00:00+00:00,73.902,73.903,73.577,73.602,1854
2026-06-23T03:30:00+00:00,73.602,73.739,73.558,73.614,590
2026-06-23T04:00:00+00:00,73.614,73.737,73.582,73.608,381
2026-06-23T04:30:00+00:00,73.608,73.762,73.557,73.722,711
2026-06-23T05:00:00+00:00,73.722,73.769,73.522,73.569,571
2026-06-23T05:30:00+00:00,73.569,73.584,72.999,73.077,2185
2026-06-23T06:00:00+00:00,73.077,73.169,72.827,72.848,2662
2026-06-23T06:30:00+00:00,72.848,73.129,72.537,72.908,2786
2026-06-23T07:00:00+00:00,72.908,72.972,72.478,72.514,2390
2026-06-23T07:30:00+00:00,72.514,73.198,72.484,73.164,2857
2026-06-23T08:00:00+00:00,73.164,73.679,73.149,73.623,4609
2026-06-23T08:30:00+00:00,73.623,73.843,73.387,73.432,2750
2026-06-23T09:00:00+00:00,73.432,73.652,73.204,73.209,2349
2026-06-23T09:30:00+00:00,73.209,73.588,73.158,73.499,1918
2026-06-23T10:00:00+00:00,73.499,73.744,73.347,73.703,1998
2026-06-23T10:30:00+00:00,73.703,73.944,73.578,73.884,2189
2026-06-23T11:00:00+00:00,73.884,73.978,73.482,73.777,2411
2026-06-23T11:30:00+00:00,73.777,74.052,73.629,73.833,2393
2026-06-23T12:00:00+00:00,73.833,73.877,73.208,73.283,2604
2026-06-23T12:30:00+00:00,73.283,73.619,73.193,73.593,2451
2026-06-23T13:00:00+00:00,73.593,73.709,72.977,73.062,3922
2026-06-23T13:30:00+00:00,73.062,73.288,72.863,72.968,4648
2026-06-23T14:00:00+00:00,72.968,72.994,72.507,72.589,3739
2026-06-23T14:30:00+00:00,72.589,73.374,72.578,73.148,6469
2026-06-23T15:00:00+00:00,73.148,73.469,72.997,73.104,4541
2026-06-23T15:30:00+00:00,73.104,73.208,72.707,72.983,3392
2026-06-23T16:00:00+00:00,72.983,73.234,72.978,73.073,1925
2026-06-23T16:30:00+00:00,73.073,73.084,72.808,72.954,1730
2026-06-23T17:00:00+00:00,72.954,73.288,72.954,73.233,2117
2026-06-23T17:30:00+00:00,73.233,73.299,72.977,73.018,2376
2026-06-23T18:00:00+00:00,73.018,73.409,73.018,73.253,3786
2026-06-23T18:30:00+00:00,73.253,73.387,73.148,73.338,1193
2026-06-23T19:00:00+00:00,73.338,73.407,73.209,73.348,711
2026-06-23T19:30:00+00:00,73.348,73.404,73.252,73.302,788
2026-06-23T20:00:00+00:00,73.302,73.498,73.267,73.289,536
2026-06-23T20:30:00+00:00,73.289,73.327,73.008,73.034,779
2026-06-23T22:00:00+00:00,73.034,73.138,73.027,73.109,291
2026-06-23T22:30:00+00:00,73.109,73.127,72.874,72.927,266
2026-06-23T23:00:00+00:00,72.927,72.954,72.832,72.853,262
2026-06-23T23:30:00+00:00,72.853,72.879,72.627,72.678,430
2026-06-24T00:00:00+00:00,72.678,72.93900000000001,72.643,72.872,1038
2026-06-24T00:30:00+00:00,72.872,72.872,72.732,72.808,603
2026-06-24T01:00:00+00:00,72.808,73.009,72.327,73.009,2403
2026-06-24T01:30:00+00:00,73.009,73.039,72.567,72.657,1461
2026-06-24T02:00:00+00:00,72.657,72.888,72.637,72.743,822
2026-06-24T02:30:00+00:00,72.743,72.743,72.142,72.168,1586
2026-06-24T03:00:00+00:00,72.168,72.429,72.047,72.364,1287
2026-06-24T03:30:00+00:00,72.364,72.457,72.323,72.409,449
2026-06-24T04:00:00+00:00,72.409,72.757,72.409,72.657,568
2026-06-24T04:30:00+00:00,72.657,72.694,72.577,72.648,352
2026-06-24T05:00:00+00:00,72.648,72.764,72.572,72.642,546
2026-06-24T05:30:00+00:00,72.642,72.719,72.419,72.472,1409
2026-06-24T06:00:00+00:00,72.472,73.157,72.467,72.642,2938
2026-06-24T06:30:00+00:00,72.642,72.654,72.437,72.583,2317
2026-06-24T07:00:00+00:00,72.583,72.617,72.068,72.193,2625
2026-06-24T07:30:00+00:00,72.193,72.329,71.907,71.938,2703
2026-06-24T08:00:00+00:00,71.938,72.049,71.737,71.764,4759
2026-06-24T08:30:00+00:00,71.764,72.103,71.677,72.033,3153
2026-06-24T09:00:00+00:00,72.033,72.078,71.532,71.688,3286
2026-06-24T09:30:00+00:00,71.688,72.129,71.673,71.972,3112
2026-06-24T10:00:00+00:00,71.972,72.264,71.858,71.987,2528
2026-06-24T10:30:00+00:00,71.987,72.133,71.702,71.807,2056
2026-06-24T11:00:00+00:00,71.807,71.879,71.373,71.442,2342
2026-06-24T11:30:00+00:00,71.442,71.718,70.903,70.927,4447
2026-06-24T12:00:00+00:00,70.927,71.148,70.822,71.082,3858
2026-06-24T12:30:00+00:00,71.082,71.184,70.917,71.014,2998
2026-06-24T13:00:00+00:00,71.014,71.049,70.007,70.037,6995
2026-06-24T13:30:00+00:00,70.037,70.259,69.662,69.754,7622
2026-06-24T14:00:00+00:00,69.754,70.359,69.623,70.142,5689
2026-06-24T14:30:00+00:00,70.142,70.239,69.707,69.849,4860
2026-06-24T15:00:00+00:00,69.849,70.044,69.668,70.002,5162
2026-06-24T15:30:00+00:00,70.002,70.567,69.893,70.468,4427
2026-06-24T16:00:00+00:00,70.468,70.68900000000001,70.259,70.622,2590
2026-06-24T16:30:00+00:00,70.622,70.924,70.438,70.507,2493
2026-06-24T17:00:00+00:00,70.507,70.639,70.117,70.198,2162
2026-06-24T17:30:00+00:00,70.198,70.494,70.032,70.459,2329
2026-06-24T18:00:00+00:00,70.459,70.499,70.112,70.403,3252
2026-06-24T18:30:00+00:00,70.403,70.429,69.897,69.938,1978
2026-06-24T19:00:00+00:00,69.938,70.074,69.883,70.057,1125
2026-06-24T19:30:00+00:00,70.057,70.113,69.948,70.022,838
2026-06-24T20:00:00+00:00,70.022,70.027,69.757,69.837,776
2026-06-24T20:30:00+00:00,69.837,69.888,69.777,69.859,620
2026-06-24T22:00:00+00:00,69.859,69.874,69.702,69.828,347
2026-06-24T22:30:00+00:00,69.828,69.902,69.783,69.864,165
2026-06-24T23:00:00+00:00,69.864,69.954,69.847,69.947,183
2026-06-24T23:30:00+00:00,69.947,69.999,69.877,69.994,214
2026-06-25T00:00:00+00:00,69.994,70.138,69.927,70.093,653
2026-06-25T00:30:00+00:00,70.093,70.199,69.927,69.979,543
2026-06-25T01:00:00+00:00,69.979,70.049,69.323,69.407,3188
2026-06-25T01:30:00+00:00,69.407,69.428,69.107,69.334,2316
2026-06-25T02:00:00+00:00,69.334,69.369,69.044,69.149,1439
2026-06-25T02:30:00+00:00,69.149,69.479,69.102,69.358,1745
2026-06-25T03:00:00+00:00,69.358,69.409,69.044,69.148,1636
2026-06-25T03:30:00+00:00,69.148,69.318,69.137,69.302,565
2026-06-25T04:00:00+00:00,69.302,69.407,69.242,69.343,618
2026-06-25T04:30:00+00:00,69.343,69.539,69.317,69.473,549
2026-06-25T05:00:00+00:00,69.473,69.489,69.347,69.484,489
2026-06-25T05:30:00+00:00,69.484,69.598,69.193,69.348,1860
2026-06-25T06:00:00+00:00,69.348,69.749,69.222,69.727,2396
2026-06-25T06:30:00+00:00,69.727,69.809,69.394,69.569,2479
2026-06-25T07:00:00+00:00,69.569,69.989,69.393,69.688,2681
2026-06-25T07:30:00+00:00,69.688,70.038,69.568,69.942,2286
2026-06-25T08:00:00+00:00,69.942,70.049,69.408,69.473,4862
2026-06-25T08:30:00+00:00,69.473,69.679,69.022,69.198,4321
2026-06-25T09:00:00+00:00,69.198,69.639,68.889,69.367,3820
2026-06-25T09:30:00+00:00,69.367,69.588,69.31400000000001,69.569,2580
2026-06-25T10:00:00+00:00,69.569,69.639,69.407,69.517,1880
2026-06-25T10:30:00+00:00,69.517,69.648,69.352,69.397,1676
2026-06-25T11:00:00+00:00,69.452,69.679,69.252,69.677,1958
2026-06-25T11:30:00+00:00,69.677,69.929,69.643,69.782,1963
2026-06-25T12:00:00+00:00,69.782,69.919,69.577,69.892,2394
2026-06-25T12:30:00+00:00,69.892,69.93900000000001,69.307,69.533,3677
2026-06-25T13:00:00+00:00,69.533,70.169,69.437,69.857,4966
2026-06-25T13:30:00+00:00,69.857,70.449,69.737,70.434,5132
2026-06-25T14:00:00+00:00,70.434,70.967,70.342,70.928,4997
2026-06-25T14:30:00+00:00,70.928,70.93900000000001,70.532,70.798,4848
2026-06-25T15:00:00+00:00,70.798,71.748,70.743,71.338,7659
2026-06-25T15:30:00+00:00,71.338,71.502,71.197,71.418,3971
2026-06-25T16:00:00+00:00,71.418,71.674,71.418,71.588,2943
2026-06-25T16:30:00+00:00,71.588,71.659,71.392,71.534,2231
2026-06-25T17:00:00+00:00,71.534,71.818,71.279,71.504,2754
2026-06-25T17:30:00+00:00,71.504,71.774,71.422,71.763,2691
2026-06-25T18:00:00+00:00,71.763,72.019,71.707,71.952,4785
2026-06-25T18:30:00+00:00,71.952,72.218,71.942,72.109,3104
2026-06-25T19:00:00+00:00,72.109,72.478,72.102,72.277,1645
2026-06-25T19:30:00+00:00,72.277,72.289,71.882,72.022,1933
2026-06-25T20:00:00+00:00,72.022,72.169,71.763,71.763,797
2026-06-25T20:30:00+00:00,71.763,71.799,71.367,71.449,1374
2026-06-25T22:00:00+00:00,71.449,71.543,71.263,71.343,361
2026-06-25T22:30:00+00:00,71.343,71.504,71.327,71.492,159
2026-06-25T23:00:00+00:00,71.492,71.522,71.423,71.492,229
2026-06-25T23:30:00+00:00,71.492,71.544,71.443,71.509,167
2026-06-26T00:00:00+00:00,71.509,71.803,71.419,71.677,1039
2026-06-26T00:30:00+00:00,71.677,71.794,71.537,71.778,540
2026-06-26T01:00:00+00:00,71.778,71.818,71.438,71.552,2436
2026-06-26T01:30:00+00:00,71.552,71.563,71.203,71.222,1280
2026-06-26T02:00:00+00:00,71.222,71.279,71.124,71.167,1008
2026-06-26T02:30:00+00:00,71.167,71.169,70.773,70.798,1536
2026-06-26T03:00:00+00:00,70.798,70.813,70.512,70.659,1418
2026-06-26T03:30:00+00:00,70.659,70.724,70.469,70.56400000000001,580
2026-06-26T04:00:00+00:00,70.56400000000001,70.627,70.407,70.459,706
2026-06-26T04:30:00+00:00,70.459,70.518,70.369,70.388,547
2026-06-26T05:00:00+00:00,70.388,70.493,70.323,70.468,743
2026-06-26T05:30:00+00:00,70.468,70.918,70.372,70.864,1791
2026-06-26T06:00:00+00:00,70.864,70.894,70.613,70.657,1694
2026-06-26T06:30:00+00:00,70.657,70.657,70.327,70.472,2172
2026-06-26T07:00:00+00:00,70.472,70.519,70.187,70.187,2554
2026-06-26T07:30:00+00:00,70.187,70.388,69.807,69.857,2299
2026-06-26T08:00:00+00:00,69.857,70.154,69.009,69.104,6672
2026-06-26T08:30:00+00:00,69.104,69.469,68.964,69.278,4187
2026-06-26T09:00:00+00:00,69.278,69.498,69.188,69.328,2748
2026-06-26T09:30:00+00:00,69.328,69.457,68.997,69.059,2616
2026-06-26T10:00:00+00:00,69.059,69.399,68.947,69.279,2534
2026-06-26T10:30:00+00:00,69.279,69.573,69.079,69.504,2399
2026-06-26T11:00:00+00:00,69.504,69.779,69.487,69.709,2642
2026-06-26T11:30:00+00:00,69.709,70.324,69.677,70.067,2664
2026-06-26T12:00:00+00:00,70.067,70.099,69.607,69.679,2991
2026-06-26T12:30:00+00:00,69.679,69.714,69.343,69.358,3180
2026-06-26T13:00:00+00:00,69.358,70.514,69.323,69.728,10010
2026-06-26T13:30:00+00:00,69.728,69.93900000000001,69.172,69.384,6849
2026-06-26T14:00:00+00:00,69.384,69.504,68.908,69.163,5136
2026-06-26T14:30:00+00:00,69.163,69.254,68.817,69.199,5748
2026-06-26T15:00:00+00:00,69.199,69.237,68.539,68.728,6513
2026-06-26T15:30:00+00:00,68.728,69.498,68.633,69.072,6785
2026-06-26T16:00:00+00:00,69.072,69.218,68.917,68.992,3738
2026-06-26T16:30:00+00:00,68.992,69.343,68.834,69.293,2867
2026-06-26T17:00:00+00:00,69.293,69.308,69.022,69.298,2013
2026-06-26T17:30:00+00:00,69.298,69.499,69.214,69.247,2349
2026-06-26T18:00:00+00:00,69.247,69.367,69.092,69.228,3983
2026-06-26T18:30:00+00:00,69.228,69.229,69.049,69.107,1420
2026-06-26T19:00:00+00:00,69.107,69.218,68.997,69.177,963
2026-06-26T19:30:00+00:00,69.177,69.594,69.177,69.493,1484
2026-06-26T20:00:00+00:00,69.493,69.539,69.352,69.534,963
2026-06-26T20:30:00+00:00,69.534,70.229,69.528,69.834,3095
2026-06-28T22:00:00+00:00,69.834,70.413,69.772,70.338,2026
2026-06-28T22:30:00+00:00,70.338,70.363,70.008,70.017,533
2026-06-28T23:00:00+00:00,70.017,70.077,69.818,69.847,521
2026-06-28T23:30:00+00:00,69.847,69.913,69.637,69.739,561
2026-06-29T00:00:00+00:00,69.739,69.783,69.312,69.764,1409
2026-06-29T00:30:00+00:00,69.764,70.029,69.727,69.827,989
2026-06-29T01:00:00+00:00,69.827,70.254,69.733,70.102,2873
2026-06-29T01:30:00+00:00,70.102,70.18900000000001,69.93900000000001,69.979,1551
2026-06-29T02:00:00+00:00,69.979,70.094,69.932,70.007,929
2026-06-29T02:30:00+00:00,70.007,70.074,69.757,69.934,1382
2026-06-29T03:00:00+00:00,69.934,70.073,69.877,69.988,980
2026-06-29T03:30:00+00:00,69.988,70.078,69.897,70.032,533
2026-06-29T04:00:00+00:00,70.032,70.109,69.987,70.012,412
2026-06-29T04:30:00+00:00,70.012,70.029,69.928,69.934,451
2026-06-29T05:00:00+00:00,69.934,69.959,69.653,69.744,835
2026-06-29T05:30:00+00:00,69.744,69.767,69.418,69.474,2126
2026-06-29T06:00:00+00:00,69.474,70.068,69.447,70.052,2121
2026-06-29T06:30:00+00:00,70.052,70.274,69.839,69.934,2135
2026-06-29T07:00:00+00:00,69.934,69.984,69.743,69.929,2100
2026-06-29T07:30:00+00:00,69.929,69.992,69.462,69.507,2099
2026-06-29T08:00:00+00:00,69.507,70.214,69.473,70.139,3728
2026-06-29T08:30:00+00:00,70.139,70.257,69.902,70.114,2903
2026-06-29T09:00:00+00:00,70.114,70.339,69.892,70.309,2443
2026-06-29T09:30:00+00:00,70.309,70.707,70.277,70.579,2810
2026-06-29T10:00:00+00:00,70.579,70.597,69.838,69.974,2398
2026-06-29T10:30:00+00:00,69.974,70.097,69.778,69.834,1798
2026-06-29T11:00:00+00:00,69.834,70.017,69.662,69.992,1791
2026-06-29T11:30:00+00:00,69.992,70.059,69.602,69.954,2664
2026-06-29T12:00:00+00:00,69.954,70.119,69.677,70.107,2318
2026-06-29T12:30:00+00:00,70.107,70.158,69.807,70.013,2660
2026-06-29T13:00:00+00:00,70.013,70.269,69.867,70.243,4482
2026-06-29T13:30:00+00:00,70.243,70.289,69.953,70.063,3856
2026-06-29T14:00:00+00:00,70.063,70.444,69.93900000000001,70.408,5057
2026-06-29T14:30:00+00:00,70.408,70.569,70.262,70.458,3196
2026-06-29T15:00:00+00:00,70.458,70.519,70.247,70.447,3585
2026-06-29T15:30:00+00:00,70.447,70.68900000000001,70.388,70.577,2291
2026-06-29T16:00:00+00:00,70.577,70.817,70.529,70.799,1779
2026-06-29T16:30:00+00:00,70.799,71.018,70.749,70.788,1900
2026-06-29T17:00:00+00:00,70.788,71.127,70.657,70.879,2069
2026-06-29T17:30:00+00:00,70.879,70.999,70.813,70.884,1984
2026-06-29T18:00:00+00:00,70.884,70.988,70.458,70.804,3613
2026-06-29T18:30:00+00:00,70.804,70.823,70.427,70.444,1214
2026-06-29T19:00:00+00:00,70.444,70.529,70.387,70.399,589
2026-06-29T19:30:00+00:00,70.399,70.529,70.348,70.509,700
2026-06-29T20:00:00+00:00,70.509,70.559,70.449,70.458,309
2026-06-29T20:30:00+00:00,70.458,70.583,70.399,70.412,488
2026-06-29T22:00:00+00:00,70.412,70.458,70.228,70.359,227
2026-06-29T22:30:00+00:00,70.359,70.368,70.242,70.259,149
2026-06-29T23:00:00+00:00,70.259,70.297,70.174,70.283,188
2026-06-29T23:30:00+00:00,70.283,70.284,70.123,70.123,212
2026-06-30T00:00:00+00:00,70.123,70.387,70.123,70.334,710
2026-06-30T00:30:00+00:00,70.334,70.334,70.178,70.278,561
2026-06-30T01:00:00+00:00,70.278,70.397,70.097,70.182,1841
2026-06-30T01:30:00+00:00,70.182,70.379,70.124,70.317,1203
2026-06-30T02:00:00+00:00,70.317,70.457,70.269,70.418,729
2026-06-30T02:30:00+00:00,70.418,70.843,70.332,70.662,1404
2026-06-30T03:00:00+00:00,70.662,70.713,70.444,70.464,1015
2026-06-30T03:30:00+00:00,70.464,70.583,70.287,70.364,557
2026-06-30T04:00:00+00:00,70.364,70.462,70.257,70.262,395
2026-06-30T04:30:00+00:00,70.262,70.307,70.187,70.203,375
2026-06-30T05:00:00+00:00,70.203,70.219,69.908,70.202,883
2026-06-30T05:30:00+00:00,70.202,70.353,70.057,70.092,1511
2026-06-30T06:00:00+00:00,70.092,70.123,69.792,69.81400000000001,2087
2026-06-30T06:30:00+00:00,69.81400000000001,70.187,69.738,70.112,1767
2026-06-30T07:00:00+00:00,70.112,70.414,70.077,70.312,2078
2026-06-30T07:30:00+00:00,70.312,70.404,70.137,70.248,2220
2026-06-30T08:00:00+00:00,70.248,70.757,70.132,70.488,4226
2026-06-30T08:30:00+00:00,70.488,70.853,70.367,70.517,3957
2026-06-30T09:00:00+00:00,70.517,70.779,70.447,70.68900000000001,3479
2026-06-30T09:30:00+00:00,70.68900000000001,71.024,70.653,71.008,2578
2026-06-30T10:00:00+00:00,71.008,71.158,70.649,70.679,2312
2026-06-30T10:30:00+00:00,70.679,70.899,70.523,70.678,1958
2026-06-30T11:00:00+00:00,70.678,70.787,70.517,70.742,2971
2026-06-30T11:30:00+00:00,70.742,71.18900000000001,70.694,71.137,2379
2026-06-30T12:00:00+00:00,71.137,71.538,71.017,71.207,3118
2026-06-30T12:30:00+00:00,71.207,71.219,70.807,70.953,2684
2026-06-30T13:00:00+00:00,70.953,71.548,70.829,71.207,6687
2026-06-30T13:30:00+00:00,71.207,71.212,70.687,70.882,4103
2026-06-30T14:00:00+00:00,70.882,70.957,70.538,70.798,3835
2026-06-30T14:30:00+00:00,70.798,70.874,70.317,70.412,4518
2026-06-30T15:00:00+00:00,70.412,70.428,69.994,70.038,5026
2026-06-30T15:30:00+00:00,70.038,70.169,69.698,69.754,3164
2026-06-30T16:00:00+00:00,69.754,70.148,69.737,69.972,2388
2026-06-30T16:30:00+00:00,69.972,69.978,69.738,69.784,1804
2026-06-30T17:00:00+00:00,69.784,69.879,69.547,69.647,2189
2026-06-30T17:30:00+00:00,69.647,69.749,69.552,69.669,1778
2026-06-30T18:00:00+00:00,69.669,69.713,69.209,69.497,3712
2026-06-30T18:30:00+00:00,69.497,70.019,69.487,69.958,1694
2026-06-30T19:00:00+00:00,69.958,70.06400000000001,69.884,70.002,860
2026-06-30T19:30:00+00:00,70.002,70.134,70.002,70.068,935
2026-06-30T20:00:00+00:00,70.068,70.149,70.007,70.059,708
2026-06-30T20:30:00+00:00,70.059,70.094,69.962,70.033,861
2026-06-30T22:00:00+00:00,70.033,70.084,69.878,69.923,164
2026-06-30T22:30:00+00:00,69.923,69.977,69.897,69.968,93
2026-06-30T23:00:00+00:00,69.968,70.054,69.893,70.004,113
2026-06-30T23:30:00+00:00,70.004,70.104,69.942,70.099,184
2026-07-01T00:00:00+00:00,70.099,70.168,69.962,69.978,652
2026-07-01T00:30:00+00:00,69.978,70.099,69.977,70.098,434
2026-07-01T01:00:00+00:00,70.098,70.134,69.817,69.919,1776
2026-07-01T01:30:00+00:00,69.919,69.964,69.643,69.762,1293
2026-07-01T02:00:00+00:00,69.762,69.848,69.667,69.754,722
2026-07-01T02:30:00+00:00,69.754,69.869,69.718,69.784,939
2026-07-01T03:00:00+00:00,69.784,69.859,69.748,69.757,664
2026-07-01T03:30:00+00:00,69.757,69.858,69.743,69.792,309
2026-07-01T04:00:00+00:00,69.792,69.834,69.717,69.754,193
2026-07-01T04:30:00+00:00,69.754,69.759,69.658,69.709,316
2026-07-01T05:00:00+00:00,69.709,69.849,69.687,69.749,331
2026-07-01T05:30:00+00:00,69.749,69.769,69.557,69.577,1024
2026-07-01T06:00:00+00:00,69.577,69.678,69.428,69.513,1366
2026-07-01T06:30:00+00:00,69.513,69.619,69.419,69.569,1585
2026-07-01T07:00:00+00:00,69.569,69.704,69.307,69.368,1873
2026-07-01T07:30:00+00:00,69.368,69.504,69.157,69.343,1727
2026-07-01T08:00:00+00:00,69.343,69.427,68.897,68.918,3385
2026-07-01T08:30:00+00:00,68.918,68.997,68.279,68.332,4158
2026-07-01T09:00:00+00:00,68.332,68.539,68.208,68.448,3025
2026-07-01T09:30:00+00:00,68.448,68.779,68.422,68.772,2534
2026-07-01T10:00:00+00:00,68.772,68.998,68.667,68.738,2641
2026-07-01T10:30:00+00:00,68.738,68.927,68.588,68.833,2116
2026-07-01T11:00:00+00:00,68.833,69.033,68.704,68.963,2200
2026-07-01T11:30:00+00:00,68.963,69.158,68.858,69.122,2011
2026-07-01T12:00:00+00:00,69.122,69.169,68.758,68.874,2751
2026-07-01T12:30:00+00:00,68.874,68.909,68.637,68.749,2889
2026-07-01T13:00:00+00:00,68.749,69.228,68.749,68.869,5149
2026-07-01T13:30:00+00:00,68.869,69.138,68.737,69.057,4377
2026-07-01T14:00:00+00:00,69.057,69.102,68.698,68.789,3947
2026-07-01T14:30:00+00:00,68.789,68.864,68.147,68.173,5761
2026-07-01T15:00:00+00:00,68.173,68.544,68.052,68.102,5451
2026-07-01T15:30:00+00:00,68.102,68.369,68.057,68.142,3926
2026-07-01T16:00:00+00:00,68.142,68.279,68.017,68.18900000000001,2544
2026-07-01T16:30:00+00:00,68.18900000000001,68.458,68.102,68.262,2291
2026-07-01T17:00:00+00:00,68.262,68.389,68.127,68.383,1897
2026-07-01T17:30:00+00:00,68.383,68.399,68.117,68.278,1810
2026-07-01T18:00:00+00:00,68.278,68.708,68.247,68.673,2808
2026-07-01T18:30:00+00:00,68.673,68.712,68.267,68.278,1393
2026-07-01T19:00:00+00:00,68.278,68.337,68.182,68.259,857
2026-07-01T19:30:00+00:00,68.259,68.259,67.907,68.009,1277
2026-07-01T20:00:00+00:00,68.009,68.128,67.937,68.107,621
2026-07-01T20:30:00+00:00,68.107,68.124,68.028,68.077,583
2026-07-01T22:00:00+00:00,68.077,68.143,67.942,67.954,193
2026-07-01T22:30:00+00:00,67.954,68.059,67.954,68.003,116
2026-07-01T23:00:00+00:00,68.003,68.028,67.937,68.024,106
2026-07-01T23:30:00+00:00,68.024,68.038,67.947,67.974,135
2026-07-02T00:00:00+00:00,67.974,68.118,67.714,67.852,906
2026-07-02T00:30:00+00:00,67.852,67.909,67.709,67.877,585
2026-07-02T01:00:00+00:00,67.877,67.928,67.587,67.604,2190
2026-07-02T01:30:00+00:00,67.604,67.829,67.577,67.788,920
2026-07-02T02:00:00+00:00,67.788,67.963,67.622,67.823,815
2026-07-02T02:30:00+00:00,67.823,67.879,67.638,67.68900000000001,838
2026-07-02T03:00:00+00:00,67.68900000000001,67.754,67.553,67.618,890
2026-07-02T03:30:00+00:00,67.618,67.763,67.607,67.693,701
2026-07-02T04:00:00+00:00,67.693,67.828,67.693,67.808,221
2026-07-02T04:30:00+00:00,67.808,67.899,67.789,67.883,322
2026-07-02T05:00:00+00:00,67.883,67.903,67.808,67.853,271
2026-07-02T05:30:00+00:00,67.853,67.894,67.702,67.864,1223
2026-07-02T06:00:00+00:00,67.864,67.969,67.658,67.952,1751
2026-07-02T06:30:00+00:00,67.952,67.974,67.497,67.533,1926
2026-07-02T07:00:00+00:00,67.533,68.048,67.438,67.938,2321
2026-07-02T07:30:00+00:00,67.938,68.223,67.872,67.927,2491
2026-07-02T08:00:00+00:00,67.927,68.224,67.857,68.133,4033
2026-07-02T08:30:00+00:00,68.133,68.219,67.767,67.864,2673
2026-07-02T09:00:00+00:00,67.864,67.878,67.467,67.473,2313
2026-07-02T09:30:00+00:00,67.473,67.649,67.304,67.493,2058
2026-07-02T10:00:00+00:00,67.493,67.679,67.442,67.623,1809
2026-07-02T10:30:00+00:00,67.623,67.678,67.407,67.43900000000001,1516
2026-07-02T11:00:00+00:00,67.43900000000001,67.597,67.223,67.282,1858
2026-07-02T11:30:00+00:00,67.282,67.308,67.029,67.163,1979
2026-07-02T12:00:00+00:00,67.163,67.337,67.088,67.319,1915
2026-07-02T12:30:00+00:00,67.319,67.654,67.237,67.554,3540
2026-07-02T13:00:00+00:00,67.554,67.729,67.447,67.699,4190
2026-07-02T13:30:00+00:00,67.699,68.077,67.617,67.754,4113
2026-07-02T14:00:00+00:00,67.754,67.828,67.512,67.599,3656
2026-07-02T14:30:00+00:00,67.599,67.829,67.557,67.724,3298
2026-07-02T15:00:00+00:00,67.724,67.869,67.448,67.698,4528
2026-07-02T15:30:00+00:00,67.698,67.719,67.418,67.712,2805
2026-07-02T16:00:00+00:00,67.712,68.198,67.659,68.097,3453
2026-07-02T16:30:00+00:00,68.097,68.268,67.967,68.109,1830
2026-07-02T17:00:00+00:00,68.109,68.329,68.068,68.309,1595
2026-07-02T17:30:00+00:00,68.309,68.499,68.272,68.467,2300
2026-07-02T18:00:00+00:00,68.467,68.789,68.329,68.658,4149
2026-07-02T18:30:00+00:00,68.658,68.699,68.422,68.428,1068
2026-07-02T19:00:00+00:00,68.428,68.524,68.397,68.444,746
2026-07-02T19:30:00+00:00,68.444,68.533,68.407,68.464,484
2026-07-02T20:00:00+00:00,68.464,68.507,68.418,68.463,361
2026-07-02T20:30:00+00:00,68.463,68.494,68.417,68.452,266
2026-07-02T22:00:00+00:00,68.452,68.527,68.393,68.478,157
2026-07-02T22:30:00+00:00,68.478,68.509,68.449,68.473,66
2026-07-02T23:00:00+00:00,68.473,68.478,68.383,68.449,92
2026-07-02T23:30:00+00:00,68.449,68.469,68.367,68.372,66
2026-07-03T00:00:00+00:00,68.372,68.419,68.319,68.379,455
2026-07-03T00:30:00+00:00,68.379,68.514,68.342,68.418,378
2026-07-03T01:00:00+00:00,68.418,68.582,68.294,68.524,2001
2026-07-03T01:30:00+00:00,68.524,68.914,68.512,68.882,1774
2026-07-03T02:00:00+00:00,68.882,68.987,68.864,68.927,906
2026-07-03T02:30:00+00:00,68.927,69.118,68.807,68.882,1764
2026-07-03T03:00:00+00:00,68.882,69.149,68.868,69.072,994
2026-07-03T03:30:00+00:00,69.072,69.083,68.957,69.003,491
2026-07-03T04:00:00+00:00,69.003,69.028,68.953,68.997,213
2026-07-03T04:30:00+00:00,68.997,69.073,68.944,68.959,398
2026-07-03T05:00:00+00:00,68.959,69.079,68.957,68.978,414
2026-07-03T05:30:00+00:00,68.978,69.224,68.977,69.179,1106
2026-07-03T06:00:00+00:00,69.179,69.244,68.882,68.922,1350
2026-07-03T06:30:00+00:00,68.922,69.089,68.879,68.923,1383
2026-07-03T07:00:00+00:00,68.923,68.983,68.532,68.554,1829
2026-07-03T07:30:00+00:00,68.554,68.697,68.397,68.497,1680
2026-07-03T08:00:00+00:00,68.497,68.719,68.123,68.253,3751
2026-07-03T08:30:00+00:00,68.253,68.778,68.152,68.753,3019
2026-07-03T09:00:00+00:00,68.753,68.828,68.467,68.714,2417
2026-07-03T09:30:00+00:00,68.714,68.749,68.519,68.654,1634
2026-07-03T10:00:00+00:00,68.654,68.713,68.473,68.547,1730
2026-07-03T10:30:00+00:00,68.547,68.668,68.393,68.592,1427
2026-07-03T11:00:00+00:00,68.592,68.698,68.398,68.484,1508
2026-07-03T11:30:00+00:00,68.484,68.504,68.337,68.378,1414
2026-07-03T12:00:00+00:00,68.378,68.399,68.147,68.283,1805
2026-07-03T12:30:00+00:00,68.283,68.289,68.058,68.237,1511
2026-07-03T13:00:00+00:00,68.237,68.658,68.202,68.618,3447
2026-07-03T13:30:00+00:00,68.618,68.749,68.523,68.738,2265
2026-07-03T14:00:00+00:00,68.777,68.924,68.557,68.643,2347
2026-07-03T14:30:00+00:00,68.643,68.817,68.559,68.607,2245
2026-07-03T15:00:00+00:00,68.607,68.652,68.347,68.528,3078
2026-07-03T15:30:00+00:00,68.528,68.778,68.427,68.742,1803
2026-07-03T16:00:00+00:00,68.742,68.794,68.598,68.684,1225
2026-07-03T16:30:00+00:00,68.684,68.764,68.573,68.758,1313
2026-07-05T22:00:00+00:00,68.758,68.758,68.309,68.367,583
2026-07-05T22:30:00+00:00,68.367,68.403,68.287,68.297,205
2026-07-05T23:00:00+00:00,68.297,68.418,68.258,68.273,258
2026-07-05T23:30:00+00:00,68.273,68.308,68.207,68.227,256
2026-07-06T00:00:00+00:00,68.227,68.597,68.202,68.322,740
2026-07-06T00:30:00+00:00,68.322,68.379,68.219,68.219,491
2026-07-06T01:00:00+00:00,68.219,68.699,68.139,68.573,2034
2026-07-06T01:30:00+00:00,68.573,68.884,68.387,68.854,1532
2026-07-06T02:00:00+00:00,68.854,69.144,68.827,69.074,1130
2026-07-06T02:30:00+00:00,69.074,69.098,68.507,68.567,1505
2026-07-06T03:00:00+00:00,68.567,68.577,68.358,68.489,1113
2026-07-06T03:30:00+00:00,68.489,68.539,68.347,68.414,417
2026-07-06T04:00:00+00:00,68.414,68.613,68.388,68.583,458
2026-07-06T04:30:00+00:00,68.583,68.658,68.527,68.589,483
2026-07-06T05:00:00+00:00,68.589,68.743,68.562,68.698,563
2026-07-06T05:30:00+00:00,68.698,68.869,68.658,68.843,969
2026-07-06T06:00:00+00:00,68.843,69.199,68.817,68.898,1779
2026-07-06T06:30:00+00:00,68.898,68.948,68.692,68.743,1366
2026-07-06T07:00:00+00:00,68.743,68.759,68.388,68.517,1924
2026-07-06T07:30:00+00:00,68.517,68.517,67.807,67.917,2879
2026-07-06T08:00:00+00:00,67.917,68.273,67.877,68.062,3755
2026-07-06T08:30:00+00:00,68.062,68.549,68.028,68.183,2618
2026-07-06T09:00:00+00:00,68.183,68.539,68.178,68.283,1937
2026-07-06T09:30:00+00:00,68.283,68.514,68.087,68.297,1980
2026-07-06T10:00:00+00:00,68.297,68.427,68.087,68.277,2008
2026-07-06T10:30:00+00:00,68.277,68.667,68.072,68.573,2002
2026-07-06T11:00:00+00:00,68.573,68.744,68.519,68.568,1728
2026-07-06T11:30:00+00:00,68.568,68.638,68.302,68.628,1209
2026-07-06T12:00:00+00:00,68.628,68.729,68.129,68.178,2625
2026-07-06T12:30:00+00:00,68.178,68.364,68.172,68.274,2011
2026-07-06T13:00:00+00:00,68.274,68.842,68.052,68.824,4289
2026-07-06T13:30:00+00:00,68.824,68.938,68.448,68.687,3167
2026-07-06T14:00:00+00:00,68.687,68.929,68.432,68.884,3122
2026-07-06T14:30:00+00:00,68.884,69.109,68.683,68.744,3555
2026-07-06T15:00:00+00:00,68.744,68.919,68.563,68.859,3304
2026-07-06T15:30:00+00:00,68.859,69.019,68.672,68.717,2335
2026-07-06T16:00:00+00:00,68.717,68.793,68.327,68.339,1783
2026-07-06T16:30:00+00:00,68.339,68.398,68.213,68.287,1584
2026-07-06T17:00:00+00:00,68.287,68.479,68.193,68.398,1103
2026-07-06T17:30:00+00:00,68.398,68.568,68.367,68.512,1524
2026-07-06T18:00:00+00:00,68.512,68.599,68.424,68.533,1669
2026-07-06T18:30:00+00:00,68.533,68.579,68.338,68.523,890
2026-07-06T19:00:00+00:00,68.523,68.724,68.519,68.699,576
2026-07-06T19:30:00+00:00,68.699,68.749,68.638,68.668,549
2026-07-06T20:00:00+00:00,68.668,68.68900000000001,68.597,68.653,277
2026-07-06T20:30:00+00:00,68.653,68.733,68.577,68.584,264
2026-07-06T22:00:00+00:00,68.584,68.679,68.584,68.659,133.16670289067594
2026-07-06T22:30:00+00:00,68.659,68.733,68.652,68.732,86
2026-07-06T23:00:00+00:00,68.732,68.889,68.637,68.783,186
2026-07-06T23:30:00+00:00,68.783,68.809,68.728,68.733,112
2026-07-07T00:00:00+00:00,68.733,68.897,68.692,68.749,598
2026-07-07T00:30:00+00:00,68.749,68.874,68.697,68.859,452
2026-07-07T01:00:00+00:00,68.859,68.929,68.607,68.743,1111
2026-07-07T01:30:00+00:00,68.743,69.074,68.717,69.052,880
2026-07-07T02:00:00+00:00,69.052,69.249,68.977,69.197,821
2026-07-07T02:30:00+00:00,69.197,69.293,68.948,68.974,904
2026-07-07T03:00:00+00:00,68.974,69.198,68.947,69.038,699
2026-07-07T03:30:00+00:00,69.038,69.049,68.827,68.922,789
2026-07-07T04:00:00+00:00,68.922,68.992,68.897,68.977,411
2026-07-07T04:30:00+00:00,68.977,69.009,68.937,68.954,295
2026-07-07T05:00:00+00:00,68.954,69.213,68.942,69.177,639
2026-07-07T05:30:00+00:00,69.177,69.409,69.112,69.347,1214
2026-07-07T06:00:00+00:00,69.347,69.418,69.177,69.227,1509
2026-07-07T06:30:00+00:00,69.227,69.467,69.182,69.428,1478
2026-07-07T07:00:00+00:00,69.428,69.527,69.289,69.457,2248
2026-07-07T07:30:00+00:00,69.457,69.609,69.287,69.324,2392
2026-07-07T08:00:00+00:00,69.324,69.424,69.032,69.038,3503
2026-07-07T08:30:00+00:00,69.038,69.529,68.947,69.339,3206
2026-07-07T09:00:00+00:00,69.339,69.727,69.162,69.277,2990
2026-07-07T09:30:00+00:00,69.277,69.397,69.038,69.259,2190
2026-07-07T10:00:00+00:00,69.259,69.259,69.062,69.153,1829
2026-07-07T10:30:00+00:00,69.153,69.394,69.039,69.373,1803
2026-07-07T11:00:00+00:00,69.373,69.449,69.059,69.069,1948
2026-07-07T11:30:00+00:00,69.069,69.204,68.924,69.012,1818
2026-07-07T12:00:00+00:00,69.012,69.089,68.868,69.014,2064
2026-07-07T12:30:00+00:00,69.014,69.317,68.907,69.118,2351
2026-07-07T13:00:00+00:00,69.118,69.799,69.097,69.583,5174
2026-07-07T13:30:00+00:00,69.583,70.057,69.467,70.017,5616
2026-07-07T14:00:00+00:00,70.017,70.499,69.762,70.227,6797
2026-07-07T14:30:00+00:00,70.227,70.394,69.957,70.214,3810
2026-07-07T15:00:00+00:00,70.214,70.469,70.133,70.194,4019
2026-07-07T15:30:00+00:00,70.194,70.538,70.067,70.317,2918
2026-07-07T16:00:00+00:00,70.317,70.557,70.287,70.493,2113
2026-07-07T16:30:00+00:00,70.493,70.507,70.312,70.423,1529
2026-07-07T17:00:00+00:00,70.423,70.644,70.328,70.574,1835
2026-07-07T17:30:00+00:00,70.574,70.698,70.317,70.409,1382
2026-07-07T18:00:00+00:00,70.409,70.569,70.338,70.469,2578
2026-07-07T18:30:00+00:00,70.469,71.432,70.31400000000001,71.427,4639
2026-07-07T19:00:00+00:00,71.427,72.489,71.398,72.199,8140
2026-07-07T19:30:00+00:00,72.199,72.298,71.743,71.872,3804
2026-07-07T20:00:00+00:00,71.872,72.098,71.863,72.058,1316
2026-07-07T20:30:00+00:00,72.058,72.294,72.052,72.194,1079
2026-07-07T22:00:00+00:00,72.194,72.408,72.042,72.362,943.8358347997101
2026-07-07T22:30:00+00:00,72.362,72.439,72.298,72.413,329
2026-07-07T23:00:00+00:00,72.413,72.439,72.228,72.394,383
2026-07-07T23:30:00+00:00,72.394,72.449,72.207,72.369,444
2026-07-08T00:00:00+00:00,72.369,72.659,72.30799999999999,72.504,1452
2026-07-08T00:30:00+00:00,72.504,72.509,71.913,71.938,1495
2026-07-08T01:00:00+00:00,71.938,72.079,71.699,71.769,3332
2026-07-08T01:30:00+00:00,71.769,72.119,71.732,72.087,2142
2026-07-08T02:00:00+00:00,72.087,72.522,71.962,72.392,1507
2026-07-08T02:30:00+00:00,72.392,72.428,72.042,72.208,1634
2026-07-08T03:00:00+00:00,72.208,72.353,72.17399999999999,72.178,1329
2026-07-08T03:30:00+00:00,72.178,72.279,72.117,72.218,813
2026-07-08T04:00:00+00:00,72.218,72.344,72.197,72.207,574
2026-07-08T04:30:00+00:00,72.207,72.318,72.157,72.313,592
2026-07-08T05:00:00+00:00,72.313,72.864,72.30799999999999,72.689,1403
2026-07-08T05:30:00+00:00,72.689,72.769,72.283,72.722,2410
2026-07-08T06:00:00+00:00,72.722,72.878,72.54899999999999,72.618,3251
2026-07-08T06:30:00+00:00,72.618,72.794,72.507,72.522,2899
2026-07-08T07:00:00+00:00,72.522,72.809,71.962,71.979,4152
2026-07-08T07:30:00+00:00,71.979,72.04899999999999,71.772,72.018,3126
2026-07-08T08:00:00+00:00,72.018,74.219,71.878,73.988,14354
2026-07-08T08:30:00+00:00,73.988,74.869,73.91199999999999,74.804,11056
2026-07-08T09:00:00+00:00,74.804,75.257,74.718,74.818,7378
2026-07-08T09:30:00+00:00,74.818,75.019,74.397,74.853,6016
2026-07-08T10:00:00+00:00,74.853,74.92399999999999,74.152,74.163,4654
2026-07-08T10:30:00+00:00,74.163,74.187,73.769,74.097,5417
2026-07-08T11:00:00+00:00,74.097,74.377,73.908,74.249,3513
2026-07-08T11:30:00+00:00,74.249,74.528,73.413,74.033,7673
2026-07-08T12:00:00+00:00,74.033,74.29299999999999,73.367,73.413,6185
2026-07-08T12:30:00+00:00,73.413,73.838,73.083,73.794,7498
2026-07-08T13:00:00+00:00,73.794,74.247,73.573,74.192,10772
2026-07-08T13:30:00+00:00,74.192,74.257,73.273,73.709,7673
2026-07-08T14:00:00+00:00,73.709,75.452,73.697,75.452,9225
2026-07-08T14:30:00+00:00,75.452,75.743,75.057,75.263,11233
2026-07-08T15:00:00+00:00,75.263,75.79299999999999,75.197,75.244,10848
2026-07-08T15:30:00+00:00,75.244,76.029,75.207,75.797,6962
2026-07-08T16:00:00+00:00,75.797,75.934,74.857,75.017,7261
2026-07-08T16:30:00+00:00,75.017,75.244,74.329,74.528,10236
2026-07-08T17:00:00+00:00,74.528,74.583,73.762,73.80199999999999,5197
2026-07-08T17:30:00+00:00,73.80199999999999,73.929,73.497,73.732,5078
2026-07-08T18:00:00+00:00,73.732,73.757,73.387,73.483,5750
2026-07-08T18:30:00+00:00,73.483,73.79299999999999,73.298,73.55799999999999,3269
2026-07-08T19:00:00+00:00,73.55799999999999,73.67699999999999,73.448,73.579,1653
2026-07-08T19:30:00+00:00,73.579,74.264,73.54299999999999,74.019,3099
2026-07-08T20:00:00+00:00,74.019,74.758,74.008,74.562,2702
2026-07-08T20:30:00+00:00,74.562,75.004,74.453,74.732,2280
2026-07-08T22:00:00+00:00,74.732,74.789,74.459,74.499,546.3640735360417
2026-07-08T22:30:00+00:00,74.499,74.619,74.232,74.512,607
2026-07-08T23:00:00+00:00,74.492,74.549,74.41300000000001,74.44500000000001,209.86431358637816
2026-07-08T23:30:00+00:00,74.44500000000001,74.479,74.385,74.45,223
2026-07-09T00:00:00+00:00,74.45,74.494,74.10900000000001,74.19500000000001,1265
2026-07-09T00:30:00+00:00,74.19500000000001,74.36,73.99000000000001,74.004,1072
2026-07-09T01:00:00+00:00,74.004,74.58800000000001,73.858,74.38000000000001,3068
2026-07-09T01:30:00+00:00,74.38000000000001,74.384,74.08,74.093,1427
2026-07-09T02:00:00+00:00,74.093,74.31,73.964,74.229,1383
2026-07-09T02:30:00+00:00,74.229,74.65,74.229,74.50800000000001,1725
2026-07-09T03:00:00+00:00,74.50800000000001,74.57900000000001,74.239,74.393,1328
2026-07-09T03:30:00+00:00,74.393,74.4,74.153,74.25500000000001,867
2026-07-09T04:00:00+00:00,74.25500000000001,74.4,74.238,74.378,395
2026-07-09T04:30:00+00:00,74.378,74.38900000000001,74.22800000000001,74.334,529
2026-07-09T05:00:00+00:00,74.334,74.52300000000001,73.98400000000001,74.29,1784
2026-07-09T05:30:00+00:00,74.29,74.29,72.989,73.055,4656
2026-07-09T06:00:00+00:00,73.055,73.509,72.998,73.33,3808
2026-07-09T06:30:00+00:00,73.33,73.37,73.164,73.30000000000001,2416
2026-07-09T07:00:00+00:00,73.30000000000001,73.71900000000001,73.128,73.193,3357
2026-07-09T07:30:00+00:00,73.193,73.22800000000001,72.53,72.748,5076
2026-07-09T08:00:00+00:00,72.748,72.89,72.38900000000001,72.479,5165
2026-07-09T08:30:00+00:00,72.479,73.03800000000001,72.363,73.018,3828
2026-07-09T09:00:00+00:00,73.018,73.224,72.95400000000001,73.18400000000001,3028
2026-07-09T09:30:00+00:00,73.18400000000001,73.65,73.078,73.494,3422
2026-07-09T10:00:00+00:00,73.494,73.81400000000001,73.393,73.783,2897
2026-07-09T10:30:00+00:00,73.783,74.608,73.58800000000001,74.23400000000001,4604
2026-07-09T11:00:00+00:00,74.23400000000001,74.28,73.864,74.048,3971
2026-07-09T11:30:00+00:00,74.048,74.215,73.828,73.94500000000001,3089
2026-07-09T12:00:00+00:00,73.94500000000001,74.10000000000001,73.60300000000001,73.828,3359
2026-07-09T12:30:00+00:00,73.828,74.098,73.649,73.9,3761
2026-07-09T13:00:00+00:00,73.9,73.99000000000001,72.918,73.158,6896
2026-07-09T13:30:00+00:00,73.158,73.23,72.608,72.64800000000001,6345
2026-07-09T14:00:00+00:00,72.64800000000001,72.905,72.43900000000001,72.67800000000001,4918
2026-07-09T14:30:00+00:00,72.67800000000001,73.05300000000001,72.15400000000001,72.293,6033
2026-07-09T15:00:00+00:00,72.293,72.519,72.05300000000001,72.16300000000001,5420
2026-07-09T15:30:00+00:00,72.16300000000001,72.41900000000001,71.80000000000001,72.12,4471
2026-07-09T16:00:00+00:00,72.12,72.26,71.89,71.973,3409
2026-07-09T16:30:00+00:00,71.973,72.11,71.63000000000001,71.924,3568
2026-07-09T17:00:00+00:00,71.924,72.099,71.763,71.793,2243
2026-07-09T17:30:00+00:00,71.793,71.87,71.408,71.51,2769
2026-07-09T18:00:00+00:00,71.51,72.18400000000001,71.41000000000001,72.075,4927
2026-07-09T18:30:00+00:00,72.075,72.129,71.548,71.58800000000001,2603
2026-07-09T19:00:00+00:00,71.58800000000001,71.673,71.418,71.673,1312
2026-07-09T19:30:00+00:00,71.673,71.87,71.66000000000001,71.869,912
2026-07-09T20:00:00+00:00,71.869,71.915,71.608,71.805,731
2026-07-09T20:30:00+00:00,71.805,71.89,71.72,71.804,677
2026-07-09T22:00:00+00:00,71.804,71.854,71.318,71.755,652.8433540037746
2026-07-09T22:30:00+00:00,71.755,71.875,71.74799999999999,71.835,207
2026-07-09T23:00:00+00:00,71.835,71.895,71.75399999999999,71.869,240
2026-07-09T23:30:00+00:00,71.869,71.955,71.813,71.925,202
2026-07-10T00:00:00+00:00,71.925,72.005,71.78,71.84299999999999,1092
2026-07-10T00:30:00+00:00,71.84299999999999,72.02499999999999,71.84299999999999,71.985,641
2026-07-10T01:00:00+00:00,71.985,72.185,71.779,72.109,2097
2026-07-10T01:30:00+00:00,72.109,72.195,72.023,72.154,1525
2026-07-10T02:00:00+00:00,72.154,72.3,72.09899999999999,72.29299999999999,906
2026-07-10T02:30:00+00:00,72.29299999999999,72.428,72.203,72.36399999999999,1066
2026-07-10T03:00:00+00:00,72.36399999999999,72.395,72.185,72.294,838
2026-07-10T03:30:00+00:00,72.294,72.41499999999999,72.223,72.41499999999999,699
2026-07-10T04:00:00+00:00,72.41499999999999,72.569,72.35799999999999,72.46,542
2026-07-10T04:30:00+00:00,72.46,72.473,72.188,72.29899999999999,777
2026-07-10T05:00:00+00:00,72.29899999999999,72.43299999999999,72.283,72.304,663
2026-07-10T05:30:00+00:00,72.304,72.405,71.984,72.17399999999999,1431
2026-07-10T06:00:00+00:00,72.17399999999999,72.195,71.753,71.893,2163
2026-07-10T06:30:00+00:00,71.893,72.274,71.884,72.054,2019
2026-07-10T07:00:00+00:00,72.054,72.098,71.46799999999999,71.59899999999999,3474
2026-07-10T07:30:00+00:00,71.59899999999999,71.669,71.314,71.579,3267
2026-07-10T08:00:00+00:00,71.579,71.66499999999999,71.18299999999999,71.634,5709
2026-07-10T08:30:00+00:00,71.634,72.19,71.63,71.898,4448
2026-07-10T09:00:00+00:00,71.898,72.068,71.523,71.64999999999999,3372
2026-07-10T09:30:00+00:00,71.64999999999999,71.955,71.548,71.86399999999999,2575
2026-07-10T10:00:00+00:00,71.86399999999999,72.08,71.80799999999999,71.984,2356
2026-07-10T10:30:00+00:00,71.984,72.30499999999999,71.913,72.255,2015
2026-07-10T11:00:00+00:00,72.255,72.52499999999999,72.154,72.49499999999999,2984
2026-07-10T11:30:00+00:00,72.49499999999999,72.845,72.454,72.734,3018
2026-07-10T12:00:00+00:00,72.734,72.848,71.478,72.053,7291
2026-07-10T12:30:00+00:00,72.053,72.35499999999999,71.92399999999999,71.958,3703
2026-07-10T13:00:00+00:00,71.958,72.395,71.88,72.11399999999999,4204
2026-07-10T13:30:00+00:00,72.11399999999999,72.19,71.51899999999999,71.59899999999999,5593
2026-07-10T14:00:00+00:00,71.59899999999999,71.87299999999999,71.538,71.734,3889
2026-07-10T14:30:00+00:00,71.734,73.125,71.473,71.944,12041
2026-07-10T15:00:00+00:00,71.944,71.945,71.154,71.333,7316
2026-07-10T15:30:00+00:00,71.333,71.435,70.78399999999999,71.015,5127
2026-07-10T16:00:00+00:00,71.015,71.505,71.008,71.253,3874
2026-07-10T16:30:00+00:00,71.253,71.324,71.018,71.094,2475
2026-07-10T17:00:00+00:00,71.094,71.42,71.04899999999999,71.27,2342
2026-07-10T17:30:00+00:00,71.27,71.404,71.12799999999999,71.28399999999999,2665.1476133172882
2026-07-10T18:00:00+00:00,71.28399999999999,71.51499999999999,71.073,71.40899999999999,4382
2026-07-10T18:30:00+00:00,71.40899999999999,71.609,71.36299999999999,71.58899999999998,1456
2026-07-10T19:00:00+00:00,71.58899999999998,71.70299999999999,71.49999999999999,71.61299999999999,738
2026-07-10T19:30:00+00:00,71.61299999999999,71.69,71.443,71.56899999999999,985
2026-07-10T20:00:00+00:00,71.56899999999999,71.594,71.493,71.56299999999999,508
2026-07-10T20:30:00+00:00,71.56299999999999,71.65299999999999,71.505,71.52499999999999,233
2026-07-12T22:00:00+00:00,71.52499999999999,74.199,71.484,73.68299999999999,2999.300143662283
2026-07-12T22:30:00+00:00,73.68299999999999,73.77,73.578,73.699,711
2026-07-12T23:00:00+00:00,73.699,73.755,73.62899999999999,73.744,477
2026-07-12T23:30:00+00:00,73.744,73.88499999999999,73.66799999999999,73.77799999999999,632
2026-07-13T00:00:00+00:00,73.77799999999999,74.175,73.72999999999999,73.92399999999999,1005
2026-07-13T00:30:00+00:00,73.92399999999999,74.493,73.908,74.274,1783
2026-07-13T01:00:00+00:00,74.274,74.575,74.185,74.313,4071
2026-07-13T01:30:00+00:00,74.313,74.655,74.313,74.395,2312
2026-07-13T02:00:00+00:00,74.395,74.6,74.279,74.494,1923
2026-07-13T02:30:00+00:00,74.494,74.524,74.113,74.25999999999999,2443
2026-07-13T03:00:00+00:00,74.25999999999999,74.454,74.244,74.318,1163
2026-07-13T03:30:00+00:00,74.318,74.384,74.133,74.298,1320
2026-07-13T04:00:00+00:00,74.298,74.404,74.283,74.354,588
2026-07-13T04:30:00+00:00,74.354,74.56,74.33,74.538,550
2026-07-13T05:00:00+00:00,74.538,74.714,74.48299999999999,74.704,926
2026-07-13T05:30:00+00:00,74.704,75.084,74.624,74.708,2805
2026-07-13T06:00:00+00:00,74.708,74.725,74.26299999999999,74.33,2615
2026-07-13T06:30:00+00:00,74.33,74.365,74.005,74.07,2728
2026-07-13T07:00:00+00:00,74.07,74.235,73.938,74.103,2378
2026-07-13T07:30:00+00:00,74.103,74.235,73.68299999999999,74.015,2949
2026-07-13T08:00:00+00:00,74.015,74.05499999999999,73.103,73.229,5948
2026-07-13T08:30:00+00:00,73.229,73.535,72.768,73.065,3904
2026-07-13T09:00:00+00:00,73.065,73.175,72.658,72.87899999999999,3404
2026-07-13T09:30:00+00:00,72.87899999999999,73.199,72.62299999999999,73.134,3347
2026-07-13T10:00:00+00:00,73.134,73.725,73.12299999999999,73.703,3836
2026-07-13T10:30:00+00:00,73.703,73.95,73.645,73.82,3120
2026-07-13T11:00:00+00:00,73.82,74.053,73.59899999999999,73.795,4003
2026-07-13T11:30:00+00:00,73.795,73.964,73.689,73.823,2740
2026-07-13T12:00:00+00:00,73.823,74.154,73.648,74.113,4080
2026-07-13T12:30:00+00:00,74.113,74.47399999999999,73.783,73.78999999999999,4388
2026-07-13T13:00:00+00:00,73.78999999999999,74.039,73.448,73.655,4499
2026-07-13T13:30:00+00:00,73.655,74.11399999999999,73.615,73.743,4825
2026-07-13T14:00:00+00:00,73.743,75.22,73.51899999999999,74.8,13179
2026-07-13T14:30:00+00:00,74.8,74.834,74.163,74.508,6772
2026-07-13T15:00:00+00:00,74.508,74.99499999999999,74.41799999999999,74.52499999999999,6367
2026-07-13T15:30:00+00:00,74.52499999999999,74.875,74.469,74.85499999999999,4512
2026-07-13T16:00:00+00:00,74.85499999999999,75.19,74.78399999999999,75.119,3701
2026-07-13T16:30:00+00:00,75.119,75.965,74.988,75.75,5989
2026-07-13T17:00:00+00:00,75.75,76.04899999999999,75.40299999999999,76.005,4940
2026-07-13T17:30:00+00:00,76.005,77.68299999999999,75.955,77.609,7731
2026-07-13T18:00:00+00:00,77.609,78.465,77.393,78.14999999999999,13077
2026-07-13T18:30:00+00:00,78.14999999999999,78.40299999999999,77.493,77.649,6441
2026-07-13T19:00:00+00:00,77.649,77.824,77.48299999999999,77.76299999999999,2893
2026-07-13T19:30:00+00:00,77.76299999999999,77.985,77.62299999999999,77.66799999999999,3095
2026-07-13T20:00:00+00:00,77.66799999999999,78.58,77.64999999999999,78.164,3369
2026-07-13T20:30:00+00:00,78.164,78.36,77.93299999999999,78.038,2182
2026-07-13T22:00:00+00:00,78.038,78.259,77.94800000000001,78.18,848.1774923773446
2026-07-13T22:30:00+00:00,78.18,79.129,78.158,79.10000000000001,909
2026-07-13T23:00:00+00:00,79.10000000000001,79.183,78.643,79.003,1032
2026-07-13T23:30:00+00:00,79.003,79.62400000000001,79.003,79.018,2071
2026-07-14T00:00:00+00:00,79.018,80.46400000000001,78.623,80.17800000000001,8603
2026-07-14T00:30:00+00:00,80.17800000000001,80.27000000000001,79.739,79.894,4428
2026-07-14T01:00:00+00:00,79.894,79.99000000000001,79.13000000000001,79.52000000000001,10235
2026-07-14T01:30:00+00:00,79.52000000000001,79.635,79.233,79.58300000000001,4964
2026-07-14T02:00:00+00:00,79.58300000000001,79.62,79.15400000000001,79.23800000000001,4337
2026-07-14T02:30:00+00:00,79.23800000000001,79.655,78.965,79.569,4883
2026-07-14T03:00:00+00:00,79.569,80.09500000000001,79.518,79.84800000000001,3690
2026-07-14T03:30:00+00:00,79.84800000000001,80.10400000000001,79.46900000000001,79.664,3124
2026-07-14T04:00:00+00:00,79.664,79.85000000000001,79.47800000000001,79.665,2021
2026-07-14T04:30:00+00:00,79.665,79.95800000000001,79.60900000000001,79.82400000000001,1664
2026-07-14T05:00:00+00:00,79.82400000000001,79.93900000000001,79.688,79.72800000000001,1508
2026-07-14T05:30:00+00:00,79.72800000000001,79.73,78.88300000000001,79.41300000000001,6365
2026-07-14T06:00:00+00:00,79.41300000000001,80.355,79.358,80.25800000000001,4759
2026-07-14T06:30:00+00:00,80.25800000000001,80.63000000000001,80.019,80.48500000000001,6352
2026-07-14T07:00:00+00:00,80.48500000000001,80.68,80.01400000000001,80.474,7363
2026-07-14T07:30:00+00:00,80.474,80.97900000000001,80.128,80.42500000000001,8625
2026-07-14T08:00:00+00:00,80.42500000000001,81.16300000000001,80.00800000000001,80.40400000000001,11807
2026-07-14T08:30:00+00:00,80.40400000000001,81.09800000000001,80.34800000000001,81.07000000000001,8525
2026-07-14T09:00:00+00:00,81.07000000000001,81.29,80.078,80.718,8986
2026-07-14T09:30:00+00:00,80.718,80.73800000000001,80.19800000000001,80.623,5842
2026-07-14T10:00:00+00:00,80.623,81.11500000000001,80.55300000000001,80.92,5148
2026-07-14T10:30:00+00:00,80.92,81.32000000000001,80.34400000000001,80.94900000000001,6699
2026-07-14T11:00:00+00:00,80.94900000000001,81.09500000000001,79.97500000000001,80.024,6775
2026-07-14T11:30:00+00:00,80.024,80.024,79.51400000000001,79.59,7228
2026-07-14T12:00:00+00:00,79.59,80.2,79.518,80.10400000000001,6022
2026-07-14T12:30:00+00:00,80.10400000000001,80.93,79.784,80.74400000000001,9371
2026-07-14T13:00:00+00:00,80.74400000000001,81.009,79.884,80.08000000000001,11701
2026-07-14T13:30:00+00:00,80.08000000000001,80.569,79.634,79.974,13363
2026-07-14T14:00:00+00:00,79.974,80.04,79.36000000000001,79.465,11516
2026-07-14T14:30:00+00:00,79.465,79.555,78.16900000000001,78.88300000000001,13606
2026-07-14T15:00:00+00:00,78.88300000000001,79.07900000000001,77.884,78.58900000000001,17675
2026-07-14T15:30:00+00:00,78.58900000000001,79.83000000000001,78.58900000000001,79.525,10814
2026-07-14T16:00:00+00:00,79.525,79.68,78.834,79.405,7734
2026-07-14T16:30:00+00:00,79.405,79.43,79.00800000000001,79.25000000000001,4710
2026-07-14T17:00:00+00:00,79.25000000000001,79.35900000000001,78.84800000000001,79.123,5590
2026-07-14T17:30:00+00:00,79.123,79.21000000000001,78.525,78.77300000000001,5546
2026-07-14T18:00:00+00:00,78.77300000000001,79.44500000000001,78.765,79.438,6107
2026-07-14T18:30:00+00:00,79.438,79.86900000000001,79.36800000000001,79.683,4384
2026-07-14T19:00:00+00:00,79.683,79.85000000000001,79.52900000000001,79.635,2759
2026-07-14T19:30:00+00:00,79.635,80.00000000000001,79.62500000000001,79.73400000000001,3412
2026-07-14T20:00:00+00:00,79.73400000000001,80.055,79.72500000000001,79.99000000000001,1466
2026-07-14T20:30:00+00:00,79.99000000000001,80.32000000000001,79.84500000000001,79.873,3855
2026-07-14T22:00:00+00:00,79.873,80.283,79.83300000000001,79.92,859.1152783772119
2026-07-14T22:30:00+00:00,79.92,80.045,79.87400000000001,79.959,320
2026-07-14T23:00:00+00:00,79.959,80.009,79.73,79.798,258
2026-07-14T23:30:00+00:00,79.798,79.97000000000001,79.789,79.893,362
2026-07-15T00:00:00+00:00,79.893,80.36900000000001,79.65400000000001,80.304,1941
2026-07-15T00:30:00+00:00,80.304,80.63000000000001,80.24000000000001,80.25000000000001,1591
2026-07-15T01:00:00+00:00,80.25000000000001,80.25500000000001,79.81400000000001,80.11500000000001,4165
2026-07-15T01:30:00+00:00,80.11500000000001,80.29400000000001,79.94300000000001,80.259,2096
2026-07-15T02:00:00+00:00,80.259,80.42500000000001,80.08500000000001,80.245,1370
2026-07-15T02:30:00+00:00,80.245,80.48,80.194,80.33300000000001,1542
2026-07-15T03:00:00+00:00,80.33300000000001,80.36300000000001,80.11300000000001,80.13900000000001,1411
2026-07-15T03:30:00+00:00,80.13900000000001,80.284,79.86800000000001,79.989,1438
2026-07-15T04:00:00+00:00,79.989,80.12400000000001,79.798,79.899,1167
2026-07-15T04:30:00+00:00,79.899,79.94000000000001,79.70500000000001,79.83000000000001,961
2026-07-15T05:00:00+00:00,79.83000000000001,80.028,79.77300000000001,79.915,1353
2026-07-15T05:30:00+00:00,79.915,79.95400000000001,79.52300000000001,79.75500000000001,3355
2026-07-15T06:00:00+00:00,79.75500000000001,79.915,79.53800000000001,79.754,2699
2026-07-15T06:30:00+00:00,79.754,80.08900000000001,79.60900000000001,80.025,2912
2026-07-15T07:00:00+00:00,80.025,80.54,80.025,80.39,4235
2026-07-15T07:30:00+00:00,80.39,80.668,80.188,80.58900000000001,4433
2026-07-15T08:00:00+00:00,80.58900000000001,80.98500000000001,79.85900000000001,79.89,8264
2026-07-15T08:30:00+00:00,79.89,80.06800000000001,79.39,79.438,6696
2026-07-15T09:00:00+00:00,79.438,80.02900000000001,79.33800000000001,79.98500000000001,4453
2026-07-15T09:30:00+00:00,79.98500000000001,80.21000000000001,79.75800000000001,80.17,3590
2026-07-15T10:00:00+00:00,80.17,80.385,79.98500000000001,80.319,3629
2026-07-15T10:30:00+00:00,80.319,80.35000000000001,79.888,79.914,2912
2026-07-15T11:00:00+00:00,79.914,80.13000000000001,79.77900000000001,79.784,2969
2026-07-15T11:30:00+00:00,79.784,79.953,79.408,79.60300000000001,3645
2026-07-15T12:00:00+00:00,79.60300000000001,79.97500000000001,79.58500000000001,79.89,3586
2026-07-15T12:30:00+00:00,79.89,79.94500000000001,79.643,79.80900000000001,3820
2026-07-15T13:00:00+00:00,79.80900000000001,80.50000000000001,79.63900000000001,80.423,6589
2026-07-15T13:30:00+00:00,80.423,80.44000000000001,79.42800000000001,79.83000000000001,8611
2026-07-15T14:00:00+00:00,79.83000000000001,79.91000000000001,79.283,79.495,6678
2026-07-15T14:30:00+00:00,79.495,79.49900000000001,78.599,78.67800000000001,9758
2026-07-15T15:00:00+00:00,78.67800000000001,79.015,78.36900000000001,78.433,9091
2026-07-15T15:30:00+00:00,78.433,78.92800000000001,78.23400000000001,78.918,7725
2026-07-15T16:00:00+00:00,78.918,79.44000000000001,78.89,79.248,5100
2026-07-15T16:30:00+00:00,79.248,79.77000000000001,78.879,79.53,5115
2026-07-15T17:00:00+00:00,79.53,79.534,79.02300000000001,79.033,4298
2026-07-15T17:30:00+00:00,79.033,79.22000000000001,78.83300000000001,79.024,4603
2026-07-15T18:00:00+00:00,79.024,79.72900000000001,78.87400000000001,79.71400000000001,4574.945136693324
2026-07-15T18:30:00+00:00,79.71400000000001,79.94800000000002,79.66300000000001,79.79500000000002,2998
2026-07-15T19:00:00+00:00,79.79500000000002,79.97300000000001,79.61800000000002,79.94000000000001,1989
2026-07-15T19:30:00+00:00,79.94000000000001,80.73300000000002,79.88800000000002,80.35900000000002,4093
2026-07-15T20:00:00+00:00,80.35900000000002,80.56300000000002,80.22500000000002,80.36000000000001,1241
2026-07-15T20:30:00+00:00,80.36000000000001,80.50900000000001,80.23400000000002,80.29800000000002,917
2026-07-15T22:00:00+00:00,80.29800000000002,80.40500000000002,80.00800000000002,80.38300000000002,496.51660739043945
2026-07-15T22:30:00+00:00,80.38300000000002,80.60500000000002,80.25900000000001,80.32800000000002,504
2026-07-15T23:00:00+00:00,80.32800000000002,80.38400000000001,80.20300000000002,80.22400000000002,259
2026-07-15T23:30:00+00:00,80.22400000000002,80.29500000000002,80.09900000000002,80.152,251
2026-07-16T00:00:00+00:00,80.152,80.158,79.858,79.968,1052
2026-07-16T00:30:00+00:00,79.968,80.204,79.948,80.113,664
2026-07-16T01:00:00+00:00,80.113,80.349,79.997,80.127,2198
2026-07-16T01:30:00+00:00,80.127,80.274,79.932,80.042,1513
2026-07-16T02:00:00+00:00,80.042,80.268,80.032,80.209,910
2026-07-16T02:30:00+00:00,80.209,80.239,79.979,80.018,1584
2026-07-16T03:00:00+00:00,80.018,80.077,79.642,79.688,1632
2026-07-16T03:30:00+00:00,79.688,79.734,79.257,79.528,1610
2026-07-16T04:00:00+00:00,79.528,79.597,79.438,79.487,982
2026-07-16T04:30:00+00:00,79.487,79.503,79.242,79.358,728
2026-07-16T05:00:00+00:00,79.358,79.393,79.217,79.278,944
2026-07-16T05:30:00+00:00,79.278,79.477,79.132,79.389,2316
2026-07-16T06:00:00+00:00,79.389,79.672,79.278,79.563,2811
2026-07-16T06:30:00+00:00,79.563,79.658,79.247,79.397,2756
2026-07-16T07:00:00+00:00,79.397,79.729,79.197,79.667,3592
2026-07-16T07:30:00+00:00,79.667,79.764,79.452,79.534,3167
2026-07-16T08:00:00+00:00,79.534,79.622,79.258,79.394,5099
2026-07-16T08:30:00+00:00,79.394,79.657,79.257,79.302,3650
2026-07-16T09:00:00+00:00,79.302,79.373,78.889,79.074,4304
2026-07-16T09:30:00+00:00,79.074,79.633,79.012,79.538,3508
2026-07-16T10:00:00+00:00,79.538,79.588,79.384,79.557,2400
2026-07-16T10:30:00+00:00,79.557,79.669,79.437,79.609,1818
2026-07-16T11:00:00+00:00,79.609,79.612,79.307,79.364,2486
2026-07-16T11:30:00+00:00,79.364,80.267,79.332,79.658,5041
2026-07-16T12:00:00+00:00,79.658,80.704,79.603,80.417,5218
2026-07-16T12:30:00+00:00,80.417,80.674,80.272,80.483,5474
2026-07-16T13:00:00+00:00,80.483,80.849,80.107,80.138,6735
2026-07-16T13:30:00+00:00,80.138,80.338,79.859,80.064,5370
2026-07-16T14:00:00+00:00,80.064,80.284,79.679,80.024,5111
2026-07-16T14:30:00+00:00,80.024,80.054,79.442,79.562,5455
2026-07-16T15:00:00+00:00,79.562,79.749,79.287,79.503,6284
2026-07-16T15:30:00+00:00,79.503,79.654,79.162,79.327,4474
2026-07-16T16:00:00+00:00,79.327,80.047,79.288,79.419,6887
2026-07-16T16:30:00+00:00,79.419,79.434,78.813,78.963,4784
2026-07-16T17:00:00+00:00,78.963,79.234,78.773,78.934,3626
2026-07-16T17:30:00+00:00,78.934,79.102,78.689,78.759,3783
2026-07-16T18:00:00+00:00,78.759,79.053,78.572,78.947,4252
2026-07-16T18:30:00+00:00,78.947,79.059,78.737,78.994,1659
2026-07-16T19:00:00+00:00,78.994,79.078,78.927,78.967,1003
2026-07-16T19:30:00+00:00,78.967,79.152,78.967,79.048,989
2026-07-16T20:00:00+00:00,79.048,79.139,78.847,79.098,782
2026-07-16T20:30:00+00:00,79.098,79.664,79.093,79.553,1281
2026-07-16T22:00:00+00:00,79.553,79.679,79.468,79.579,380.05423955804804
2026-07-16T22:30:00+00:00,79.579,79.658,79.528,79.584,261
2026-07-16T23:00:00+00:00,79.584,79.669,79.544,79.644,202
2026-07-16T23:30:00+00:00,79.644,79.679,79.583,79.654,188
2026-07-17T00:00:00+00:00,79.654,79.654,79.399,79.613,1168
2026-07-17T00:30:00+00:00,79.613,79.769,79.449,79.748,789
2026-07-17T01:00:00+00:00,79.748,80.154,79.637,80.147,1820
2026-07-17T01:30:00+00:00,80.147,80.203,79.738,79.863,1536
2026-07-17T02:00:00+00:00,79.863,79.933,79.732,79.743,784
2026-07-17T02:30:00+00:00,79.743,79.744,79.414,79.682,1801
2026-07-17T03:00:00+00:00,79.682,79.779,79.542,79.737,1039
2026-07-17T03:30:00+00:00,79.737,79.848,79.604,79.837,612
2026-07-17T04:00:00+00:00,79.837,79.943,79.742,79.927,533
2026-07-17T04:30:00+00:00,79.927,79.949,79.763,79.848,388
2026-07-17T05:00:00+00:00,79.848,79.864,79.592,79.642,490
2026-07-17T05:30:00+00:00,79.642,79.779,78.838,79.089,4734
2026-07-17T06:00:00+00:00,79.089,79.174,78.597,79.138,3277
2026-07-17T06:30:00+00:00,79.138,79.587,79.068,79.333,2435
2026-07-17T07:00:00+00:00,79.333,79.824,79.333,79.699,2489
2026-07-17T07:30:00+00:00,79.699,79.759,79.434,79.477,2207
2026-07-17T08:00:00+00:00,79.477,79.824,79.217,79.807,4319
2026-07-17T08:30:00+00:00,79.807,80.038,79.507,80.023,2821
2026-07-17T09:00:00+00:00,80.023,80.538,79.998,80.492,3286
2026-07-17T09:30:00+00:00,80.492,80.639,80.373,80.502,2657
2026-07-17T10:00:00+00:00,80.502,80.824,80.282,80.592,2407
2026-07-17T10:30:00+00:00,80.592,80.789,80.487,80.733,1798
2026-07-17T11:00:00+00:00,80.733,81.044,80.667,80.789,1970
2026-07-17T11:30:00+00:00,80.789,80.909,80.594,80.864,1822
2026-07-17T12:00:00+00:00,80.864,80.974,80.713,80.893,1936
2026-07-17T12:30:00+00:00,80.893,81.079,80.673,80.893,2393
2026-07-17T13:00:00+00:00,80.893,81.654,80.847,81.602,5314
2026-07-17T13:30:00+00:00,81.602,81.909,81.259,81.848,3535
2026-07-17T14:00:00+00:00,81.848,81.964,81.508,81.579,3336
2026-07-17T14:30:00+00:00,81.579,81.579,80.873,80.893,3449
2026-07-17T15:00:00+00:00,80.893,81.264,80.483,81.127,5624
2026-07-17T15:30:00+00:00,81.127,81.568,81.022,81.392,3592
2026-07-17T16:00:00+00:00,81.392,82.238,81.332,82.119,4550
2026-07-17T16:30:00+00:00,82.119,82.268,81.922,82.187,2317
2026-07-17T17:00:00+00:00,82.187,82.434,81.988,82.353,2492
2026-07-17T17:30:00+00:00,82.353,82.567,82.213,82.448,3256
2026-07-17T18:00:00+00:00,82.448,82.749,82.288,82.367,5015
2026-07-17T18:30:00+00:00,82.367,82.394,82.059,82.102,2182
2026-07-17T19:00:00+00:00,82.102,82.169,82.012,82.079,1356
2026-07-17T19:30:00+00:00,82.079,82.154,81.787,82.123,2199
2026-07-17T20:00:00+00:00,82.123,82.469,82.027,82.454,1138
2026-07-17T20:30:00+00:00,82.454,82.559,82.323,82.552,894
2026-07-19T22:00:00+00:00,82.552,83.25600000000001,82.41100000000002,83.25600000000001,4099.955635161201
2026-07-19T22:30:00+00:00,83.25600000000001,83.26800000000001,82.67200000000001,82.69200000000002,1764
2026-07-19T23:00:00+00:00,82.69200000000002,82.85800000000002,82.48300000000002,82.64800000000001,1200
2026-07-19T23:30:00+00:00,82.64800000000001,82.70800000000001,82.42200000000001,82.53300000000002,971
2026-07-20T00:00:00+00:00,82.53300000000002,82.57600000000002,82.20200000000001,82.38600000000001,2257
2026-07-20T00:30:00+00:00,82.38600000000001,82.45800000000001,82.18800000000002,82.23800000000001,1432
2026-07-20T01:00:00+00:00,82.23800000000001,82.34300000000002,82.02100000000002,82.22100000000002,5573
2026-07-20T01:30:00+00:00,82.22100000000002,82.49800000000002,82.14100000000002,82.34600000000002,3249
2026-07-20T02:00:00+00:00,82.34600000000002,82.50600000000001,82.08100000000002,82.25300000000001,2088
2026-07-20T02:30:00+00:00,82.25300000000001,82.32800000000002,81.95600000000002,81.98100000000002,3170
2026-07-20T03:00:00+00:00,81.98100000000002,82.29200000000002,81.96100000000001,82.17100000000002,1716
2026-07-20T03:30:00+00:00,82.17100000000002,82.31700000000002,82.15600000000002,82.29200000000002,681
2026-07-20T04:00:00+00:00,82.29200000000002,82.43800000000002,82.25600000000001,82.34100000000002,552
2026-07-20T04:30:00+00:00,82.34100000000002,82.34700000000002,82.12300000000002,82.20800000000001,834
2026-07-20T05:00:00+00:00,82.20800000000001,82.35800000000002,82.08700000000002,82.35300000000002,1001
2026-07-20T05:30:00+00:00,82.35300000000002,82.50600000000001,82.14200000000001,82.45300000000002,2594
2026-07-20T06:00:00+00:00,82.45300000000002,82.84800000000001,82.37600000000002,82.45700000000002,3351
2026-07-20T06:30:00+00:00,82.45700000000002,82.76800000000001,82.36700000000002,82.58100000000002,3267
2026-07-20T07:00:00+00:00,82.58100000000002,82.82300000000002,81.75300000000001,81.82700000000001,5093
2026-07-20T07:30:00+00:00,81.82700000000001,81.87600000000002,80.68600000000002,80.78100000000002,9117
2026-07-20T08:00:00+00:00,80.78100000000002,80.78100000000002,79.92200000000001,80.14700000000002,8128
2026-07-20T08:30:00+00:00,80.14700000000002,80.22300000000001,79.77300000000001,80.09600000000002,6296
2026-07-20T09:00:00+00:00,80.09600000000002,80.24800000000002,79.66700000000002,79.87600000000002,4749
2026-07-20T09:30:00+00:00,79.87600000000002,79.95800000000001,79.53200000000001,79.79700000000001,4286
2026-07-20T10:00:00+00:00,79.79700000000001,80.10300000000002,79.75200000000001,80.04600000000002,3143
2026-07-20T10:30:00+00:00,80.04600000000002,80.40800000000002,80.01100000000001,80.20800000000001,2877
2026-07-20T11:00:00+00:00,80.20800000000001,80.29800000000002,79.97100000000002,80.16600000000001,3143
2026-07-20T11:30:00+00:00,80.16600000000001,80.16800000000002,78.19100000000002,78.85700000000001,14481
2026-07-20T12:00:00+00:00,78.85700000000001,80.54700000000001,78.83200000000002,80.41100000000002,9970
2026-07-20T12:30:00+00:00,80.41100000000002,80.73100000000002,80.15100000000001,80.46700000000001,6910
2026-07-20T13:00:00+00:00,80.46700000000001,80.57100000000001,79.74700000000001,79.92600000000002,8948
2026-07-20T13:30:00+00:00,79.92600000000002,80.37200000000001,79.68600000000002,80.30300000000001,6796
2026-07-20T14:00:00+00:00,80.30300000000001,80.62700000000001,80.07600000000002,80.12800000000001,5857
2026-07-20T14:30:00+00:00,80.12800000000001,80.68300000000002,79.88800000000002,80.60600000000002,5859
2026-07-20T15:00:00+00:00,80.60600000000002,80.71200000000002,79.72600000000001,80.00600000000001,8825
2026-07-20T15:30:00+00:00,80.00600000000001,80.25100000000002,79.87300000000002,80.17800000000001,4678
2026-07-20T16:00:00+00:00,80.17800000000001,80.22200000000002,79.79200000000002,80.21800000000002,3314
2026-07-20T16:30:00+00:00,80.21800000000002,81.03300000000002,80.16200000000002,80.50100000000002,6668
2026-07-20T17:00:00+00:00,80.50100000000002,80.66700000000002,80.27700000000002,80.41200000000002,3523
2026-07-20T17:30:00+00:00,80.41200000000002,80.99200000000002,80.41200000000002,80.85100000000001,4531
2026-07-20T18:00:00+00:00,80.85100000000001,81.26800000000001,80.46100000000001,81.23700000000002,5593
2026-07-20T18:30:00+00:00,81.23700000000002,81.77600000000001,81.20300000000002,81.53300000000002,3325
2026-07-20T19:00:00+00:00,81.53300000000002,81.73700000000002,80.93200000000002,81.05200000000002,2337
2026-07-20T19:30:00+00:00,81.05200000000002,81.10200000000002,80.70300000000002,80.89300000000001,3703
2026-07-20T20:00:00+00:00,80.89300000000001,81.04300000000002,80.83200000000002,80.98200000000001,1222
2026-07-20T20:30:00+00:00,80.98200000000001,81.06700000000002,80.89200000000001,80.96200000000002,1089
2026-07-20T22:00:00+00:00,80.96200000000002,80.97800000000002,80.38700000000001,80.51400000000002,439.0080273524602
2026-07-20T22:30:00+00:00,80.51400000000002,80.60400000000003,80.44300000000003,80.56200000000003,366
2026-07-20T23:00:00+00:00,80.56200000000003,82.519,80.44700000000002,82.499,290
2026-07-20T23:30:00+00:00,82.499,82.594,82.417,82.473,210
2026-07-21T00:00:00+00:00,82.473,82.527,82.302,82.512,1122
2026-07-21T00:30:00+00:00,82.512,82.529,82.374,82.484,594
2026-07-21T01:00:00+00:00,82.484,82.519,81.934,82.139,3342
2026-07-21T01:30:00+00:00,82.139,82.447,82.087,82.403,1745
2026-07-21T02:00:00+00:00,82.403,82.414,82.202,82.348,922
2026-07-21T02:30:00+00:00,82.348,82.518,82.107,82.133,1463
2026-07-21T03:00:00+00:00,82.133,82.378,82.082,82.268,1323
2026-07-21T03:30:00+00:00,82.268,82.303,82.117,82.157,853
2026-07-21T04:00:00+00:00,82.157,82.173,81.903,82.128,788
2026-07-21T04:30:00+00:00,82.128,82.229,82.062,82.113,407
2026-07-21T05:00:00+00:00,82.113,82.388,82.082,82.308,790
2026-07-21T05:30:00+00:00,82.308,82.319,81.797,82.032,2451
2026-07-21T06:00:00+00:00,82.032,82.229,81.908,81.919,2923
2026-07-21T06:30:00+00:00,81.919,82.299,81.887,82.297,2878
2026-07-21T07:00:00+00:00,82.297,82.869,82.232,82.857,3273
2026-07-21T07:30:00+00:00,82.857,83.024,81.873,81.884,4877
2026-07-21T08:00:00+00:00,81.884,82.042,81.377,81.922,6848
2026-07-21T08:30:00+00:00,81.922,82.424,81.868,82.229,4520
2026-07-21T09:00:00+00:00,82.229,82.919,81.933,82.903,3733
2026-07-21T09:30:00+00:00,82.903,83.354,82.612,83.244,4719
2026-07-21T10:00:00+00:00,83.244,83.244,82.284,82.853,6838
2026-07-21T10:30:00+00:00,82.853,83.359,82.658,83.244,5296
2026-07-21T11:00:00+00:00,83.244,83.704,83.184,83.617,4234
2026-07-21T11:30:00+00:00,83.617,83.984,83.477,83.857,4152
2026-07-21T12:00:00+00:00,83.857,84.129,83.317,84.092,5996
2026-07-21T12:30:00+00:00,84.092,84.397,83.917,84.117,6278
2026-07-21T13:00:00+00:00,84.117,84.644,84.053,84.587,7431
2026-07-21T13:30:00+00:00,84.587,84.919,84.269,84.372,6726
2026-07-21T14:00:00+00:00,84.372,84.662,84.178,84.603,5830
2026-07-21T14:30:00+00:00,84.603,85.008,84.074,84.699,7292
2026-07-21T15:00:00+00:00,84.699,84.823,83.728,84.537,8878
2026-07-21T15:30:00+00:00,84.537,84.769,84.332,84.493,5668
2026-07-21T16:00:00+00:00,84.493,84.529,84.078,84.312,4481
2026-07-21T16:30:00+00:00,84.312,84.544,84.168,84.372,3003
2026-07-21T17:00:00+00:00,84.372,84.478,84.017,84.178,2593
2026-07-21T17:30:00+00:00,84.178,84.484,84.169,84.337,2472
2026-07-21T18:00:00+00:00,84.337,84.378,83.949,84.352,5127
2026-07-21T18:30:00+00:00,84.352,84.549,84.098,84.499,2327
2026-07-21T19:00:00+00:00,84.499,84.669,84.432,84.619,1630
2026-07-21T19:30:00+00:00,84.619,84.739,84.512,84.637,1422
2026-07-21T20:00:00+00:00,84.637,84.719,84.457,84.489,942
2026-07-21T20:30:00+00:00,84.489,84.554,84.304,84.538,1136
2026-07-21T22:00:00+00:00,84.538,84.664,84.538,84.633,263.1177165354331
2026-07-21T22:30:00+00:00,84.633,84.773,84.627,84.699,210
2026-07-21T23:00:00+00:00,84.699,84.704,84.628,84.674,158
2026-07-21T23:30:00+00:00,84.674,84.892,84.639,84.768,349
2026-07-22T00:00:00+00:00,84.768,84.768,84.527,84.702,1362
2026-07-22T00:30:00+00:00,84.702,84.798,84.452,84.639,1212
2026-07-22T01:00:00+00:00,84.639,85.729,84.559,85.459,4756
2026-07-22T01:30:00+00:00,85.459,85.724,85.424,85.579,2877
2026-07-22T02:00:00+00:00,85.579,85.628,85.152,85.268,2497
2026-07-22T02:30:00+00:00,85.268,85.273,84.898,85.042,2965
2026-07-22T03:00:00+00:00,85.042,85.289,85.022,85.157,1922
2026-07-22T03:30:00+00:00,85.157,85.333,85.127,85.328,935
2026-07-22T04:00:00+00:00,85.328,85.404,85.203,85.247,987
2026-07-22T04:30:00+00:00,85.247,85.438,85.227,85.412,995
2026-07-22T05:00:00+00:00,85.412,85.539,85.328,85.378,929
2026-07-22T05:30:00+00:00,85.378,85.442,85.007,85.129,3151
2026-07-22T06:00:00+00:00,85.129,86.123,85.029,86.012,4701
2026-07-22T06:30:00+00:00,86.012,86.364,85.882,86.119,4208
2026-07-22T07:00:00+00:00,86.119,86.777,86.104,86.729,4760
2026-07-22T07:30:00+00:00,86.729,87.839,86.668,87.678,8350
2026-07-22T08:00:00+00:00,87.678,87.699,87.128,87.358,8252
2026-07-22T08:30:00+00:00,87.358,87.778,87.134,87.602,5924
2026-07-22T09:00:00+00:00,87.602,88.064,87.319,87.992,7035
2026-07-22T09:30:00+00:00,87.992,88.594,87.783,88.428,6946
2026-07-22T10:00:00+00:00,88.428,88.442,86.903,86.978,8131
2026-07-22T10:30:00+00:00,86.978,87.413,86.903,87.159,6428
2026-07-22T11:00:00+00:00,87.159,87.477,87.154,87.387,3960
2026-07-22T11:30:00+00:00,87.387,87.823,87.004,87.333,6762
2026-07-22T12:00:00+00:00,87.333,87.534,86.722,86.768,5195
2026-07-22T12:30:00+00:00,86.768,87.664,86.532,87.208,6916
2026-07-22T13:00:00+00:00,87.208,87.353,86.134,86.339,9810
2026-07-22T13:30:00+00:00,86.339,86.988,86.153,86.932,7000
2026-07-22T14:00:00+00:00,86.932,87.147,86.714,87.088,5133
2026-07-22T14:30:00+00:00,87.088,87.123,86.407,86.689,6695
2026-07-22T15:00:00+00:00,86.689,87.303,86.548,86.778,6309
2026-07-22T15:30:00+00:00,86.778,86.859,85.767,86.003,6705
2026-07-22T16:00:00+00:00,86.003,86.403,85.908,86.387,3979
2026-07-22T16:30:00+00:00,86.387,86.528,86.099,86.298,3011
2026-07-22T17:00:00+00:00,86.298,86.898,86.298,86.703,3278
2026-07-22T17:30:00+00:00,86.703,86.919,86.648,86.794,2696
2026-07-22T18:00:00+00:00,86.794,87.054,86.627,86.832,4990
2026-07-22T18:30:00+00:00,86.832,87.074,86.832,87.043,2166
2026-07-22T19:00:00+00:00,87.043,87.139,86.862,86.869,1357
2026-07-22T19:30:00+00:00,86.869,86.889,86.438,86.497,1685
2026-07-22T20:00:00+00:00,86.497,86.514,86.209,86.384,2170
2026-07-22T20:30:00+00:00,86.384,86.652,86.353,86.469,1916
2026-07-22T22:00:00+00:00,86.469,88.433,86.469,88.284,1657.0802464909277
2026-07-22T22:30:00+00:00,88.284,88.459,87.918,88.065,851
2026-07-22T23:00:00+00:00,88.065,88.108,87.89,87.89,456
2026-07-22T23:30:00+00:00,87.89,88.07300000000001,87.84400000000001,87.924,373
2026-07-23T00:00:00+00:00,87.924,88.498,87.483,88.14800000000001,3004
2026-07-23T00:30:00+00:00,88.14800000000001,88.385,87.92500000000001,88.083,1599
2026-07-23T01:00:00+00:00,88.083,88.63900000000001,87.935,88.583,4368
2026-07-23T01:30:00+00:00,88.583,88.74000000000001,88.04400000000001,88.21300000000001,3367
2026-07-23T02:00:00+00:00,88.21300000000001,88.348,88.15400000000001,88.313,1894
2026-07-23T02:30:00+00:00,88.313,88.583,88.153,88.363,2020
2026-07-23T03:00:00+00:00,88.363,88.784,88.313,88.60000000000001,2045
2026-07-23T03:30:00+00:00,88.60000000000001,88.644,88.42800000000001,88.513,1008
2026-07-23T04:00:00+00:00,88.513,88.58,88.21300000000001,88.25,1051
2026-07-23T04:30:00+00:00,88.25,88.385,88.043,88.24000000000001,1133
2026-07-23T05:00:00+00:00,88.24000000000001,88.519,88.108,88.108,1089
2026-07-23T05:30:00+00:00,88.108,88.485,87.768,88.4,3530
2026-07-23T06:00:00+00:00,88.4,88.42,88.043,88.36500000000001,2935
2026-07-23T06:30:00+00:00,88.36500000000001,88.89,88.333,88.74300000000001,3733
2026-07-23T07:00:00+00:00,88.74300000000001,89.715,88.708,89.34,5941
2026-07-23T07:30:00+00:00,89.34,89.95,89.23400000000001,89.42500000000001,6177
2026-07-23T08:00:00+00:00,89.42500000000001,89.635,89.034,89.34400000000001,7081
2026-07-23T08:30:00+00:00,89.34400000000001,89.83800000000001,89.33800000000001,89.62400000000001,5723
2026-07-23T09:00:00+00:00,89.62400000000001,90.465,89.35300000000001,90.275,5910
2026-07-23T09:30:00+00:00,90.275,90.44500000000001,89.933,90.325,5837
2026-07-23T10:00:00+00:00,90.325,90.699,89.97800000000001,90.664,4521
2026-07-23T10:30:00+00:00,90.664,90.83,90.22500000000001,90.238,4424
2026-07-23T11:00:00+00:00,90.238,90.99000000000001,90.21900000000001,90.819,4031
2026-07-23T11:30:00+00:00,90.819,91.259,90.418,90.793,4904
2026-07-23T12:00:00+00:00,90.793,91.48,90.64800000000001,90.955,6187
2026-07-23T12:30:00+00:00,90.955,91.33800000000001,90.62400000000001,90.938,7652
2026-07-23T13:00:00+00:00,90.938,91.7,90.799,91.07000000000001,10379
2026-07-23T13:30:00+00:00,91.07000000000001,92.003,90.85300000000001,91.83800000000001,8086
2026-07-23T14:00:00+00:00,91.83800000000001,92.063,91.095,91.854,7617
2026-07-23T14:30:00+00:00,91.854,92.27000000000001,91.424,92.00800000000001,7070
2026-07-23T15:00:00+00:00,92.00800000000001,92.885,91.85000000000001,92.599,9855
2026-07-23T15:30:00+00:00,92.599,92.885,91.899,91.964,8552
2026-07-23T16:00:00+00:00,91.964,92.47500000000001,91.709,92,6637
2026-07-23T16:30:00+00:00,92,92.674,91.97800000000001,92.43400000000001,4601
2026-07-23T17:00:00+00:00,92.43400000000001,92.894,92.42,92.688,5025
2026-07-23T17:30:00+00:00,92.688,93.384,92.66300000000001,93.349,5522
2026-07-23T18:00:00+00:00,93.349,93.60000000000001,92.123,92.2,9688
2026-07-23T18:30:00+00:00,92.2,92.45400000000001,92.049,92.15400000000001,4654
2026-07-23T19:00:00+00:00,92.15400000000001,92.15400000000001,91.66000000000001,91.72800000000001,3537
2026-07-23T19:30:00+00:00,91.72800000000001,91.964,91.325,91.71300000000001,4118
2026-07-23T20:00:00+00:00,91.71300000000001,92.194,91.53800000000001,92.025,2445
2026-07-23T20:30:00+00:00,92.025,92.52000000000001,91.909,92.48400000000001,2138
2026-07-23T22:00:00+00:00,92.48400000000001,92.72900000000001,92.22200000000001,92.272,764.2850252300386
2026-07-23T22:30:00+00:00,92.272,92.307,92.15200000000002,92.182,318
2026-07-23T23:00:00+00:00,92.182,92.304,92.182,92.239,260
2026-07-23T23:30:00+00:00,92.239,92.62400000000001,92.15700000000001,92.37400000000001,747
2026-07-24T00:00:00+00:00,92.37400000000001,92.91300000000001,92.27900000000001,92.343,3016
2026-07-24T00:30:00+00:00,92.343,92.44900000000001,91.99700000000001,92.004,1457
2026-07-24T01:00:00+00:00,92.004,92.004,91.47300000000001,91.62800000000001,5566
2026-07-24T01:30:00+00:00,91.62800000000001,91.78800000000001,91.26400000000001,91.74700000000001,3953
2026-07-24T02:00:00+00:00,91.74700000000001,91.989,91.70700000000001,91.933,2039
2026-07-24T02:30:00+00:00,91.933,92.14800000000001,91.772,92.013,2412
2026-07-24T03:00:00+00:00,92.013,92.43400000000001,91.96700000000001,92.319,3406
2026-07-24T03:30:00+00:00,92.319,92.49900000000001,92.00200000000001,92.00200000000001,1426
2026-07-24T04:00:00+00:00,92.00200000000001,92.087,91.742,91.77400000000002,1093
2026-07-24T04:30:00+00:00,91.77400000000002,91.84400000000001,91.632,91.75900000000001,1017
2026-07-24T05:00:00+00:00,91.75900000000001,91.95400000000001,91.682,91.822,1042
2026-07-24T05:30:00+00:00,91.822,91.90400000000001,91.272,91.59700000000001,3550
2026-07-24T06:00:00+00:00,91.59700000000001,91.74400000000001,91.197,91.412,3844
2026-07-24T06:30:00+00:00,91.412,91.45700000000001,90.61900000000001,90.67300000000002,5178
2026-07-24T07:00:00+00:00,90.67300000000002,90.84800000000001,90.40200000000002,90.42300000000002,5835
2026-07-24T07:30:00+00:00,90.42300000000002,90.80300000000001,90.25800000000001,90.54700000000001,5029
2026-07-24T08:00:00+00:00,90.54700000000001,90.903,90.153,90.188,8261
2026-07-24T08:30:00+00:00,90.188,90.35300000000001,89.558,89.69800000000001,8017
2026-07-24T09:00:00+00:00,89.69800000000001,89.727,88.86800000000001,89.16700000000002,8400
2026-07-24T09:30:00+00:00,89.16700000000002,89.35400000000001,88.84200000000001,89.12700000000001,6171
2026-07-24T10:00:00+00:00,89.12700000000001,89.882,88.94300000000001,89.73700000000001,5271
2026-07-24T10:30:00+00:00,89.73700000000001,90.26400000000001,89.727,90.004,4511
2026-07-24T11:00:00+00:00,90.004,90.117,89.802,89.94300000000001,3274
2026-07-24T11:30:00+00:00,89.94300000000001,90.21300000000001,89.06200000000001,89.48800000000001,5867
2026-07-24T12:00:00+00:00,89.48800000000001,90.11800000000001,89.33200000000001,89.58900000000001,6839
2026-07-24T12:30:00+00:00,89.58900000000001,89.694,89.06200000000001,89.489,5145
2026-07-24T13:00:00+00:00,89.489,90.653,89.233,90.57400000000001,7405
2026-07-24T13:30:00+00:00,90.57400000000001,90.614,89.79400000000001,90.03200000000001,6630
2026-07-24T14:00:00+00:00,90.03200000000001,90.14900000000002,89.37800000000001,89.572,6893
2026-07-24T14:30:00+00:00,89.572,90.00900000000001,89.39300000000001,89.79400000000001,7215
2026-07-24T15:00:00+00:00,89.79400000000001,90.08900000000001,87.95800000000001,88.16300000000001,15986
2026-07-24T15:30:00+00:00,88.16300000000001,88.78800000000001,87.78800000000001,88.50200000000001,10868
2026-07-24T16:00:00+00:00,88.50200000000001,88.74900000000001,88.27300000000001,88.41900000000001,5287
2026-07-24T16:30:00+00:00,88.41900000000001,88.67200000000001,88.177,88.48200000000001,4802
2026-07-24T17:00:00+00:00,88.48200000000001,89.00300000000001,88.29700000000001,88.95200000000001,4036
2026-07-24T17:30:00+00:00,88.95200000000001,89.29400000000001,88.89200000000001,89.16900000000001,4010
2026-07-24T18:00:00+00:00,89.16900000000001,89.474,88.69200000000001,89.432,6276
2026-07-24T18:30:00+00:00,89.432,89.51400000000001,89.10700000000001,89.468,3153
2026-07-24T19:00:00+00:00,89.468,89.804,89.42200000000001,89.804,1765
2026-07-24T19:30:00+00:00,89.804,89.90200000000002,89.052,89.87200000000001,5500
2026-07-24T20:00:00+00:00,89.87200000000001,90.53200000000001,89.867,90.483,3560
2026-07-24T20:30:00+00:00,90.483,90.61800000000001,90.40800000000002,90.51200000000001,1436
2026-07-26T22:00:00+00:00,90.51200000000001,90.51700000000002,82.42300000000002,83.59300000000002,5695.078569417065
2026-07-26T22:30:00+00:00,83.59300000000002,84.11900000000001,83.51400000000001,84.07800000000002,1864
2026-07-26T23:00:00+00:00,84.07800000000002,84.41200000000002,84.06300000000002,84.22300000000001,1380
2026-07-26T23:30:00+00:00,84.22300000000001,84.25800000000001,83.76800000000001,83.87900000000002,1440
2026-07-27T00:00:00+00:00,83.87900000000002,84.20900000000002,83.32800000000002,83.75900000000001,3586
2026-07-27T00:30:00+00:00,83.75900000000001,84.14800000000001,83.66900000000001,84.04200000000002,1777
2026-07-27T01:00:00+00:00,84.04200000000002,84.70200000000001,83.90200000000002,84.36700000000002,4283
2026-07-27T01:30:00+00:00,84.36700000000002,84.62900000000002,84.20200000000001,84.53200000000001,2628
2026-07-27T02:00:00+00:00,84.53200000000001,84.90800000000002,84.43900000000002,84.89300000000001,1939
2026-07-27T02:30:00+00:00,84.89300000000001,84.96300000000002,84.60700000000001,84.83800000000002,2458
2026-07-27T03:00:00+00:00,84.83800000000002,84.84900000000002,84.48800000000001,84.58400000000002,1948
2026-07-27T03:30:00+00:00,84.58400000000002,84.64200000000001,84.32300000000002,84.48700000000001,1141
2026-07-27T04:00:00+00:00,84.48700000000001,84.48700000000001,84.06300000000002,84.10800000000002,1482
2026-07-27T04:30:00+00:00,84.10800000000002,84.12400000000001,83.75400000000002,84.10800000000002,1586
2026-07-27T05:00:00+00:00,84.10800000000002,84.21900000000001,83.84200000000001,83.91900000000001,1406
2026-07-27T05:30:00+00:00,83.91900000000001,84.13400000000001,83.63700000000001,83.82900000000002,3238
2026-07-27T06:00:00+00:00,83.82900000000002,83.89200000000001,82.74900000000001,83.10700000000001,5724
2026-07-27T06:30:00+00:00,83.10700000000001,83.23300000000002,82.67900000000002,82.73900000000002,5411
2026-07-27T07:00:00+00:00,82.73900000000002,83.44900000000001,82.61200000000001,83.44900000000001,5632
2026-07-27T07:30:00+00:00,83.44900000000001,83.86300000000001,83.18400000000001,83.85700000000001,6690
2026-07-27T08:00:00+00:00,83.85700000000001,84.10900000000001,82.85400000000001,82.95800000000001,10248
2026-07-27T08:30:00+00:00,82.95800000000001,83.21900000000001,82.14300000000001,82.20900000000002,8781
2026-07-27T09:00:00+00:00,82.20900000000002,82.53900000000002,81.84800000000001,82.01200000000001,5946
2026-07-27T09:30:00+00:00,82.01200000000001,82.18800000000002,81.40200000000002,81.60300000000001,7376
2026-07-27T10:00:00+00:00,81.60300000000001,82.81900000000002,81.59300000000002,82.28900000000002,7326
2026-07-27T10:30:00+00:00,82.28900000000002,82.57900000000002,82.21200000000002,82.52900000000001,3334
2026-07-27T11:00:00+00:00,82.52900000000001,83.06900000000002,82.40900000000002,83.06900000000002,4026
2026-07-27T11:30:00+00:00,83.06900000000002,83.19900000000001,82.28700000000002,82.62400000000001,5288
2026-07-27T12:00:00+00:00,82.62400000000001,83.49900000000001,82.62400000000001,83.36200000000001,7209
2026-07-27T12:30:00+00:00,83.36200000000001,83.59900000000002,83.07700000000001,83.27400000000002,6819
2026-07-27T13:00:00+00:00,83.27400000000002,83.80400000000002,83.14200000000001,83.75800000000001,7408
2026-07-27T13:30:00+00:00,83.75800000000001,83.76900000000002,82.95300000000002,83.48700000000001,7185
2026-07-27T14:00:00+00:00,83.48700000000001,83.52900000000001,82.72700000000002,82.92200000000001,6261
2026-07-27T14:30:00+00:00,82.92200000000001,83.07900000000002,82.75800000000001,82.83200000000002,5255
2026-07-27T15:00:00+00:00,82.83200000000002,83.09900000000002,82.28200000000001,82.41800000000002,7595
2026-07-27T15:30:00+00:00,82.41800000000002,82.68400000000001,82.25200000000001,82.64900000000002,5884
2026-07-27T16:00:00+00:00,82.64900000000002,83.03900000000002,82.08800000000002,82.33900000000001,6675
2026-07-27T16:30:00+00:00,82.33900000000001,82.53200000000001,81.59800000000001,82.10900000000001,6889
2026-07-27T17:00:00+00:00,82.10900000000001,82.15300000000002,81.78300000000002,81.92800000000001,4068
2026-07-27T17:30:00+00:00,81.92800000000001,82.26400000000001,81.83900000000001,81.88200000000002,4057
2026-07-27T18:00:00+00:00,81.88200000000002,81.93400000000001,81.26300000000002,81.90200000000002,6287
2026-07-27T18:30:00+00:00,81.90200000000002,82.21200000000002,81.38700000000001,81.39800000000001,3573
2026-07-27T19:00:00+00:00,81.39800000000001,81.70900000000002,81.31400000000002,81.58900000000001,1886
2026-07-27T19:30:00+00:00,81.58900000000001,81.65700000000001,81.16700000000002,81.19400000000002,2026
2026-07-27T20:00:00+00:00,81.19400000000002,81.25900000000001,80.92200000000001,81.11700000000002,1609
2026-07-27T20:30:00+00:00,81.11700000000002,81.33800000000002,80.88700000000001,81.17700000000002,1593
2026-07-27T22:00:00+00:00,81.17700000000002,81.36900000000001,81.13200000000002,81.23400000000001,420.09131328850106
2026-07-27T22:30:00+00:00,81.23400000000001,81.43700000000001,81.01900000000002,81.38800000000002,423
2026-07-27T23:00:00+00:00,81.38800000000002,81.41900000000001,81.27700000000002,81.30400000000002,246
2026-07-27T23:30:00+00:00,81.30400000000002,81.46800000000002,81.29400000000001,81.30700000000002,280
2026-07-28T00:00:00+00:00,81.30700000000002,81.30700000000002,80.69200000000002,80.91700000000002,2415
2026-07-28T00:30:00+00:00,80.91700000000002,81.45400000000002,80.90900000000002,81.37800000000001,1391
2026-07-28T01:00:00+00:00,81.37800000000001,81.49300000000001,80.72300000000001,80.82800000000002,4565
2026-07-28T01:30:00+00:00,80.82800000000002,81.29300000000002,80.80800000000002,80.88900000000001,2769
2026-07-28T02:00:00+00:00,80.88900000000001,81.04700000000001,80.45400000000002,80.55200000000002,2514
2026-07-28T02:30:00+00:00,80.55200000000002,80.58300000000001,79.97300000000001,80.08800000000002,3512
2026-07-28T03:00:00+00:00,80.08800000000002,80.62700000000001,79.87900000000002,80.62400000000001,2634
2026-07-28T03:30:00+00:00,80.62400000000001,80.83900000000001,80.56900000000002,80.83200000000002,1105
2026-07-28T04:00:00+00:00,80.83200000000002,81.18900000000002,80.79400000000001,80.92900000000002,1086
2026-07-28T04:30:00+00:00,80.92900000000002,81.01400000000001,80.83800000000002,80.88800000000002,759
2026-07-28T05:00:00+00:00,80.88800000000002,80.95900000000002,80.73700000000001,80.92800000000001,1050
2026-07-28T05:30:00+00:00,80.92800000000001,81.68400000000001,80.92800000000001,81.39200000000001,4440
2026-07-28T06:00:00+00:00,81.39200000000001,81.58700000000002,81.01200000000001,81.07700000000001,3319
2026-07-28T06:30:00+00:00,81.07700000000001,81.13700000000001,79.89400000000002,80.07300000000002,5477
2026-07-28T07:00:00+00:00,80.07300000000002,80.67400000000002,79.93400000000001,80.52300000000001,5094
2026-07-28T07:30:00+00:00,80.52300000000001,80.78800000000001,79.80900000000001,80.03900000000002,4851
2026-07-28T08:00:00+00:00,80.03900000000002,80.11800000000001,79.54800000000002,79.54800000000002,8911
2026-07-28T08:30:00+00:00,79.54800000000002,79.80900000000001,79.07200000000002,79.45300000000002,6175
2026-07-28T09:00:00+00:00,79.45300000000002,80.48900000000002,79.45300000000002,79.73900000000002,5397
2026-07-28T09:30:00+00:00,79.73900000000002,80.12400000000001,79.67400000000002,79.88300000000001,3255
2026-07-28T10:00:00+00:00,79.88300000000001,80.50400000000002,79.84200000000001,80.43700000000001,2860
2026-07-28T10:30:00+00:00,80.43700000000001,80.73400000000001,80.14800000000001,80.43700000000001,3588
2026-07-28T11:00:00+00:00,80.43700000000001,80.65700000000001,79.96400000000001,80.65400000000001,4132
2026-07-28T11:30:00+00:00,80.65400000000001,81.16900000000001,80.57300000000002,80.97800000000001,3903
2026-07-28T12:00:00+00:00,80.97800000000001,80.99300000000001,80.55800000000002,80.84900000000002,3356
2026-07-28T12:30:00+00:00,80.84900000000002,80.91900000000001,79.89200000000001,80.06400000000002,5040
2026-07-28T13:00:00+00:00,80.06400000000002,80.65900000000002,80.06400000000002,80.46700000000001,5085
2026-07-28T13:30:00+00:00,80.46700000000001,80.90700000000001,79.99700000000001,80.71400000000001,5055
2026-07-28T14:00:00+00:00,80.71400000000001,81.07400000000001,80.33200000000002,80.39800000000001,4636
2026-07-28T14:30:00+00:00,80.39800000000001,80.87900000000002,80.15200000000002,80.70800000000001,5008
2026-07-28T15:00:00+00:00,80.70800000000001,80.83400000000002,78.48300000000002,78.68400000000001,15060
2026-07-28T15:30:00+00:00,78.68400000000001,78.83700000000002,77.54400000000001,77.62400000000001,12269
2026-07-28T16:00:00+00:00,77.62400000000001,77.91300000000001,77.28800000000001,77.50400000000002,8699
2026-07-28T16:30:00+00:00,77.50400000000002,78.10400000000001,77.05200000000002,77.92900000000002,9530
2026-07-28T17:00:00+00:00,77.92900000000002,78.45800000000001,77.61300000000001,78.41800000000002,8579
2026-07-28T17:30:00+00:00,78.41800000000002,78.86900000000001,78.24200000000002,78.69300000000001,5660
2026-07-28T18:00:00+00:00,78.69300000000001,78.69900000000001,78.07300000000002,78.57200000000002,7664
2026-07-28T18:30:00+00:00,78.57200000000002,78.75300000000001,78.21700000000001,78.46700000000001,3396
2026-07-28T19:00:00+00:00,78.46700000000001,78.49700000000001,78.14900000000002,78.17900000000002,1756
2026-07-28T19:30:00+00:00,78.17900000000002,78.41200000000002,78.15300000000002,78.38700000000001,1601
2026-07-28T20:00:00+00:00,78.38700000000001,78.52400000000002,78.22800000000001,78.43300000000002,1920
2026-07-28T20:30:00+00:00,78.43300000000002,78.52400000000002,78.11300000000001,78.36700000000002,2919
2026-07-28T22:00:00+00:00,78.36700000000002,82.09300000000002,78.30700000000003,81.91400000000002,2749.478805535324
2026-07-28T22:30:00+00:00,81.91400000000002,82.43900000000002,81.64700000000002,81.86900000000001,2626
2026-07-28T23:00:00+00:00,81.86900000000001,82.50800000000002,81.67200000000003,81.74400000000001,1720
2026-07-28T23:30:00+00:00,81.74400000000001,81.96900000000002,81.03900000000002,81.09700000000002,1694
2026-07-29T00:00:00+00:00,81.09700000000002,81.53400000000002,80.86900000000001,81.06300000000002,4348
2026-07-29T00:30:00+00:00,81.06300000000002,81.81400000000002,81.05800000000002,81.68800000000002,3260
2026-07-29T01:00:00+00:00,81.68800000000002,82.13200000000002,81.53700000000002,81.66900000000003,6200
2026-07-29T01:30:00+00:00,81.66900000000003,82.27400000000002,81.66300000000003,81.98300000000002,3382
2026-07-29T02:00:00+00:00,81.98300000000002,82.05900000000001,81.66700000000002,81.68200000000002,1777
2026-07-29T02:30:00+00:00,81.68200000000002,81.68200000000002,81.29200000000002,81.53700000000002,2398
2026-07-29T03:00:00+00:00,81.53700000000002,81.82900000000002,81.53400000000002,81.62200000000001,1650
2026-07-29T03:30:00+00:00,81.62200000000001,81.98700000000002,81.61700000000002,81.92900000000002,1247
2026-07-29T04:00:00+00:00,81.92900000000002,81.92900000000002,81.66700000000002,81.66700000000002,1042
2026-07-29T04:30:00+00:00,81.66700000000002,81.67400000000002,81.11900000000001,81.27800000000002,1982
2026-07-29T05:00:00+00:00,81.27800000000002,81.36900000000001,81.03700000000002,81.13400000000001,2238
2026-07-29T05:30:00+00:00,81.13400000000001,81.48800000000001,81.05700000000002,81.45900000000002,3210
2026-07-29T06:00:00+00:00,81.45900000000002,81.65400000000002,81.22800000000002,81.57900000000002,3130
2026-07-29T06:30:00+00:00,81.57900000000002,81.62700000000002,81.02300000000002,81.32300000000002,3531
2026-07-29T07:00:00+00:00,81.32300000000002,81.58800000000002,80.97700000000002,81.43800000000002,4688
2026-07-29T07:30:00+00:00,81.43800000000002,81.54300000000002,80.94300000000001,81.25400000000002,3825
2026-07-29T08:00:00+00:00,81.25400000000002,81.61300000000001,80.93900000000002,81.42200000000003,6463
2026-07-29T08:30:00+00:00,81.42200000000003,81.59300000000002,80.73300000000002,81.10800000000002,4872
2026-07-29T09:00:00+00:00,81.10800000000002,81.37300000000002,80.93200000000002,81.16400000000002,3686
2026-07-29T09:30:00+00:00,81.16400000000002,81.53400000000002,81.09700000000002,81.37200000000001,3676
2026-07-29T10:00:00+00:00,81.37200000000001,82.05700000000002,81.19700000000002,81.94800000000002,5318
2026-07-29T10:30:00+00:00,81.94800000000002,82.50300000000001,81.81700000000002,82.41300000000003,3931
2026-07-29T11:00:00+00:00,82.41300000000003,82.55700000000002,82.05700000000002,82.09900000000002,3295
2026-07-29T11:30:00+00:00,82.09900000000002,82.26400000000002,81.59400000000002,81.76300000000002,4801
2026-07-29T12:00:00+00:00,81.76300000000002,83.86200000000002,81.73200000000001,83.70300000000002,10693
2026-07-29T12:30:00+00:00,83.70300000000002,83.97900000000001,83.26300000000002,83.77700000000002,6879
2026-07-29T13:00:00+00:00,83.77700000000002,84.04900000000002,83.34400000000002,83.55700000000002,7151
2026-07-29T13:30:00+00:00,83.55700000000002,84.16400000000002,83.46700000000001,84.09400000000002,5470
2026-07-29T14:00:00+00:00,84.09400000000002,84.23300000000002,83.56700000000002,84.19800000000002,4925
2026-07-29T14:30:00+00:00,84.19800000000002,84.69400000000002,84.09300000000002,84.59400000000002,6795
2026-07-29T15:00:00+00:00,84.59400000000002,84.79400000000003,84.02700000000002,84.10200000000002,8089
2026-07-29T15:30:00+00:00,84.10200000000002,84.23400000000002,83.59800000000001,84.22800000000002,6224
2026-07-29T16:00:00+00:00,84.22800000000002,84.44400000000002,83.40800000000002,83.41400000000002,6184
2026-07-29T16:30:00+00:00,83.41400000000002,83.91200000000002,83.40300000000002,83.81400000000002,3824
2026-07-29T17:00:00+00:00,83.81400000000002,84.04300000000002,83.58900000000001,83.70900000000002,3649
2026-07-29T17:30:00+00:00,83.70900000000002,83.95900000000002,83.53400000000002,83.80400000000002,3620
2026-07-29T18:00:00+00:00,83.80400000000002,84.13300000000002,83.58400000000002,83.70800000000001,7671
2026-07-29T18:30:00+00:00,83.70800000000001,84.16900000000003,83.54800000000002,83.66400000000002,4489
2026-07-29T19:00:00+00:00,83.66400000000002,83.94400000000002,83.28200000000002,83.88800000000002,4479
2026-07-29T19:30:00+00:00,83.88800000000002,84.47200000000002,83.81400000000002,84.12400000000002,4021
2026-07-29T20:00:00+00:00,84.12400000000002,84.24900000000002,83.82700000000001,84.13900000000002,1876
2026-07-29T20:30:00+00:00,84.13900000000002,84.13900000000002,83.74300000000002,83.88400000000001,1665
2026-07-29T22:00:00+00:00,83.88400000000001,83.89900000000002,83.49700000000001,83.68200000000002,642.3515577761513
2026-07-29T22:30:00+00:00,83.68200000000002,83.73400000000002,83.56200000000003,83.66400000000002,343
2026-07-29T23:00:00+00:00,83.66400000000002,83.96800000000002,83.36400000000002,83.65800000000002,730
2026-07-29T23:30:00+00:00,83.65800000000002,83.72400000000002,83.40200000000002,83.44200000000002,515
2026-07-30T00:00:00+00:00,83.44200000000002,83.53200000000002,82.46200000000002,83.20200000000001,4043
2026-07-30T00:30:00+00:00,83.20200000000001,83.84900000000002,83.12700000000002,83.77400000000002,2616
2026-07-30T01:00:00+00:00,83.77400000000002,83.77400000000002,82.98700000000002,83.22200000000002,4772
2026-07-30T01:30:00+00:00,83.22200000000002,83.29300000000002,82.88200000000002,83.03800000000003,3078
2026-07-30T02:00:00+00:00,83.03800000000003,83.04300000000002,82.67400000000002,82.69400000000002,1664
2026-07-30T02:30:00+00:00,82.69400000000002,82.94900000000001,82.48700000000002,82.66900000000003,3027
2026-07-30T03:00:00+00:00,82.66900000000003,82.87800000000001,82.47200000000002,82.85700000000001,1937
2026-07-30T03:30:00+00:00,82.85700000000001,82.99700000000001,82.74300000000002,82.87700000000002,1126
2026-07-30T04:00:00+00:00,82.87700000000002,83.10900000000002,82.86200000000002,83.01400000000002,715
2026-07-30T04:30:00+00:00,83.01400000000002,83.39700000000002,82.89900000000002,83.30700000000002,1285
2026-07-30T05:00:00+00:00,83.30700000000002,84.02700000000002,83.20900000000002,83.78800000000003,2660
2026-07-30T05:30:00+00:00,83.78800000000003,84.63800000000002,83.77300000000002,84.47900000000001,6465
2026-07-30T06:00:00+00:00,84.47900000000001,85.12400000000002,84.32700000000001,85.06900000000002,6898
2026-07-30T06:30:00+00:00,85.06900000000002,85.13900000000002,84.55200000000002,84.55300000000003,4722
2026-07-30T07:00:00+00:00,84.55300000000003,84.63900000000002,83.83700000000002,84.54800000000002,6699
2026-07-30T07:30:00+00:00,84.54800000000002,85.17700000000002,84.18200000000002,84.40800000000002,5260
2026-07-30T08:00:00+00:00,84.40800000000002,84.60700000000001,83.87400000000002,84.18700000000003,7919
2026-07-30T08:30:00+00:00,84.18700000000003,84.46500000000003,83.69500000000004,84.12100000000002,4835
2026-07-30T09:00:00+00:00,84.12100000000002,84.22000000000003,83.23400000000002,83.41900000000003,6770
2026-07-30T09:30:00+00:00,83.41900000000003,83.88100000000003,83.29600000000003,83.84900000000003,4290
2026-07-30T10:00:00+00:00,83.84900000000003,84.02600000000002,83.49400000000003,83.60900000000002,3795
2026-07-30T10:30:00+00:00,83.60900000000002,83.65500000000003,82.65400000000002,83.14100000000003,5620
2026-07-30T11:00:00+00:00,83.14100000000003,83.30400000000003,82.87100000000002,83.04100000000003,3809
2026-07-30T11:30:00+00:00,83.04100000000003,83.10100000000003,82.67000000000003,82.92400000000004,4066
2026-07-30T12:00:00+00:00,82.92400000000004,83.77100000000003,82.78600000000003,83.63400000000003,4438
2026-07-30T12:30:00+00:00,83.63400000000003,83.88000000000002,83.02400000000003,83.86600000000003,4935
2026-07-30T13:00:00+00:00,83.86600000000003,83.89000000000003,82.38100000000003,82.86100000000003,8897
2026-07-30T13:30:00+00:00,82.86100000000003,83.29900000000004,82.70400000000004,83.13600000000002,4722
2026-07-30T14:00:00+00:00,83.13600000000002,83.66100000000003,83.01900000000003,83.35500000000003,7401
2026-07-30T14:30:00+00:00,83.35500000000003,83.84400000000002,83.34100000000002,83.59500000000003,5432
2026-07-30T15:00:00+00:00,83.59500000000003,84.23900000000003,83.45400000000004,83.69400000000003,7349
2026-07-30T15:30:00+00:00,83.69400000000003,83.90900000000003,82.97500000000002,83.45000000000003,5158
2026-07-30T16:00:00+00:00,83.45000000000003,83.66000000000003,82.89100000000003,82.99100000000003,3985
2026-07-30T16:30:00+00:00,82.99100000000003,83.49900000000002,82.93500000000003,83.47400000000003,3199
2026-07-30T17:00:00+00:00,83.47400000000003,83.57400000000003,83.11900000000003,83.23500000000003,3419
2026-07-30T17:30:00+00:00,83.23500000000003,83.77600000000002,83.03400000000003,83.46000000000004,4385
2026-07-30T18:00:00+00:00,83.46000000000004,83.67100000000003,82.86500000000002,82.93100000000003,6468
2026-07-30T18:30:00+00:00,82.93100000000003,83.18900000000004,82.86900000000003,82.91000000000003,2800
2026-07-30T19:00:00+00:00,82.91000000000003,83.12600000000003,82.85400000000003,82.92100000000003,1541
2026-07-30T19:30:00+00:00,82.92100000000003,83.21100000000003,82.83400000000003,83.04900000000004,1575
2026-07-30T20:00:00+00:00,83.04900000000004,83.55000000000003,82.98600000000003,83.49400000000003,1326
2026-07-30T20:30:00+00:00,83.49400000000003,83.59600000000003,83.25900000000003,83.34100000000002,1403
2026-07-30T22:00:00+00:00,83.34100000000002,83.74000000000004,83.30000000000003,83.60600000000004,477.37444825895045
2026-07-30T22:30:00+00:00,83.60600000000004,83.60600000000004,83.37900000000003,83.49100000000003,245
2026-07-30T23:00:00+00:00,83.49100000000003,84.059,83.35600000000004,84.039,177
2026-07-30T23:30:00+00:00,84.039,84.097,83.963,84.049,181
2026-07-31T00:00:00+00:00,84.049,84.168,83.944,84.099,1109
2026-07-31T00:30:00+00:00,84.099,84.119,83.509,83.529,1212
2026-07-31T01:00:00+00:00,83.529,83.529,82.302,82.764,5643
2026-07-31T01:30:00+00:00,82.764,82.869,82.262,82.469,3100
2026-07-31T02:00:00+00:00,82.469,82.469,81.657,82.159,3525
2026-07-31T02:30:00+00:00,82.159,82.434,82.042,82.259,2315
2026-07-31T03:00:00+00:00,82.259,82.354,82.048,82.189,1834
2026-07-31T03:30:00+00:00,82.189,82.478,82.107,82.319,1524
2026-07-31T04:00:00+00:00,82.319,82.374,82.002,82.144,1504
2026-07-31T04:30:00+00:00,82.144,82.169,81.613,81.644,1841
2026-07-31T05:00:00+00:00,81.644,81.972,81.529,81.637,2269
2026-07-31T05:30:00+00:00,81.637,81.674,81.193,81.673,4077
2026-07-31T06:00:00+00:00,81.673,82.207,81.592,82.003,3618
2026-07-31T06:30:00+00:00,82.003,82.114,81.772,82.007,2695
2026-07-31T07:00:00+00:00,82.007,82.589,81.987,82.538,4199
2026-07-31T07:30:00+00:00,82.538,82.659,82.043,82.154,4282
2026-07-31T08:00:00+00:00,82.154,82.717,81.917,82.713,6194
2026-07-31T08:30:00+00:00,82.713,82.862,82.214,82.562,4371
2026-07-31T09:00:00+00:00,82.562,83.202,82.532,82.847,6129
2026-07-31T09:30:00+00:00,82.847,83.768,82.817,83.704,4616
2026-07-31T10:00:00+00:00,83.704,84.157,83.704,84.082,3918
2026-07-31T10:30:00+00:00,84.082,84.463,83.972,84.278,3653
2026-07-31T11:00:00+00:00,84.278,84.894,84.087,84.769,6378
2026-07-31T11:30:00+00:00,84.769,85.074,84.617,84.857,5534
2026-07-31T12:00:00+00:00,84.857,85.478,84.857,85.212,4397
2026-07-31T12:30:00+00:00,85.212,86.029,84.942,85.859,5969
2026-07-31T13:00:00+00:00,85.859,85.959,85.253,85.457,7798
2026-07-31T13:30:00+00:00,85.457,85.893,85.279,85.497,5379
2026-07-31T14:00:00+00:00,85.497,85.543,84.768,85.228,5018
2026-07-31T14:30:00+00:00,85.228,85.904,85.187,85.767,4386
2026-07-31T15:00:00+00:00,85.767,85.964,85.352,85.517,5599
2026-07-31T15:30:00+00:00,85.517,85.578,83.969,84.062,7857
2026-07-31T16:00:00+00:00,84.062,84.748,84.044,84.503,5746
2026-07-31T16:30:00+00:00,84.503,84.823,84.497,84.699,3496
2026-07-31T17:00:00+00:00,84.699,85.079,84.512,84.758,4415
2026-07-31T17:30:00+00:00,84.758,85.079,84.617,84.669,4600
2026-07-31T18:00:00+00:00,84.669,85.133,84.517,84.552,7521
2026-07-31T18:30:00+00:00,84.552,84.709,84.468,84.589,2582
2026-07-31T19:00:00+00:00,84.589,84.924,84.528,84.789,1626
2026-07-31T19:30:00+00:00,84.789,84.863,84.692,84.737,1786
2026-07-31T20:00:00+00:00,84.737,84.777,84.449,84.598,1614
2026-07-31T20:30:00+00:00,84.598,84.774,84.453,84.589,1005
